P	reserves	occupied	solved	result	value	nodes	us
9	0	9	1	1	1	2	0
9	0	9	1	0	0	2	0
9	0	9	1	1	1	2	0
9	0	9	1	0	0	2	0
9	0	9	1	1	1	2	0
9	0	9	1	1	1	2	0
9	0	9	1	1	1	2	0
10	0	10	1	1	1	2	0
10	0	10	1	0	0	3	0
10	0	10	1	1	1	2	0
10	0	10	1	0	0	2	0
10	0	10	1	0	0	2	0
10	0	10	1	1	1	2	0
10	0	10	1	0	0	2	0
10	0	10	1	1	1	2	0
10	1	8	1	1	1	3	0
10	0	10	1	1	1	3	0
10	0	10	1	0	0	2	0
10	0	10	1	0	0	2	0
10	1	8	1	1	1	2	0
10	1	8	1	1	1	3	0
10	0	10	1	0	0	2	0
10	1	8	1	1	1	3	0
10	0	10	1	0	0	3	0
10	1	8	1	1	1	2	0
10	0	10	1	1	1	2	0
10	0	10	1	0	0	2	0
10	1	8	1	1	1	2	0
10	0	10	1	1	1	2	0
10	0	10	1	-1	-1	3	0
10	0	10	1	1	1	2	0
10	1	8	1	1	1	2	0
10	0	10	1	0	0	2	0
10	0	10	1	-1	-1	3	0
10	0	10	1	1	1	2	0
10	0	10	1	0	0	3	0
10	1	8	1	1	1	2	0
10	0	10	1	0	0	2	0
10	0	10	1	0	0	2	0
10	0	10	1	0	0	2	0
10	0	10	1	1	1	2	0
10	0	10	1	1	1	2	0
10	0	10	1	0	0	2	0
10	0	10	1	1	1	2	0
10	0	10	1	0	0	2	0
10	0	10	1	1	1	2	0
10	0	10	1	0	0	2	0
10	1	8	1	1	1	3	0
10	0	10	1	1	1	2	0
10	0	10	1	0	0	2	0
10	1	8	1	1	1	2	0
10	0	10	1	0	0	2	0
10	1	8	1	1	1	2	0
10	1	8	1	1	1	2	0
10	0	10	1	1	1	2	0
10	0	10	1	1	1	2	0
10	1	8	1	1	1	2	0
10	0	10	1	0	0	2	0
10	0	10	1	1	1	2	0
10	0	10	1	0	0	2	0
10	1	8	1	1	1	2	0
10	0	10	1	1	1	3	0
10	0	10	1	0	0	2	0
10	0	10	1	0	0	2	0
10	1	8	1	1	1	2	0
10	1	8	1	1	1	2	0
10	0	10	1	0	0	2	0
10	0	10	1	0	0	2	0
10	1	8	1	1	1	3	0
10	0	10	1	0	0	2	0
10	1	8	1	1	1	2	0
10	1	8	1	1	1	2	0
10	1	8	1	1	1	2	0
10	0	10	1	0	0	2	0
10	0	10	1	0	0	2	0
10	0	10	1	-1	-1	3	0
10	0	10	1	0	0	2	0
10	0	10	1	1	1	2	0
10	0	10	1	0	0	2	0
10	0	10	1	1	1	2	0
10	0	10	1	1	1	2	0
10	0	10	1	1	1	2	0
10	0	10	1	1	1	4	0
10	0	10	1	1	1	2	0
10	0	10	1	1	1	2	0
10	0	10	1	0	0	2	0
10	1	8	1	1	1	3	0
10	1	8	1	1	1	2	0
10	0	10	1	0	0	2	0
10	0	10	1	1	1	3	0
10	1	8	1	1	1	2	0
10	0	10	1	0	0	2	0
10	1	8	1	1	1	5	0
10	0	10	1	0	0	2	0
10	1	8	1	1	1	2	0
10	1	8	1	1	1	2	0
10	1	8	1	1	1	3	0
10	0	10	1	1	1	2	0
10	0	10	1	1	1	2	0
10	1	8	1	1	1	2	0
10	0	10	1	1	1	2	0
10	0	10	1	1	1	2	0
10	1	8	1	1	1	4	0
10	0	10	1	1	1	2	0
10	0	10	1	1	1	2	0
10	1	8	1	1	1	2	0
10	0	10	1	-1	-1	3	0
10	1	8	1	1	1	2	0
10	1	8	1	1	1	2	0
10	0	10	1	1	1	2	0
10	0	10	1	1	1	2	0
10	0	10	1	1	1	2	0
10	0	10	1	1	1	2	0
10	1	8	1	1	1	2	0
10	0	10	1	1	1	2	0
10	0	10	1	1	1	2	0
10	1	8	1	1	1	3	0
10	0	10	1	0	0	2	0
10	0	10	1	1	1	2	0
10	1	8	1	1	1	2	0
10	0	10	1	1	1	2	0
10	1	8	1	1	1	2	0
10	0	10	1	0	0	2	0
10	0	10	1	1	1	2	0
10	0	10	1	0	0	2	0
10	0	10	1	1	1	2	0
10	0	10	1	0	0	3	0
10	0	10	1	0	0	2	0
10	0	10	1	0	0	2	0
10	0	10	1	1	1	2	0
10	0	10	1	0	0	2	0
10	0	10	1	1	1	2	0
10	1	8	1	1	1	2	0
10	1	8	1	1	1	2	0
10	0	10	1	1	1	2	0
10	0	10	1	0	0	3	0
10	1	8	1	1	1	2	0
10	1	8	1	1	1	2	0
10	0	10	1	1	1	2	0
10	1	8	1	1	1	2	0
10	0	10	1	1	1	2	0
10	0	10	1	1	1	2	0
10	0	10	1	1	1	2	0
10	1	8	1	1	1	2	0
10	0	10	1	0	0	2	0
10	0	10	1	1	1	2	0
10	0	10	1	1	1	2	0
10	0	10	1	1	1	2	0
10	0	10	1	1	1	4	0
10	1	8	1	1	1	3	0
10	0	10	1	0	0	2	0
10	0	10	1	0	0	2	0
10	0	10	1	0	0	2	0
10	1	8	1	1	1	2	0
10	1	8	1	1	1	5	0
10	0	10	1	1	1	2	0
10	0	10	1	1	1	2	0
10	0	10	1	0	0	2	0
10	0	10	1	0	0	2	0
10	0	10	1	0	0	2	0
10	0	10	1	0	0	3	0
10	0	10	1	1	1	2	0
10	1	8	1	1	1	2	0
10	0	10	1	0	0	2	0
10	0	10	1	0	0	2	0
10	1	8	1	1	1	3	0
10	0	10	1	1	1	2	0
10	0	10	1	-1	-1	3	0
10	0	10	1	0	0	2	0
10	1	8	1	1	1	3	0
10	0	10	1	0	0	2	0
11	0	11	1	1	1	2	0
11	0	11	1	1	1	2	0
11	1	9	1	1	1	2	0
11	0	11	1	0	0	2	0
11	0	11	1	1	1	2	0
11	1	9	1	1	1	4	0
11	1	9	1	-1	-1	3	0
11	1	9	1	1	1	2	0
11	1	9	1	1	1	2	0
11	0	11	1	-1	-1	3	0
11	1	9	1	1	1	4	0
11	0	11	1	1	1	2	0
11	1	9	1	1	1	5	0
11	1	9	1	1	1	2	0
11	1	9	1	1	1	2	0
11	0	11	1	-1	-1	3	0
11	0	11	1	0	0	2	0
11	1	9	1	1	1	2	0
11	0	11	1	0	0	3	0
11	1	9	1	1	1	3	0
11	1	9	1	0	0	3	0
11	1	9	1	1	1	2	0
11	0	11	1	0	0	2	0
11	1	9	1	1	1	2	0
11	1	9	1	1	1	2	0
11	0	11	1	-1	-1	5	0
11	0	11	1	1	1	2	0
11	1	9	1	1	1	2	0
11	0	11	1	1	1	2	0
11	0	11	1	1	1	2	0
11	1	9	1	-1	-1	3	0
11	1	9	1	-1	-1	3	0
11	0	11	1	1	1	2	0
11	1	9	1	-1	-1	3	0
11	0	11	1	1	1	2	0
11	0	11	1	1	1	2	0
11	0	11	1	-1	-1	5	0
11	1	9	1	1	1	2	0
11	0	11	1	1	1	2	0
11	1	9	1	1	1	7	0
11	1	9	1	1	1	2	0
11	1	9	1	1	1	3	0
11	1	9	1	1	1	2	0
11	0	11	1	0	0	2	0
11	1	9	1	1	1	2	0
11	0	11	1	0	0	3	0
11	1	9	1	1	1	2	0
11	0	11	1	1	1	2	0
11	1	9	1	1	1	2	0
11	1	9	1	1	1	2	0
11	0	11	1	0	0	2	0
11	0	11	1	0	0	2	0
11	0	11	1	0	0	3	0
11	1	9	1	1	1	3	0
11	1	9	1	1	1	4	0
11	0	11	1	-1	-1	3	0
11	1	9	1	1	1	3	0
11	0	11	1	0	0	2	0
11	0	11	1	-1	-1	3	0
11	1	9	1	1	1	2	0
11	0	11	1	0	0	5	0
11	0	11	1	0	0	2	0
11	1	9	1	1	1	2	0
11	1	9	1	1	1	2	0
11	1	9	1	1	1	2	0
11	0	11	1	0	0	2	0
11	0	11	1	1	1	2	0
11	1	9	1	1	1	2	0
11	1	9	1	1	1	2	0
11	1	9	1	1	1	3	0
11	0	11	1	1	1	2	0
11	0	11	1	1	1	2	0
11	0	11	1	0	0	2	0
11	1	9	1	1	1	5	0
11	0	11	1	0	0	2	0
11	0	11	1	0	0	5	0
11	1	9	1	1	1	2	0
11	0	11	1	1	1	2	0
11	0	11	1	1	1	2	0
11	1	9	1	1	1	2	0
11	0	11	1	-1	-1	5	0
11	1	9	1	1	1	2	0
11	0	11	1	1	1	2	0
11	0	11	1	1	1	2	0
11	1	9	1	0	0	4	0
11	1	9	1	1	1	2	0
11	1	9	1	1	1	5	0
11	1	9	1	1	1	2	0
11	0	11	1	1	1	2	0
11	1	9	1	1	1	3	0
11	1	9	1	1	1	2	0
11	1	9	1	1	1	2	0
11	0	11	1	1	1	2	0
11	1	9	1	1	1	2	0
11	1	9	1	-1	-1	7	0
11	1	9	1	1	1	2	0
11	0	11	1	1	1	2	0
11	0	11	1	1	1	2	0
11	1	9	1	1	1	5	0
11	1	9	1	-1	-1	4	0
11	0	11	1	1	1	2	0
11	0	11	1	1	1	2	0
11	1	9	1	1	1	2	0
11	1	9	1	1	1	2	0
11	0	11	1	1	1	2	0
11	1	9	1	1	1	4	0
11	1	9	1	-1	-1	3	0
11	0	11	1	1	1	2	0
11	0	11	1	0	0	2	0
11	1	9	1	1	1	2	0
11	1	9	1	1	1	2	0
11	1	9	1	1	1	2	0
11	1	9	1	1	1	5	0
11	0	11	1	0	0	2	0
11	1	9	1	1	1	2	0
11	1	9	1	1	1	2	0
11	1	9	1	0	0	9	0
11	1	9	1	1	1	4	0
11	1	9	1	1	1	2	0
11	1	9	1	1	1	4	0
11	0	11	1	1	1	4	0
11	0	11	1	1	1	2	0
11	0	11	1	1	1	2	0
11	0	11	1	1	1	2	0
11	0	11	1	-1	-1	3	0
11	1	9	1	1	1	3	0
11	0	11	1	0	0	2	0
11	1	9	1	1	1	2	0
11	0	11	1	0	0	2	0
11	0	11	1	0	0	2	0
11	1	9	1	0	0	3	0
11	1	9	1	1	1	2	0
11	0	11	1	0	0	2	0
11	0	11	1	0	0	3	0
11	1	9	1	1	1	2	0
11	0	11	1	0	0	2	0
11	1	9	1	1	1	3	0
11	1	9	1	1	1	2	0
11	1	9	1	1	1	2	0
11	0	11	1	1	1	2	0
11	1	9	1	1	1	2	0
11	0	11	1	1	1	2	0
11	0	11	1	1	1	2	0
11	1	9	1	1	1	2	0
11	1	9	1	1	1	2	0
11	1	9	1	1	1	2	0
11	1	9	1	1	1	2	0
11	0	11	1	0	0	3	0
11	0	11	1	1	1	2	0
11	1	9	1	1	1	2	0
11	1	9	1	0	0	3	0
11	1	9	1	1	1	2	0
11	0	11	1	0	0	2	0
11	1	9	1	1	1	2	0
11	1	9	1	1	1	3	0
11	1	9	1	-1	-1	4	0
11	1	9	1	1	1	4	0
11	0	11	1	0	0	2	0
11	0	11	1	0	0	3	0
11	0	11	1	0	0	2	0
11	1	9	1	1	1	2	0
11	1	9	1	1	1	3	0
11	0	11	1	0	0	2	0
11	0	11	1	1	1	2	0
11	0	11	1	1	1	2	0
11	1	9	1	1	1	2	0
11	1	9	1	1	1	2	0
11	0	11	1	-1	-1	11	1
11	0	11	1	1	1	2	0
11	0	11	1	-1	-1	9	1
11	0	11	1	0	0	2	0
11	1	9	1	1	1	2	0
11	0	11	1	1	1	2	0
11	1	9	1	1	1	4	0
11	1	9	1	0	0	5	0
11	1	9	1	1	1	2	0
11	0	11	1	1	1	2	0
11	1	9	1	-1	-1	6	0
11	1	9	1	1	1	2	0
11	1	9	1	1	1	2	0
11	1	9	1	1	1	4	0
11	1	9	1	1	1	2	0
11	1	9	1	0	0	2	0
11	1	9	1	1	1	2	0
11	1	9	1	1	1	2	0
11	0	11	1	1	1	2	0
11	1	9	1	0	0	3	0
11	1	9	1	1	1	3	0
11	0	11	1	1	1	2	0
11	0	11	1	1	1	2	0
11	0	11	1	1	1	2	0
11	0	11	1	1	1	2	0
11	1	9	1	1	1	2	0
11	0	11	1	1	1	2	0
11	1	9	1	1	1	3	0
11	1	9	1	1	1	5	0
11	0	11	1	1	1	2	0
11	1	9	1	1	1	2	0
11	0	11	1	0	0	2	0
11	1	9	1	1	1	4	0
11	1	9	1	1	1	3	0
11	0	11	1	-1	-1	5	1
11	1	9	1	1	1	3	0
11	1	9	1	-1	-1	3	0
11	1	9	1	1	1	2	0
11	0	11	1	1	1	4	0
11	1	9	1	1	1	2	0
11	1	9	1	1	1	2	0
11	0	11	1	1	1	2	0
11	1	9	1	1	1	2	0
11	1	9	1	1	1	2	0
11	1	9	1	1	1	2	0
11	1	9	1	1	1	5	0
11	1	9	1	1	1	2	0
11	0	11	1	0	0	5	0
11	1	9	1	1	1	2	0
11	0	11	1	1	1	2	0
11	0	11	1	-1	-1	3	0
11	0	11	1	0	0	2	0
11	0	11	1	1	1	2	0
11	0	11	1	0	0	2	0
11	0	11	1	-1	-1	3	0
11	0	11	1	0	0	3	0
11	1	9	1	1	1	2	0
11	1	9	1	1	1	2	0
11	0	11	1	0	0	2	0
11	1	9	1	1	1	2	0
11	1	9	1	1	1	2	0
11	1	9	1	1	1	2	0
11	1	9	1	1	1	2	0
11	1	9	1	1	1	3	0
11	0	11	1	1	1	4	0
11	0	11	1	1	1	2	0
11	1	9	1	1	1	4	0
11	1	9	1	1	1	3	0
11	0	11	1	1	1	3	0
11	0	11	1	-1	-1	5	0
11	0	11	1	0	0	2	0
11	1	9	1	1	1	2	0
11	1	9	1	1	1	3	0
11	1	9	1	1	1	2	0
11	1	9	1	1	1	2	0
11	0	11	1	0	0	2	0
11	0	11	1	1	1	2	0
11	0	11	1	0	0	2	0
11	1	9	1	1	1	2	0
11	0	11	1	0	0	2	0
11	0	11	1	0	0	2	0
11	1	9	1	1	1	2	0
11	1	9	1	1	1	3	0
11	1	9	1	1	1	2	0
11	1	9	1	-1	-1	5	0
11	1	9	1	1	1	2	0
11	0	11	1	0	0	2	0
11	0	11	1	0	0	2	0
11	0	11	1	1	1	4	0
11	1	9	1	1	1	2	0
11	1	9	1	1	1	2	0
11	1	9	1	-1	-1	3	0
11	1	9	1	1	1	2	0
11	1	9	1	1	1	2	0
11	1	9	1	1	1	2	0
11	0	11	1	0	0	2	0
11	0	11	1	0	0	2	0
11	1	9	1	1	1	3	0
11	1	9	1	0	0	9	0
11	1	9	1	1	1	2	0
11	1	9	1	1	1	2	0
11	0	11	1	0	0	2	0
11	0	11	1	0	0	2	0
11	0	11	1	1	1	2	0
11	1	9	1	1	1	2	0
11	1	9	1	1	1	4	0
11	0	11	1	1	1	2	0
11	1	9	1	1	1	2	0
11	1	9	1	0	0	3	0
11	0	11	1	1	1	2	0
11	1	9	1	1	1	2	0
11	1	9	1	1	1	2	0
11	0	11	1	1	1	2	0
11	0	11	1	0	0	3	0
11	1	9	1	-1	-1	3	0
11	0	11	1	1	1	4	0
11	0	11	1	1	1	2	0
11	1	9	1	1	1	3	0
11	0	11	1	1	1	2	0
11	1	9	1	1	1	3	0
11	1	9	1	1	1	2	0
11	0	11	1	1	1	2	0
11	0	11	1	1	1	2	0
11	1	9	1	1	1	2	0
11	0	11	1	1	1	2	0
11	1	9	1	1	1	2	0
11	1	9	1	1	1	2	0
11	1	9	1	-1	-1	3	0
11	0	11	1	1	1	2	0
11	1	9	1	-1	-1	3	0
11	1	9	1	1	1	2	0
11	1	9	1	1	1	2	0
11	0	11	1	1	1	2	0
12	0	12	1	1	1	2	0
12	1	10	1	1	1	2	0
12	0	12	1	1	1	2	0
12	1	10	1	1	1	2	0
12	0	12	1	1	1	2	0
12	1	10	1	1	1	6	0
12	1	10	1	1	1	2	0
12	1	10	1	1	1	4	0
12	1	10	1	1	1	4	0
12	1	10	1	-1	-1	4	0
12	1	10	1	1	1	3	0
12	1	10	1	1	1	2	0
12	1	10	1	1	1	2	0
12	0	12	1	1	1	2	0
12	1	10	1	1	1	2	0
12	1	10	1	0	0	3	0
12	1	10	1	1	1	4	0
12	1	10	1	1	1	3	0
12	1	10	1	1	1	2	0
12	2	8	1	1	1	4	0
12	1	10	1	1	1	3	0
12	1	10	1	1	1	2	0
12	0	12	1	1	1	2	0
12	0	12	1	1	1	2	0
12	1	10	1	1	1	2	0
12	1	10	1	-1	-1	3	0
12	1	10	1	1	1	2	0
12	1	10	1	1	1	2	0
12	0	12	1	1	1	2	0
12	1	10	1	1	1	3	0
12	1	10	1	1	1	3	0
12	0	12	1	-1	-1	4	0
12	1	10	1	1	1	4	0
12	0	12	1	0	0	2	0
12	1	10	1	1	1	2	0
12	0	12	1	1	1	2	0
12	0	12	1	-1	-1	3	0
12	1	10	1	1	1	2	0
12	1	10	1	1	1	3	0
12	1	10	1	1	1	2	0
12	1	10	1	1	1	2	0
12	0	12	1	1	1	2	0
12	0	12	1	-1	-1	5	0
12	1	10	1	1	1	2	0
12	0	12	1	-1	-1	3	0
12	1	10	1	0	0	3	0
12	1	10	1	-1	-1	5	0
12	0	12	1	0	0	3	0
12	1	10	1	1	1	2	0
12	0	12	1	-1	-1	3	0
12	1	10	1	-1	-1	5	0
12	1	10	1	1	1	2	0
12	1	10	1	1	1	2	0
12	0	12	1	0	0	2	0
12	1	10	1	1	1	2	0
12	1	10	1	1	1	4	0
12	1	10	1	1	1	4	0
12	1	10	1	1	1	5	0
12	0	12	1	0	0	2	0
12	1	10	1	1	1	2	0
12	1	10	1	1	1	2	0
12	0	12	1	1	1	2	0
12	1	10	1	-1	-1	3	0
12	1	10	1	1	1	4	0
12	0	12	1	-1	-1	3	0
12	1	10	1	1	1	3	0
12	0	12	1	1	1	2	0
12	2	8	1	-1	-1	21	3
12	0	12	1	1	1	2	0
12	1	10	1	1	1	4	0
12	1	10	1	1	1	2	0
12	1	10	1	1	1	2	0
12	1	10	1	1	1	2	0
12	1	10	1	0	0	7	0
12	0	12	1	1	1	2	0
12	1	10	1	1	1	4	0
12	1	10	1	1	1	2	0
12	1	10	1	1	1	3	0
12	1	10	1	1	1	4	0
12	1	10	1	1	1	2	0
12	1	10	1	1	1	2	0
12	1	10	1	-1	-1	5	0
12	1	10	1	1	1	2	0
12	1	10	1	1	1	3	0
12	1	10	1	-1	-1	4	0
12	1	10	1	1	1	6	1
12	1	10	1	1	1	2	0
12	1	10	1	1	1	2	0
12	1	10	1	1	1	2	0
12	1	10	1	-1	-1	3	0
12	1	10	1	-1	-1	4	0
12	1	10	1	1	1	2	0
12	0	12	1	1	1	4	0
12	1	10	1	1	1	2	0
12	0	12	1	-1	-1	3	0
12	0	12	1	0	0	2	0
12	1	10	1	0	0	2	0
12	1	10	1	1	1	4	0
12	1	10	1	1	1	2	0
12	1	10	1	1	1	2	0
12	1	10	1	-1	-1	9	1
12	0	12	1	1	1	2	0
12	2	8	1	-1	-1	29	3
12	1	10	1	0	0	2	0
12	1	10	1	-1	-1	3	0
12	1	10	1	1	1	5	0
12	1	10	1	0	0	2	0
12	1	10	1	1	1	2	0
12	1	10	1	1	1	2	0
12	1	10	1	-1	-1	5	1
12	0	12	1	-1	-1	3	0
12	1	10	1	1	1	2	0
12	1	10	1	-1	-1	3	0
12	0	12	1	1	1	2	0
12	1	10	1	1	1	4	0
12	1	10	1	1	1	3	0
12	0	12	1	-1	-1	3	0
12	1	10	1	1	1	2	0
12	1	10	1	1	1	2	0
12	1	10	1	1	1	5	0
12	1	10	1	1	1	2	0
12	1	10	1	1	1	6	0
12	1	10	1	-1	-1	4	0
12	1	10	1	-1	-1	3	0
12	1	10	1	1	1	2	0
12	1	10	1	1	1	2	0
12	1	10	1	-1	-1	3	0
12	1	10	1	1	1	2	0
12	0	12	1	1	1	2	0
12	1	10	1	1	1	5	0
12	1	10	1	1	1	3	0
12	1	10	1	1	1	2	0
12	1	10	1	0	0	2	0
12	0	12	1	1	1	2	0
12	0	12	1	1	1	2	0
12	1	10	1	1	1	2	0
12	0	12	1	1	1	2	0
12	1	10	1	1	1	2	0
12	1	10	1	-1	-1	3	0
12	1	10	1	1	1	2	0
12	1	10	1	-1	-1	5	0
12	1	10	1	1	1	2	0
12	1	10	1	1	1	2	0
12	1	10	1	-1	-1	4	0
12	1	10	1	1	1	2	0
12	0	12	1	-1	-1	3	0
12	1	10	1	0	0	2	0
12	1	10	1	1	1	4	0
12	2	8	1	-1	-1	25	3
12	2	8	1	1	1	2	0
12	1	10	1	1	1	2	0
12	0	12	1	1	1	4	0
12	1	10	1	1	1	4	0
12	0	12	1	1	1	2	0
12	1	10	1	1	1	2	0
12	0	12	1	1	1	6	0
12	1	10	1	1	1	2	0
12	0	12	1	0	0	3	0
12	1	10	1	1	1	3	0
12	1	10	1	1	1	2	0
12	1	10	1	1	1	4	0
12	1	10	1	-1	-1	3	0
12	1	10	1	1	1	2	0
12	1	10	1	1	1	5	0
12	0	12	1	1	1	2	0
12	1	10	1	1	1	2	0
12	1	10	1	1	1	2	0
12	1	10	1	1	1	2	0
12	1	10	1	1	1	3	0
12	0	12	1	-1	-1	3	0
12	1	10	1	1	1	2	0
12	0	12	1	1	1	2	0
12	1	10	1	1	1	2	0
12	1	10	1	1	1	2	0
12	0	12	1	1	1	2	0
12	1	10	1	1	1	3	0
12	1	10	1	1	1	2	0
12	0	12	1	1	1	10	1
12	1	10	1	-1	-1	3	0
12	1	10	1	1	1	2	0
12	1	10	1	1	1	2	0
12	1	10	1	1	1	2	0
12	0	12	1	1	1	2	0
12	0	12	1	1	1	2	0
12	0	12	1	-1	-1	3	0
12	2	8	1	1	1	2	0
12	1	10	1	1	1	2	0
12	0	12	1	-1	-1	5	1
12	0	12	1	1	1	2	0
12	0	12	1	-1	-1	3	0
12	0	12	1	0	0	3	0
12	0	12	1	1	1	2	0
12	0	12	1	1	1	2	0
12	1	10	1	1	1	2	0
12	1	10	1	1	1	2	0
12	1	10	1	-1	-1	3	0
12	0	12	1	0	0	2	0
12	1	10	1	1	1	2	0
12	0	12	1	-1	-1	3	0
12	1	10	1	1	1	3	0
12	1	10	1	1	1	2	0
12	1	10	1	1	1	2	0
12	1	10	1	1	1	2	0
12	0	12	1	-1	-1	3	0
12	1	10	1	1	1	3	0
12	2	8	1	1	1	2	0
12	1	10	1	1	1	2	0
12	1	10	1	0	0	7	0
12	1	10	1	1	1	4	0
12	2	8	1	1	1	20	3
12	1	10	1	1	1	2	0
12	1	10	1	1	1	2	0
12	0	12	1	1	1	3	0
12	1	10	1	0	0	4	0
12	2	8	1	-1	-1	19	2
12	1	10	1	-1	-1	3	0
12	1	10	1	1	1	4	0
12	0	12	1	1	1	2	0
12	1	10	1	1	1	2	0
12	2	8	1	1	1	2	0
12	0	12	1	1	1	2	0
12	1	10	1	1	1	3	0
12	1	10	1	0	0	9	1
12	1	10	1	-1	-1	4	0
12	1	10	1	1	1	4	0
12	0	12	1	0	0	4	0
12	1	10	1	1	1	2	0
12	1	10	1	1	1	3	0
12	1	10	1	1	1	2	0
12	1	10	1	1	1	2	0
12	1	10	1	-1	-1	3	0
12	1	10	1	1	1	2	0
12	1	10	1	1	1	2	0
12	1	10	1	-1	-1	4	0
12	1	10	1	-1	-1	3	0
12	1	10	1	-1	-1	3	0
12	1	10	1	1	1	2	0
12	1	10	1	-1	-1	3	0
12	1	10	1	-1	-1	3	0
12	1	10	1	-1	-1	3	0
12	1	10	1	-1	-1	3	0
12	0	12	1	-1	-1	7	1
12	0	12	1	1	1	2	0
12	0	12	1	-1	-1	3	0
12	1	10	1	1	1	2	0
12	1	10	1	1	1	2	0
12	0	12	1	0	0	3	0
12	1	10	1	-1	-1	3	0
12	1	10	1	1	1	3	0
12	0	12	1	1	1	2	0
12	1	10	1	-1	-1	7	1
12	1	10	1	1	1	2	0
12	1	10	1	1	1	4	0
12	0	12	1	1	1	2	0
12	1	10	1	1	1	2	0
12	1	10	1	1	1	3	0
12	1	10	1	1	1	2	0
12	1	10	1	-1	-1	3	0
12	1	10	1	1	1	2	0
12	1	10	1	1	1	2	0
12	1	10	1	1	1	2	0
12	1	10	1	1	1	2	0
12	1	10	1	1	1	3	0
12	1	10	1	1	1	3	0
12	1	10	1	1	1	2	0
12	0	12	1	1	1	2	0
12	1	10	1	1	1	4	0
12	1	10	1	-1	-1	3	0
12	1	10	1	0	0	4	0
12	1	10	1	1	1	2	0
12	1	10	1	1	1	2	0
12	2	8	1	-1	-1	21	2
12	1	10	1	1	1	4	0
12	0	12	1	0	0	2	0
12	1	10	1	1	1	2	0
12	1	10	1	1	1	3	0
12	1	10	1	-1	-1	3	0
12	2	8	1	1	1	10	1
12	1	10	1	1	1	2	0
12	1	10	1	-1	-1	3	0
12	1	10	1	1	1	4	0
12	1	10	1	1	1	4	1
12	1	10	1	1	1	2	0
12	1	10	1	1	1	4	0
12	0	12	1	0	0	16	2
12	1	10	1	1	1	2	0
12	1	10	1	-1	-1	3	0
12	1	10	1	1	1	2	0
12	1	10	1	1	1	2	0
12	2	8	1	1	1	11	0
12	1	10	1	1	1	3	0
12	1	10	1	1	1	2	0
12	0	12	1	0	0	2	0
12	2	8	1	1	1	4	0
12	1	10	1	1	1	4	0
12	0	12	1	-1	-1	3	0
12	0	12	1	-1	-1	3	0
12	1	10	1	1	1	3	0
12	0	12	1	1	1	14	2
12	0	12	1	1	1	2	0
13	0	13	1	-1	-1	9	1
13	1	11	1	1	1	3	0
13	1	11	1	0	0	4	0
13	2	9	1	1	1	10	0
13	1	11	1	1	1	2	0
13	1	11	1	1	1	22	2
13	2	9	1	1	1	4	0
13	0	13	1	0	0	2	0
13	1	11	1	1	1	4	0
13	1	11	1	-1	-1	3	0
13	1	11	1	1	1	4	0
13	1	11	1	1	1	2	0
13	1	11	1	1	1	10	1
13	1	11	1	1	1	4	0
13	1	11	1	-1	-1	4	0
13	2	9	1	1	1	6	0
13	2	9	1	-1	-1	5	0
13	1	11	1	-1	-1	3	0
13	2	9	1	1	1	3	0
13	0	13	1	-1	-1	4	0
13	2	9	1	1	1	3	0
13	1	11	1	1	1	2	0
13	0	13	1	1	1	2	0
13	1	11	1	1	1	2	0
13	1	11	1	1	1	3	0
13	1	11	1	-1	-1	3	0
13	2	9	1	1	1	10	1
13	1	11	1	-1	-1	3	0
13	1	11	1	1	1	3	0
13	2	9	1	1	1	10	0
13	2	9	1	1	1	8	1
13	1	11	1	1	1	2	0
13	1	11	1	1	1	2	0
13	1	11	1	-1	-1	6	0
13	1	11	1	1	1	2	0
13	1	11	1	1	1	2	0
13	0	13	1	-1	-1	3	0
13	1	11	1	-1	-1	4	0
13	1	11	1	-1	-1	3	0
13	1	11	1	-1	-1	5	0
13	1	11	1	1	1	3	0
13	1	11	1	0	0	4	0
13	2	9	1	0	0	42	4
13	0	13	1	1	1	2	0
13	0	13	1	1	1	2	0
13	1	11	1	1	1	2	0
13	2	9	1	1	1	5	0
13	1	11	1	-1	-1	5	0
13	1	11	1	1	1	9	1
13	0	13	1	0	0	5	0
13	0	13	1	-1	-1	3	0
13	0	13	1	-1	-1	6	1
13	1	11	1	1	1	2	0
13	0	13	1	1	1	2	0
13	1	11	1	-1	-1	14	1
13	1	11	1	1	1	2	0
13	1	11	1	1	1	2	0
13	1	11	1	0	0	5	0
13	2	9	1	-1	-1	28	3
13	1	11	1	1	1	2	0
13	1	11	1	0	0	2	0
13	2	9	1	1	1	2	0
13	1	11	1	0	0	8	0
13	1	11	1	-1	-1	3	0
13	1	11	1	1	1	2	0
13	2	9	1	1	1	2	0
13	1	11	1	1	1	2	0
13	2	9	1	1	1	3	0
13	2	9	1	1	1	2	0
13	1	11	1	-1	-1	3	0
13	1	11	1	1	1	2	0
13	1	11	1	1	1	4	0
13	2	9	1	1	1	2	0
13	0	13	1	-1	-1	5	0
13	2	9	1	1	1	2	0
13	1	11	1	1	1	2	0
13	1	11	1	-1	-1	3	0
13	2	9	1	-1	-1	27	3
13	1	11	1	1	1	2	0
13	1	11	1	1	1	2	0
13	1	11	1	-1	-1	5	0
13	1	11	1	1	1	7	1
13	2	9	1	-1	-1	3	0
13	1	11	1	1	1	4	0
13	1	11	1	-1	-1	5	0
13	1	11	1	-1	-1	3	0
13	1	11	1	1	1	2	0
13	0	13	1	-1	-1	5	0
13	1	11	1	-1	-1	3	0
13	0	13	1	-1	-1	3	0
13	1	11	1	-1	-1	11	1
13	1	11	1	1	1	2	0
13	2	9	1	-1	-1	19	2
13	1	11	1	1	1	2	0
13	2	9	1	1	1	7	0
13	2	9	1	1	1	8	1
13	2	9	1	1	1	11	0
13	2	9	1	1	1	6	0
13	1	11	1	0	0	4	0
13	1	11	1	1	1	2	0
13	1	11	1	1	1	3	0
13	1	11	1	-1	-1	3	0
13	2	9	1	-1	-1	41	5
13	2	9	1	-1	-1	65	6
13	2	9	1	1	1	2	0
13	1	11	1	-1	-1	3	0
13	2	9	1	-1	-1	4	0
13	1	11	1	1	1	4	0
13	2	9	1	1	1	2	0
13	1	11	1	1	1	2	0
13	1	11	1	1	1	4	0
13	1	11	1	1	1	4	0
13	2	9	1	0	0	3	0
13	1	11	1	1	1	2	0
13	1	11	1	0	0	5	0
13	1	11	1	1	1	5	0
13	1	11	1	1	1	3	0
13	2	9	1	-1	-1	30	3
13	1	11	1	1	1	3	0
13	1	11	1	1	1	2	0
13	2	9	1	1	1	2	0
13	1	11	1	1	1	8	0
13	2	9	1	1	1	2	0
13	1	11	1	0	0	6	1
13	1	11	1	1	1	2	0
13	2	9	1	1	1	2	0
13	1	11	1	1	1	7	0
13	1	11	1	1	1	5	0
13	2	9	1	-1	-1	17	1
13	2	9	1	1	1	4	0
13	2	9	1	1	1	2	0
13	2	9	1	1	1	17	2
13	1	11	1	1	1	2	0
13	1	11	1	1	1	2	0
13	1	11	1	1	1	3	0
13	1	11	1	1	1	2	0
13	1	11	1	-1	-1	3	0
13	1	11	1	1	1	3	0
13	1	11	1	-1	-1	3	0
13	2	9	1	1	1	3	0
13	1	11	1	-1	-1	7	0
13	1	11	1	1	1	10	1
13	1	11	1	-1	-1	3	0
13	1	11	1	1	1	4	0
13	2	9	1	-1	-1	28	3
13	1	11	1	-1	-1	3	0
13	2	9	1	1	1	3	0
13	1	11	1	1	1	2	0
13	1	11	1	1	1	2	0
13	1	11	1	-1	-1	15	1
13	2	9	1	1	1	3	0
13	1	11	1	1	1	4	0
13	2	9	1	1	1	2	0
13	1	11	1	-1	-1	6	0
13	1	11	1	1	1	2	0
13	1	11	1	1	1	6	1
13	2	9	1	-1	-1	21	2
13	2	9	1	1	1	3	0
13	1	11	1	1	1	2	0
13	1	11	1	-1	-1	5	0
13	1	11	1	-1	-1	4	0
13	2	9	1	1	1	24	3
13	1	11	1	1	1	6	1
13	2	9	1	1	1	5	0
13	1	11	1	-1	-1	3	0
13	1	11	1	0	0	3	0
13	1	11	1	1	1	4	0
13	1	11	1	1	1	2	0
13	0	13	1	-1	-1	3	0
13	1	11	1	-1	-1	4	0
13	1	11	1	-1	-1	5	0
13	2	9	1	1	1	28	3
13	2	9	1	1	1	2	0
13	0	13	1	-1	-1	3	0
13	1	11	1	-1	-1	5	0
13	1	11	1	1	1	4	0
13	1	11	1	1	1	2	0
13	2	9	1	-1	-1	28	3
13	0	13	1	-1	-1	3	0
13	1	11	1	-1	-1	3	0
13	1	11	1	1	1	5	0
13	1	11	1	1	1	4	0
13	1	11	1	0	0	4	0
13	2	9	1	1	1	2	0
13	1	11	1	1	1	2	0
13	1	11	1	1	1	4	0
13	1	11	1	1	1	4	0
13	1	11	1	1	1	8	1
13	1	11	1	-1	-1	5	0
13	0	13	1	-1	-1	3	0
13	2	9	1	1	1	2	0
13	0	13	1	0	0	2	0
13	1	11	1	-1	-1	9	1
13	2	9	1	-1	-1	3	0
13	2	9	1	1	1	3	0
13	0	13	1	-1	-1	3	0
13	2	9	1	-1	-1	47	5
13	1	11	1	-1	-1	3	0
13	2	9	1	1	1	2	0
13	2	9	1	1	1	2	0
13	1	11	1	1	1	3	0
13	1	11	1	1	1	2	0
13	1	11	1	1	1	2	0
13	1	11	1	-1	-1	5	0
13	1	11	1	1	1	4	1
13	2	9	1	1	1	2	0
13	1	11	1	1	1	8	1
13	1	11	1	1	1	2	0
13	2	9	1	1	1	2	0
13	2	9	1	0	0	28	3
13	1	11	1	1	1	4	0
13	0	13	1	0	0	2	0
13	1	11	1	1	1	2	0
13	1	11	1	1	1	6	0
13	1	11	1	-1	-1	7	0
13	1	11	1	-1	-1	3	0
13	1	11	1	1	1	2	0
13	1	11	1	-1	-1	3	0
13	1	11	1	1	1	4	0
13	2	9	1	1	1	9	0
13	0	13	1	-1	-1	3	0
13	1	11	1	-1	-1	3	0
13	2	9	1	1	1	12	2
13	1	11	1	1	1	2	0
13	1	11	1	1	1	6	1
13	2	9	1	1	1	2	0
13	2	9	1	-1	-1	36	5
13	1	11	1	-1	-1	3	0
13	1	11	1	1	1	2	0
13	1	11	1	1	1	4	0
13	1	11	1	1	1	2	0
13	1	11	1	-1	-1	5	0
13	1	11	1	-1	-1	3	0
13	2	9	1	1	1	2	0
13	1	11	1	1	1	2	0
13	1	11	1	1	1	4	0
13	2	9	1	1	1	2	0
13	2	9	1	1	1	2	0
13	1	11	1	-1	-1	3	0
13	2	9	1	1	1	2	0
13	2	9	1	1	1	2	0
13	2	9	1	1	1	5	0
13	1	11	1	1	1	5	0
13	2	9	1	1	1	3	0
13	1	11	1	1	1	2	0
13	0	13	1	-1	-1	4	0
13	1	11	1	-1	-1	9	1
13	1	11	1	1	1	4	0
13	1	11	1	1	1	2	0
13	1	11	1	1	1	2	0
13	1	11	1	1	1	2	0
13	1	11	1	0	0	4	0
13	2	9	1	1	1	2	0
13	1	11	1	-1	-1	6	0
13	2	9	1	-1	-1	11	1
13	1	11	1	1	1	2	0
13	1	11	1	1	1	2	0
13	1	11	1	-1	-1	5	0
13	1	11	1	1	1	2	0
13	2	9	1	-1	-1	3	0
13	1	11	1	-1	-1	5	1
13	1	11	1	-1	-1	3	0
13	1	11	1	1	1	6	1
13	2	9	1	1	1	10	0
13	2	9	1	1	1	2	0
13	0	13	1	1	1	2	0
13	2	9	1	1	1	16	1
13	2	9	1	1	1	10	1
13	1	11	1	-1	-1	3	0
13	1	11	1	-1	-1	3	0
13	1	11	1	-1	-1	6	0
13	0	13	1	-1	-1	4	0
13	1	11	1	-1	-1	7	1
13	1	11	1	1	1	2	0
13	1	11	1	1	1	2	0
13	2	9	1	1	1	2	0
13	1	11	1	1	1	2	0
13	2	9	1	1	1	10	0
13	0	13	1	-1	-1	3	0
13	1	11	1	1	1	6	0
13	1	11	1	0	0	2	0
13	0	13	1	-1	-1	5	1
13	2	9	1	1	1	13	1
13	0	13	1	-1	-1	3	0
13	2	9	1	1	1	2	0
13	1	11	1	1	1	3	0
13	1	11	1	1	1	6	1
13	1	11	1	1	1	2	0
13	3	7	1	1	1	2	0
13	1	11	1	-1	-1	3	0
13	0	13	1	1	1	6	1
13	1	11	1	1	1	3	0
13	1	11	1	1	1	4	0
13	2	9	1	-1	-1	37	5
13	1	11	1	1	1	4	0
13	1	11	1	1	1	3	0
13	2	9	1	1	1	3	0
13	1	11	1	1	1	2	0
13	1	11	1	-1	-1	3	0
13	1	11	1	-1	-1	3	0
14	2	10	1	1	1	4	0
14	1	12	1	-1	-1	3	0
14	2	10	1	1	1	2	0
14	1	12	1	1	1	4	0
14	2	10	1	-1	-1	3	0
14	1	12	1	1	1	22	3
14	1	12	1	1	1	4	0
14	1	12	1	1	1	6	1
14	1	12	1	-1	-1	3	0
14	1	12	1	-1	-1	15	1
14	3	8	1	1	1	31	4
14	2	10	1	1	1	2	0
14	2	10	1	-1	-1	40	5
14	1	12	1	-1	-1	5	0
14	3	8	1	1	1	3	0
14	1	12	1	-1	-1	5	0
14	1	12	1	1	1	2	0
14	2	10	1	-1	-1	3	0
14	2	10	1	1	1	2	0
14	3	8	1	1	1	36	3
14	1	12	1	1	1	2	0
14	1	12	1	-1	-1	5	1
14	1	12	1	1	1	5	0
14	1	12	1	1	1	2	0
14	1	12	1	1	1	4	0
14	2	10	1	-1	-1	13	1
14	1	12	1	1	1	2	0
14	1	12	1	1	1	2	0
14	2	10	1	-1	-1	7	1
14	1	12	1	1	1	2	0
14	2	10	1	-1	-1	6	0
14	2	10	1	1	1	2	0
14	1	12	1	1	1	8	1
14	0	14	1	1	1	2	0
14	1	12	1	-1	-1	5	0
14	2	10	1	0	0	3	0
14	1	12	1	1	1	10	1
14	2	10	1	1	1	10	1
14	1	12	1	1	1	6	1
14	2	10	1	-1	-1	5	0
14	2	10	1	1	1	3	0
14	2	10	1	-1	-1	34	3
14	2	10	1	-1	-1	36	4
14	2	10	1	1	1	24	3
14	2	10	1	1	1	14	1
14	1	12	1	0	0	6	0
14	2	10	1	1	1	20	2
14	1	12	1	-1	-1	4	0
14	3	8	1	1	1	2	0
14	2	10	1	1	1	2	0
14	2	10	1	-1	-1	10	1
14	2	10	1	-1	-1	19	2
14	2	10	1	-1	-1	122	14
14	2	10	1	1	1	2	0
14	1	12	1	-1	-1	6	0
14	1	12	1	-1	-1	7	1
14	3	8	1	1	1	24	3
14	2	10	1	-1	-1	62	6
14	1	12	1	1	1	2	0
14	1	12	1	0	0	5	0
14	2	10	1	1	1	2	0
14	1	12	1	-1	-1	3	0
14	1	12	1	1	1	4	0
14	1	12	1	1	1	6	0
14	1	12	1	1	1	2	0
14	1	12	1	1	1	16	1
14	0	14	1	-1	-1	11	1
14	1	12	1	-1	-1	5	0
14	2	10	1	-1	-1	5	0
14	2	10	1	-1	-1	6	0
14	2	10	1	-1	-1	11	1
14	2	10	1	1	1	2	0
14	2	10	1	1	1	2	0
14	1	12	1	1	1	12	1
14	2	10	1	1	1	4	0
14	2	10	1	0	0	41	5
14	1	12	1	1	1	3	0
14	1	12	1	-1	-1	3	0
14	1	12	1	-1	-1	5	0
14	2	10	1	1	1	3	0
14	2	10	1	-1	-1	19	2
14	2	10	1	1	1	4	0
14	2	10	1	1	1	2	0
14	1	12	1	0	0	3	0
14	2	10	1	1	1	4	0
14	2	10	1	1	1	2	0
14	2	10	1	-1	-1	29	3
14	1	12	1	1	1	6	1
14	1	12	1	1	1	2	0
14	1	12	1	1	1	5	0
14	2	10	1	1	1	2	0
14	1	12	1	1	1	4	0
14	1	12	1	1	1	2	0
14	1	12	1	-1	-1	4	0
14	2	10	1	1	1	8	0
14	2	10	1	-1	-1	49	6
14	2	10	1	-1	-1	3	0
14	2	10	1	1	1	4	0
14	2	10	1	1	1	2	0
14	2	10	1	1	1	3	0
14	2	10	1	1	1	2	0
14	2	10	1	0	0	31	3
14	2	10	1	1	1	5	0
14	1	12	1	1	1	4	0
14	1	12	1	-1	-1	4	0
14	2	10	1	1	1	2	0
14	1	12	1	0	0	2	0
14	1	12	1	1	1	2	0
14	1	12	1	1	1	3	0
14	1	12	1	1	1	2	0
14	2	10	1	1	1	2	0
14	2	10	1	1	1	8	1
14	1	12	1	-1	-1	5	0
14	1	12	1	1	1	20	3
14	1	12	1	1	1	2	0
14	2	10	1	-1	-1	4	0
14	1	12	1	-1	-1	7	1
14	2	10	1	-1	-1	5	1
14	1	12	1	-1	-1	5	1
14	2	10	1	1	1	2	0
14	2	10	1	1	1	8	1
14	1	12	1	-1	-1	5	0
14	1	12	1	1	1	2	0
14	1	12	1	1	1	4	0
14	2	10	1	-1	-1	3	0
14	2	10	1	-1	-1	107	11
14	2	10	1	1	1	4	0
14	2	10	1	1	1	5	0
14	2	10	1	-1	-1	19	2
14	1	12	1	-1	-1	3	0
14	1	12	1	1	1	4	0
14	1	12	1	-1	-1	3	0
14	1	12	1	-1	-1	3	0
14	2	10	1	0	0	40	5
14	1	12	1	1	1	8	1
14	1	12	1	-1	-1	3	0
14	1	12	1	-1	-1	3	0
14	1	12	1	1	1	2	0
14	1	12	1	1	1	2	0
14	1	12	1	1	1	4	0
14	2	10	1	1	1	8	0
14	3	8	1	1	1	30	4
14	3	8	1	-1	-1	19	2
14	2	10	1	-1	-1	9	1
14	1	12	1	-1	-1	14	1
14	2	10	1	1	1	4	0
14	2	10	1	1	1	8	1
14	2	10	1	1	1	4	0
14	2	10	1	-1	-1	9	1
14	2	10	1	0	0	24	3
14	1	12	1	-1	-1	3	0
14	2	10	1	-1	-1	15	1
14	3	8	1	1	1	30	3
14	2	10	1	1	1	4	0
14	2	10	1	0	0	108	12
14	1	12	1	0	0	7	0
14	2	10	1	1	1	36	4
14	1	12	1	1	1	2	0
14	2	10	1	1	1	2	0
14	1	12	1	1	1	2	0
14	2	10	1	-1	-1	3	0
14	2	10	1	1	1	18	2
14	2	10	1	1	1	8	0
14	2	10	1	-1	-1	7	0
14	1	12	1	-1	-1	4	0
14	2	10	1	-1	-1	4	0
14	2	10	1	1	1	5	0
14	2	10	1	-1	-1	20	2
14	2	10	1	1	1	2	0
14	2	10	1	1	1	4	0
14	1	12	1	1	1	10	1
14	2	10	1	1	1	4	0
14	2	10	1	-1	-1	23	3
14	1	12	1	1	1	2	0
14	2	10	1	-1	-1	91	11
14	1	12	1	1	1	9	1
14	1	12	1	1	1	5	0
14	2	10	1	1	1	3	0
14	2	10	1	-1	-1	12	1
14	2	10	1	1	1	16	1
14	3	8	1	1	1	14	2
14	1	12	1	-1	-1	7	1
14	1	12	1	1	1	2	0
14	1	12	1	1	1	6	0
14	2	10	1	-1	-1	54	6
14	1	12	1	1	1	4	0
14	2	10	1	-1	-1	7	1
14	1	12	1	-1	-1	20	2
14	1	12	1	-1	-1	7	0
14	1	12	1	1	1	8	1
14	2	10	1	-1	-1	10	0
14	2	10	1	1	1	4	0
14	2	10	1	-1	-1	5	0
14	2	10	1	1	1	25	3
14	1	12	1	-1	-1	3	0
14	2	10	1	-1	-1	49	6
14	1	12	1	0	0	2	0
14	1	12	1	1	1	8	1
14	1	12	1	-1	-1	4	0
14	1	12	1	-1	-1	7	1
14	1	12	1	1	1	2	0
14	2	10	1	0	0	17	2
14	1	12	1	-1	-1	3	0
14	1	12	1	1	1	2	0
14	2	10	1	1	1	83	10
14	1	12	1	-1	-1	5	0
14	1	12	1	1	1	5	0
14	1	12	1	-1	-1	5	0
14	2	10	1	-1	-1	23	3
14	2	10	1	1	1	4	0
14	1	12	1	1	1	12	2
14	2	10	1	0	0	3	0
14	1	12	1	1	1	12	1
14	1	12	1	-1	-1	5	1
14	1	12	1	1	1	7	0
14	2	10	1	1	1	4	0
14	2	10	1	0	0	3	0
14	2	10	1	-1	-1	36	5
14	2	10	1	0	0	102	11
14	2	10	1	-1	-1	9	1
14	1	12	1	-1	-1	3	0
14	2	10	1	-1	-1	7	0
14	2	10	1	-1	-1	11	1
14	1	12	1	1	1	2	0
14	1	12	1	1	1	2	0
14	2	10	1	-1	-1	10	0
14	1	12	1	1	1	17	1
14	1	12	1	1	1	8	1
14	2	10	1	1	1	3	0
14	3	8	1	1	1	40	4
14	2	10	1	-1	-1	89	12
14	2	10	1	1	1	6	0
14	1	12	1	-1	-1	4	0
14	1	12	1	-1	-1	3	0
14	1	12	1	-1	-1	5	0
14	2	10	1	-1	-1	31	4
14	2	10	1	-1	-1	28	3
14	1	12	1	-1	-1	9	1
14	2	10	1	-1	-1	13	1
14	1	12	1	1	1	2	0
14	2	10	1	1	1	41	5
14	1	12	1	-1	-1	11	1
14	1	12	1	-1	-1	3	0
14	2	10	1	1	1	2	0
14	2	10	1	1	1	2	0
14	2	10	1	1	1	7	1
14	2	10	1	1	1	4	0
14	2	10	1	-1	-1	3	0
14	1	12	1	1	1	2	0
14	1	12	1	-1	-1	3	0
14	1	12	1	1	1	4	0
14	2	10	1	1	1	2	0
14	2	10	1	-1	-1	19	2
14	0	14	1	0	0	17	2
14	1	12	1	1	1	6	0
14	1	12	1	1	1	3	0
14	2	10	1	1	1	5	0
14	1	12	1	1	1	6	1
14	0	14	1	1	1	8	1
14	2	10	1	1	1	4	0
14	2	10	1	1	1	7	1
14	1	12	1	1	1	3	0
14	1	12	1	1	1	6	1
14	2	10	1	1	1	2	0
14	2	10	1	-1	-1	21	3
14	1	12	1	1	1	5	1
14	1	12	1	1	1	8	1
14	2	10	1	1	1	5	0
14	2	10	1	1	1	2	0
14	1	12	1	-1	-1	3	0
14	1	12	1	1	1	4	0
14	1	12	1	1	1	5	0
14	1	12	1	-1	-1	3	0
14	2	10	1	-1	-1	3	0
14	2	10	1	1	1	12	0
14	1	12	1	1	1	5	0
14	2	10	1	1	1	12	1
14	2	10	1	-1	-1	41	5
14	1	12	1	1	1	2	0
14	1	12	1	1	1	9	1
14	1	12	1	-1	-1	3	0
14	1	12	1	1	1	4	0
14	2	10	1	-1	-1	36	3
14	2	10	1	0	0	24	3
14	1	12	1	1	1	2	0
14	2	10	1	1	1	2	0
14	2	10	1	1	1	2	0
14	2	10	1	1	1	2	0
14	1	12	1	1	1	4	0
14	1	12	1	1	1	4	0
14	2	10	1	-1	-1	42	4
14	2	10	1	-1	-1	57	6
14	2	10	1	-1	-1	32	4
14	2	10	1	0	0	76	8
14	3	8	1	-1	-1	36	4
14	0	14	1	-1	-1	3	0
14	0	14	1	-1	-1	6	0
14	2	10	1	1	1	2	0
14	2	10	1	1	1	3	0
14	2	10	1	1	1	8	0
15	1	13	1	-1	-1	3	0
15	2	11	1	1	1	2	0
15	2	11	1	1	1	2	0
15	2	11	1	-1	-1	3	0
15	2	11	1	-1	-1	23	3
15	2	11	1	-1	-1	86	9
15	2	11	1	-1	-1	14	1
15	3	9	1	1	1	20	2
15	2	11	1	1	1	2	0
15	1	13	1	-1	-1	25	3
15	2	11	1	1	1	2	0
15	2	11	1	1	1	111	11
15	2	11	1	1	1	5	0
15	3	9	1	0	0	125	14
15	2	11	1	1	1	11	1
15	3	9	1	1	1	69	6
15	2	11	1	-1	-1	5	0
15	2	11	1	0	0	4	0
15	2	11	1	1	1	44	5
15	1	13	1	-1	-1	3	0
15	2	11	1	-1	-1	8	1
15	2	11	1	1	1	6	1
15	3	9	1	1	1	109	14
15	3	9	1	-1	-1	87	9
15	2	11	1	-1	-1	3	0
15	3	9	1	-1	-1	41	4
15	2	11	1	-1	-1	19	2
15	2	11	1	-1	-1	10	1
15	2	11	1	-1	-1	3	0
15	2	11	1	-1	-1	17	2
15	2	11	1	1	1	4	0
15	2	11	1	-1	-1	7	1
15	1	13	1	1	1	6	1
15	3	9	1	-1	-1	57	7
15	2	11	1	0	0	66	7
15	3	9	1	-1	-1	36	4
15	2	11	1	1	1	2	0
15	3	9	1	-1	-1	30	3
15	1	13	1	1	1	2	0
15	2	11	1	-1	-1	158	17
15	2	11	1	1	1	5	0
15	2	11	1	-1	-1	130	13
15	1	13	1	1	1	14	1
15	2	11	1	1	1	4	0
15	1	13	1	1	1	2	0
15	2	11	1	-1	-1	5	0
15	3	9	1	1	1	18	2
15	3	9	1	1	1	20	2
15	3	9	1	1	1	34	3
15	2	11	1	0	0	30	3
15	2	11	1	-1	-1	3	0
15	2	11	1	-1	-1	9	0
15	2	11	1	1	1	2	0
15	2	11	1	-1	-1	25	3
15	1	13	1	-1	-1	3	0
15	1	13	1	1	1	10	1
15	1	13	1	1	1	2	0
15	2	11	1	-1	-1	3	0
15	1	13	1	1	1	2	0
15	2	11	1	-1	-1	3	0
15	2	11	1	-1	-1	37	4
15	2	11	1	-1	-1	38	4
15	2	11	1	-1	-1	17	2
15	3	9	1	-1	-1	19	2
15	3	9	1	1	1	32	3
15	2	11	1	-1	-1	15	1
15	2	11	1	-1	-1	17	2
15	1	13	1	1	1	2	0
15	2	11	1	1	1	3	0
15	2	11	1	1	1	8	1
15	2	11	1	-1	-1	31	3
15	2	11	1	1	1	2	0
15	2	11	1	1	1	6	1
15	3	9	1	0	0	30	3
15	1	13	1	1	1	13	1
15	1	13	1	-1	-1	3	0
15	2	11	1	-1	-1	4	0
15	1	13	1	-1	-1	3	0
15	2	11	1	1	1	10	1
15	2	11	1	-1	-1	9	1
15	2	11	1	-1	-1	42	4
15	3	9	1	-1	-1	32	3
15	2	11	1	-1	-1	7	1
15	2	11	1	-1	-1	31	3
15	3	9	1	-1	-1	96	12
15	3	9	1	-1	-1	29	3
15	2	11	1	1	1	2	0
15	3	9	1	-1	-1	21	2
15	2	11	1	1	1	4	0
15	2	11	1	1	1	2	0
15	3	9	1	-1	-1	63	7
15	2	11	1	1	1	4	0
15	2	11	1	-1	-1	141	17
15	3	9	1	1	1	2	0
15	2	11	1	1	1	2	0
15	2	11	1	-1	-1	15	1
15	1	13	1	-1	-1	3	0
15	2	11	1	1	1	4	0
15	2	11	1	-1	-1	19	2
15	2	11	1	-1	-1	19	2
15	2	11	1	-1	-1	36	3
15	2	11	1	1	1	2	0
15	2	11	1	-1	-1	7	1
15	2	11	1	-1	-1	3	0
15	2	11	1	1	1	8	1
15	2	11	1	-1	-1	45	6
15	3	9	1	1	1	2	0
15	2	11	1	-1	-1	52	6
15	2	11	1	1	1	2	0
15	2	11	1	-1	-1	33	3
15	2	11	1	-1	-1	102	13
15	3	9	1	1	1	23	3
15	2	11	1	1	1	2	0
15	2	11	1	1	1	4	0
15	1	13	1	1	1	4	0
15	1	13	1	1	1	2	0
15	2	11	1	1	1	8	1
15	1	13	1	1	1	4	0
15	2	11	1	-1	-1	3	0
15	2	11	1	-1	-1	15	1
15	3	9	1	-1	-1	37	4
15	3	9	1	-1	-1	3	0
15	1	13	1	1	1	8	1
15	2	11	1	1	1	2	0
15	2	11	1	1	1	9	1
15	2	11	1	-1	-1	13	1
15	3	9	1	1	1	63	5
15	3	9	1	-1	-1	39	4
15	2	11	1	0	0	20	2
15	2	11	1	-1	-1	34	4
15	2	11	1	1	1	14	1
15	2	11	1	1	1	12	0
15	2	11	1	1	1	8	1
15	2	11	1	1	1	4	0
15	2	11	1	-1	-1	94	12
15	2	11	1	-1	-1	5	0
15	2	11	1	-1	-1	6	1
15	3	9	1	1	1	18	2
15	2	11	1	1	1	4	0
15	1	13	1	-1	-1	7	1
15	3	9	1	-1	-1	19	2
15	3	9	1	-1	-1	19	2
15	2	11	1	1	1	40	5
15	3	9	1	1	1	74	4
15	3	9	1	1	1	62	7
15	2	11	1	1	1	2	0
15	1	13	1	1	1	10	1
15	2	11	1	1	1	2	0
15	1	13	1	-1	-1	13	1
15	2	11	1	-1	-1	45	5
15	2	11	1	1	1	6	0
15	2	11	1	1	1	8	1
15	2	11	1	-1	-1	4	0
15	3	9	1	1	1	37	4
15	2	11	1	-1	-1	6	0
15	3	9	1	-1	-1	56	5
15	3	9	1	1	1	47	6
15	3	9	1	1	1	64	8
15	2	11	1	1	1	4	1
15	2	11	1	-1	-1	5	1
15	2	11	1	-1	-1	14	1
15	2	11	1	-1	-1	25	3
15	1	13	1	-1	-1	21	6
15	2	11	1	0	0	45	3
15	1	13	1	1	1	6	0
15	2	11	1	-1	-1	7	0
15	1	13	1	-1	-1	3	0
15	2	11	1	1	1	28	2
15	3	9	1	1	1	42	3
15	2	11	1	1	1	16	1
15	3	9	1	-1	-1	41	3
15	3	9	1	1	1	10	1
15	3	9	1	-1	-1	25	1
15	1	13	1	-1	-1	7	1
15	3	9	1	-1	-1	36	2
15	3	9	1	-1	-1	101	7
15	3	9	1	1	1	49	4
15	3	9	1	1	1	12	1
15	1	13	1	1	1	2	0
15	3	9	1	1	1	87	6
15	2	11	1	1	1	2	0
15	3	9	1	-1	-1	86	6
15	1	13	1	-1	-1	3	0
15	2	11	1	1	1	4	0
15	1	13	1	1	1	5	0
15	2	11	1	0	0	46	4
15	3	9	1	-1	-1	21	2
15	3	9	1	-1	-1	75	3
15	3	9	1	-1	-1	28	2
15	3	9	1	1	1	84	8
15	2	11	1	1	1	6	0
15	2	11	1	1	1	11	1
15	2	11	1	1	1	4	0
15	2	11	1	1	1	2	0
15	2	11	1	0	0	73	5
15	2	11	1	-1	-1	39	2
15	1	13	1	-1	-1	5	0
15	2	11	1	0	0	63	4
15	2	11	1	-1	-1	5	0
15	2	11	1	-1	-1	13	1
15	2	11	1	1	1	2	0
15	3	9	1	1	1	12	1
15	2	11	1	1	1	2	0
15	3	9	1	1	1	120	7
15	3	9	1	1	1	106	7
15	1	13	1	1	1	6	0
15	2	11	1	1	1	13	0
15	2	11	1	0	0	28	2
15	1	13	1	1	1	8	0
15	2	11	1	1	1	7	0
15	3	9	1	1	1	2	0
15	2	11	1	1	1	4	0
15	2	11	1	1	1	4	0
15	2	11	1	1	1	2	0
15	2	11	1	1	1	2	0
15	2	11	1	-1	-1	3	0
15	3	9	1	1	1	22	1
15	2	11	1	-1	-1	28	2
15	2	11	1	1	1	5	0
15	3	9	1	1	1	41	3
15	1	13	1	1	1	5	0
15	2	11	1	1	1	12	1
15	2	11	1	1	1	2	0
15	1	13	1	1	1	2	0
15	2	11	1	-1	-1	29	2
15	2	11	1	0	0	33	2
15	2	11	1	1	1	5	0
15	2	11	1	1	1	8	0
15	2	11	1	1	1	4	0
15	2	11	1	-1	-1	3	0
15	2	11	1	1	1	13	1
15	2	11	1	-1	-1	15	1
15	2	11	1	1	1	2	0
15	2	11	1	0	0	58	4
15	2	11	1	-1	-1	49	4
15	2	11	1	-1	-1	5	0
15	2	11	1	1	1	4	0
15	1	13	1	-1	-1	6	0
15	2	11	1	1	1	5	0
15	3	9	1	1	1	307	18
15	1	13	1	1	1	4	0
15	3	9	1	-1	-1	51	4
15	1	13	1	-1	-1	5	0
15	2	11	1	-1	-1	3	0
15	3	9	1	-1	-1	75	3
15	2	11	1	-1	-1	79	6
15	2	11	1	-1	-1	5	0
15	3	9	1	-1	-1	35	2
15	3	9	1	1	1	2	0
15	2	11	1	1	1	7	0
15	2	11	1	1	1	21	1
15	3	9	1	1	1	5	0
15	2	11	1	1	1	28	2
15	3	9	1	-1	-1	36	2
15	2	11	1	-1	-1	9	1
15	2	11	1	1	1	5	0
15	1	13	1	-1	-1	21	1
15	3	9	1	0	0	303	21
15	2	11	1	-1	-1	8	0
15	3	9	1	1	1	38	3
15	2	11	1	1	1	8	0
15	3	9	1	1	1	79	6
15	3	9	1	1	1	34	2
15	3	9	1	-1	-1	96	8
15	3	9	1	-1	-1	21	1
15	3	9	1	1	1	19	1
15	1	13	1	-1	-1	19	1
15	2	11	1	0	0	38	3
15	1	13	1	1	1	2	0
15	2	11	1	-1	-1	5	0
15	3	9	1	-1	-1	98	7
15	2	11	1	-1	-1	57	4
15	2	11	1	1	1	4	0
15	2	11	1	-1	-1	3	0
15	2	11	1	-1	-1	25	2
15	2	11	1	-1	-1	46	3
15	2	11	1	1	1	2	0
15	2	11	1	0	0	93	6
15	2	11	1	0	0	102	7
15	2	11	1	1	1	68	5
15	1	13	1	-1	-1	3	0
15	2	11	1	1	1	2	0
15	3	9	1	1	1	30	2
15	1	13	1	-1	-1	3	0
15	2	11	1	0	0	70	6
15	1	13	1	1	1	5	0
15	2	11	1	1	1	2	0
15	1	13	1	1	1	4	0
15	2	11	1	1	1	3	0
15	1	13	1	1	1	4	0
15	2	11	1	1	1	2	0
15	3	9	1	-1	-1	85	6
15	2	11	1	1	1	2	0
15	2	11	1	-1	-1	51	3
15	2	11	1	1	1	4	0
15	1	13	1	-1	-1	5	0
15	1	13	1	1	1	4	0
15	2	11	1	-1	-1	37	3
15	2	11	1	1	1	9	1
15	1	13	1	1	1	2	0
16	2	12	1	1	1	23	2
16	3	10	1	0	0	528	37
16	2	12	1	1	1	2	0
16	2	12	1	1	1	2	0
16	3	10	1	1	1	169	13
16	3	10	1	-1	-1	5	0
16	3	10	1	-1	-1	129	11
16	3	10	1	1	1	224	15
16	3	10	1	1	1	73	7
16	3	10	1	1	1	2	0
16	3	10	1	-1	-1	29	3
16	2	12	1	1	1	6	0
16	2	12	1	-1	-1	5	0
16	2	12	1	-1	-1	3	0
16	3	10	1	1	1	2	0
16	3	10	1	1	1	117	8
16	3	10	1	-1	-1	161	10
16	3	10	1	1	1	11	0
16	3	10	1	-1	-1	50	3
16	2	12	1	1	1	62	5
16	3	10	1	1	1	2	0
16	3	10	1	-1	-1	79	6
16	2	12	1	1	1	2	0
16	3	10	1	-1	-1	109	8
16	2	12	1	-1	-1	3	0
16	3	10	1	-1	-1	130	8
16	1	14	1	0	0	7	0
16	3	10	1	-1	-1	3	0
16	3	10	1	-1	-1	5	0
16	3	10	1	1	1	48	4
16	3	10	1	-1	-1	98	5
16	3	10	1	1	1	78	6
16	2	12	1	-1	-1	50	3
16	2	12	1	-1	-1	32	2
16	3	10	1	0	0	50	4
16	3	10	1	-1	-1	59	4
16	2	12	1	1	1	4	0
16	2	12	1	0	0	190	14
16	3	10	1	1	1	20	1
16	3	10	1	-1	-1	83	4
16	3	10	1	1	1	128	10
16	3	10	1	1	1	7	0
16	2	12	1	1	1	12	0
16	2	12	1	1	1	6	0
16	2	12	1	-1	-1	17	1
16	2	12	1	-1	-1	26	2
16	2	12	1	-1	-1	28	2
16	3	10	1	1	1	42	2
16	3	10	1	-1	-1	32	2
16	3	10	1	1	1	283	20
16	3	10	1	1	1	12	0
16	2	12	1	1	1	14	1
16	3	10	1	-1	-1	68	4
16	3	10	1	1	1	50	4
16	2	12	1	1	1	6	0
16	3	10	1	-1	-1	151	10
16	3	10	1	1	1	40	4
16	2	12	1	-1	-1	3	0
16	2	12	1	-1	-1	3	0
16	3	10	1	-1	-1	132	11
16	4	8	1	1	1	24	2
16	4	8	1	-1	-1	17	1
16	3	10	1	-1	-1	37	3
16	2	12	1	1	1	3	0
16	2	12	1	1	1	24	2
16	3	10	1	-1	-1	35	2
16	3	10	1	1	1	2	0
16	2	12	1	1	1	8	0
16	3	10	1	1	1	2	0
16	1	14	1	-1	-1	3	0
16	3	10	1	-1	-1	145	11
16	3	10	1	-1	-1	43	3
16	3	10	1	-1	-1	3	0
16	1	14	1	-1	-1	3	0
16	3	10	1	-1	-1	216	12
16	2	12	1	-1	-1	17	1
16	2	12	1	1	1	8	0
16	3	10	1	1	1	72	6
16	1	14	1	-1	-1	6	0
16	3	10	1	-1	-1	19	1
16	2	12	1	-1	-1	3	0
16	2	12	1	-1	-1	13	1
16	3	10	1	-1	-1	39	2
16	3	10	1	-1	-1	70	5
16	2	12	1	-1	-1	21	2
16	3	10	1	1	1	65	5
16	2	12	1	1	1	2	0
16	3	10	1	-1	-1	5	0
16	2	12	1	1	1	6	0
16	3	10	1	1	1	2	0
16	3	10	1	0	0	92	6
16	3	10	1	1	1	76	5
16	2	12	1	1	1	4	0
16	3	10	1	1	1	112	6
16	2	12	1	1	1	38	3
16	2	12	1	0	0	2	0
16	3	10	1	1	1	38	3
16	2	12	1	1	1	70	7
16	2	12	1	1	1	2	0
16	2	12	1	-1	-1	20	1
16	4	8	1	-1	-1	116	10
16	2	12	1	-1	-1	3	0
16	4	8	1	-1	-1	21	2
16	3	10	1	-1	-1	25	5
16	2	12	1	-1	-1	47	6
16	2	12	1	-1	-1	14	2
16	4	8	1	1	1	369	26
16	3	10	1	-1	-1	37	3
16	2	12	1	1	1	15	1
16	3	10	1	1	1	149	11
16	3	10	1	1	1	4	0
16	3	10	1	1	1	2	0
16	1	14	1	1	1	2	0
16	3	10	1	1	1	112	8
16	2	12	1	-1	-1	142	10
16	3	10	1	1	1	58	4
16	3	10	1	1	1	47	4
16	2	12	1	1	1	9	0
16	4	8	1	0	0	532	36
16	2	12	1	1	1	2	0
16	2	12	1	-1	-1	26	2
16	3	10	1	-1	-1	46	3
16	2	12	1	-1	-1	7	0
16	2	12	1	-1	-1	16	1
16	2	12	1	1	1	4	0
16	2	12	1	-1	-1	12	0
16	3	10	1	1	1	4	0
16	4	8	1	0	0	294	20
16	2	12	1	1	1	16	1
16	3	10	1	-1	-1	61	5
16	2	12	1	1	1	6	0
16	4	8	1	-1	-1	129	8
16	2	12	1	1	1	8	1
16	3	10	1	1	1	111	18
16	3	10	1	-1	-1	47	7
16	1	14	1	1	1	2	0
16	3	10	1	1	1	256	20
16	3	10	1	1	1	45	4
16	2	12	1	1	1	2	0
16	2	12	1	1	1	10	1
16	3	10	1	1	1	2	0
16	3	10	1	-1	-1	60	3
16	3	10	1	-1	-1	105	7
16	3	10	1	-1	-1	194	13
16	3	10	1	-1	-1	42	3
16	2	12	1	1	1	6	0
16	2	12	1	-1	-1	7	1
16	3	10	1	0	0	50	3
16	3	10	1	-1	-1	23	2
16	2	12	1	-1	-1	3	0
16	4	8	1	1	1	53	3
16	3	10	1	1	1	88	9
16	3	10	1	-1	-1	21	2
16	2	12	1	-1	-1	5	0
16	2	12	1	1	1	2	0
16	2	12	1	-1	-1	29	3
16	4	8	1	-1	-1	626	41
16	3	10	1	1	1	58	5
16	4	8	1	1	1	22	1
16	2	12	1	1	1	5	0
16	3	10	1	1	1	21	1
16	2	12	1	-1	-1	22	2
16	3	10	1	0	0	199	13
16	3	10	1	-1	-1	69	4
16	3	10	1	-1	-1	23	1
16	3	10	1	1	1	130	10
16	3	10	1	1	1	8	0
16	3	10	1	1	1	44	4
16	1	14	1	1	1	26	1
16	3	10	1	1	1	2	0
16	3	10	1	1	1	64	8
16	2	12	1	-1	-1	5	1
16	3	10	1	1	1	8	0
16	3	10	1	1	1	2	0
16	4	8	1	1	1	98	8
16	2	12	1	1	1	15	1
16	2	12	1	-1	-1	37	2
16	2	12	1	1	1	6	0
16	2	12	1	1	1	6	0
16	2	12	1	0	0	2	0
16	2	12	1	1	1	10	0
16	3	10	1	-1	-1	131	10
16	3	10	1	1	1	20	1
16	3	10	1	1	1	324	21
16	3	10	1	1	1	227	14
16	2	12	1	1	1	4	0
16	2	12	1	1	1	4	0
16	2	12	1	1	1	5	0
16	3	10	1	-1	-1	3	0
16	2	12	1	-1	-1	45	3
16	3	10	1	-1	-1	108	6
16	3	10	1	-1	-1	21	1
16	3	10	1	1	1	35	2
16	3	10	1	1	1	7	0
16	2	12	1	0	0	2	0
16	2	12	1	1	1	2	0
16	3	10	1	1	1	2	0
16	2	12	1	0	0	44	3
16	3	10	1	1	1	2	0
16	3	10	1	-1	-1	3	0
16	2	12	1	1	1	6	0
16	2	12	1	1	1	12	1
16	3	10	1	1	1	5	0
16	2	12	1	-1	-1	9	0
16	3	10	1	1	1	24	1
16	2	12	1	-1	-1	3	0
16	3	10	1	-1	-1	6	0
16	3	10	1	0	0	269	19
16	3	10	1	-1	-1	6	0
16	3	10	1	1	1	107	8
16	3	10	1	-1	-1	54	3
16	4	8	1	1	1	2	0
16	3	10	1	1	1	64	4
16	2	12	1	1	1	7	0
16	3	10	1	1	1	2	0
16	3	10	1	1	1	93	6
16	3	10	1	-1	-1	71	5
16	3	10	1	1	1	2	0
16	3	10	1	0	0	103	7
16	1	14	1	1	1	2	0
16	2	12	1	-1	-1	3	0
16	3	10	1	0	0	691	43
16	2	12	1	1	1	5	0
16	3	10	1	1	1	2	0
16	3	10	1	1	1	27	2
16	2	12	1	-1	-1	7	0
16	2	12	1	-1	-1	149	10
16	3	10	1	1	1	98	8
16	2	12	1	-1	-1	3	0
16	2	12	1	1	1	19	2
16	3	10	1	1	1	170	20
16	3	10	1	1	1	30	4
16	3	10	1	-1	-1	3	0
16	2	12	1	1	1	15	1
16	1	14	1	1	1	14	1
16	3	10	1	1	1	2	0
16	3	10	1	1	1	48	3
16	3	10	1	1	1	21	1
16	3	10	1	1	1	18	1
16	2	12	1	1	1	14	1
16	3	10	1	-1	-1	350	26
16	2	12	1	1	1	2	0
16	3	10	1	1	1	102	6
16	1	14	1	1	1	10	0
16	3	10	1	1	1	14	1
16	4	8	1	1	1	43	2
16	2	12	1	-1	-1	5	0
16	3	10	1	-1	-1	25	2
16	3	10	1	-1	-1	33	2
16	3	10	1	-1	-1	17	1
16	3	10	1	-1	-1	19	1
16	3	10	1	0	0	89	9
16	3	10	1	1	1	2	0
16	3	10	1	1	1	76	5
16	2	12	1	1	1	2	0
16	2	12	1	-1	-1	81	5
16	2	12	1	1	1	5	0
16	2	12	1	-1	-1	13	0
16	3	10	1	1	1	10	0
16	3	10	1	-1	-1	195	19
16	2	12	1	-1	-1	28	3
16	3	10	1	-1	-1	38	3
16	3	10	1	1	1	48	4
16	3	10	1	-1	-1	21	1
16	2	12	1	1	1	2	0
16	3	10	1	1	1	37	2
16	2	12	1	-1	-1	7	0
16	2	12	1	-1	-1	3	0
16	2	12	1	-1	-1	3	0
16	3	10	1	-1	-1	12	0
16	3	10	1	1	1	83	6
16	3	10	1	1	1	229	13
16	3	10	1	1	1	6	0
16	3	10	1	-1	-1	14	0
16	2	12	1	-1	-1	76	14
16	3	10	1	1	1	125	9
16	2	12	1	1	1	4	0
16	3	10	1	1	1	2	0
16	2	12	1	-1	-1	7	0
16	2	12	1	-1	-1	6	0
16	2	12	1	-1	-1	7	0
16	2	12	1	1	1	350	25
16	2	12	1	-1	-1	12	1
16	2	12	1	-1	-1	7	0
16	3	10	1	-1	-1	56	3
16	2	12	1	0	0	37	2
16	3	10	1	1	1	66	3
16	3	10	1	-1	-1	122	7
16	3	10	1	1	1	7	0
16	2	12	1	-1	-1	3	0
16	3	10	1	-1	-1	11	0
16	3	10	1	1	1	2	0
16	3	10	1	0	0	111	7
16	1	14	1	1	1	2	0
16	3	10	1	1	1	10	1
16	2	12	1	-1	-1	105	8
16	3	10	1	-1	-1	28	1
16	4	8	1	1	1	65	2
16	2	12	1	1	1	6	0
16	3	10	1	-1	-1	177	12
17	3	11	1	1	1	60	5
17	4	9	1	-1	-1	155	12
17	2	13	1	1	1	11	0
17	4	9	1	-1	-1	291	18
17	4	9	1	1	1	2	0
17	3	11	1	1	1	75	7
17	3	11	1	1	1	58	9
17	3	11	1	-1	-1	215	27
17	3	11	1	1	1	49	5
17	3	11	1	-1	-1	36	3
17	4	9	1	0	0	703	45
17	3	11	1	1	1	91	7
17	3	11	1	-1	-1	80	5
17	3	11	1	1	1	35	2
17	3	11	1	1	1	111	8
17	2	13	1	1	1	8	0
17	2	13	1	-1	-1	3	0
17	3	11	1	1	1	2	0
17	3	11	1	-1	-1	69	5
17	3	11	1	1	1	39	2
17	3	11	1	1	1	237	22
17	4	9	1	-1	-1	76	5
17	3	11	1	-1	-1	134	9
17	4	9	1	1	1	35	2
17	2	13	1	-1	-1	5	0
17	3	11	1	1	1	4	0
17	3	11	1	-1	-1	3	0
17	3	11	1	1	1	4	0
17	3	11	1	1	1	10	0
17	2	13	1	1	1	22	1
17	3	11	1	-1	-1	238	21
17	3	11	1	-1	-1	64	4
17	3	11	1	1	1	4	0
17	4	9	1	-1	-1	77	3
17	4	9	1	0	0	1338	91
17	3	11	1	-1	-1	41	3
17	2	13	1	-1	-1	31	2
17	4	9	1	-1	-1	332	22
17	3	11	1	1	1	48	3
17	3	11	1	1	1	76	5
17	3	11	1	1	1	38	2
17	2	13	1	1	1	32	2
17	4	9	1	1	1	2	0
17	3	11	1	1	1	2	0
17	4	9	1	1	1	237	14
17	3	11	1	-1	-1	9	0
17	3	11	1	-1	-1	52	4
17	3	11	1	-1	-1	9	0
17	2	13	1	-1	-1	12	1
17	3	11	1	1	1	22	2
17	2	13	1	-1	-1	111	15
17	3	11	1	1	1	266	31
17	2	13	1	1	1	10	0
17	3	11	1	1	1	20	2
17	2	13	1	1	1	2	0
17	3	11	1	-1	-1	90	5
17	4	9	1	-1	-1	151	9
17	3	11	1	-1	-1	3	0
17	3	11	1	1	1	2	0
17	3	11	1	-1	-1	7	0
17	3	11	1	1	1	172	10
17	4	9	1	1	1	2	0
17	2	13	1	-1	-1	7	0
17	3	11	1	1	1	10	1
17	3	11	1	0	0	127	8
17	3	11	1	0	0	381	26
17	3	11	1	1	1	4	0
17	4	9	1	-1	-1	5	0
17	2	13	1	1	1	34	2
17	3	11	1	-1	-1	73	4
17	4	9	1	-1	-1	256	17
17	4	9	1	1	1	2	0
17	3	11	1	-1	-1	97	6
17	3	11	1	1	1	10	0
17	3	11	1	1	1	2	0
17	4	9	1	1	1	82	6
17	4	9	1	-1	-1	33	2
17	4	9	1	1	1	200	12
17	4	9	1	1	1	69	4
17	2	13	1	1	1	2	0
17	3	11	1	1	1	2	0
17	3	11	1	-1	-1	96	5
17	3	11	1	-1	-1	76	5
17	4	9	1	1	1	129	7
17	3	11	1	1	1	168	10
17	2	13	1	1	1	22	1
17	4	9	1	-1	-1	471	39
17	3	11	1	1	1	2	0
17	3	11	1	0	0	505	63
17	3	11	1	-1	-1	5	1
17	2	13	1	-1	-1	44	3
17	2	13	1	1	1	11	1
17	3	11	1	1	1	2	0
17	3	11	1	-1	-1	61	5
17	3	11	1	-1	-1	23	1
17	3	11	1	1	1	44	3
17	4	9	1	-1	-1	177	11
17	3	11	1	1	1	267	17
17	3	11	1	-1	-1	92	6
17	3	11	1	-1	-1	59	4
17	3	11	1	1	1	22	1
17	3	11	1	1	1	103	7
17	3	11	1	1	1	155	10
17	2	13	1	1	1	2	0
17	3	11	1	1	1	2	0
17	3	11	1	0	0	626	39
17	4	9	1	-1	-1	95	5
17	3	11	1	1	1	4	0
17	2	13	1	-1	-1	3	0
17	2	13	1	-1	-1	95	9
17	3	11	1	-1	-1	233	33
17	2	13	1	1	1	128	15
17	3	11	1	1	1	33	5
17	2	13	1	1	1	11	1
17	3	11	1	-1	-1	183	13
17	3	11	1	-1	-1	117	8
17	3	11	1	1	1	30	2
17	3	11	1	1	1	16	1
17	4	9	1	-1	-1	190	12
17	4	9	1	1	1	54	11
17	3	11	1	1	1	68	5
17	3	11	1	-1	-1	80	5
17	3	11	1	1	1	22	2
17	2	13	1	1	1	3	0
17	4	9	1	1	1	2	0
17	3	11	1	-1	-1	14	1
17	2	13	1	1	1	22	1
17	2	13	1	1	1	9	0
17	3	11	1	-1	-1	7	0
17	4	9	1	-1	-1	90	8
17	3	11	1	1	1	26	2
17	3	11	1	1	1	106	7
17	4	9	1	0	0	1195	76
17	4	9	1	-1	-1	1929	126
17	3	11	1	-1	-1	74	5
17	3	11	1	0	0	2	0
17	3	11	1	1	1	88	7
17	3	11	1	1	1	4	0
17	3	11	1	-1	-1	37	4
17	2	13	1	1	1	2	0
17	3	11	1	1	1	131	9
17	4	9	1	-1	-1	701	48
17	3	11	1	1	1	38	3
17	3	11	1	-1	-1	315	43
17	3	11	1	0	0	265	31
17	3	11	1	1	1	24	3
17	1	15	1	1	1	67	6
17	3	11	1	1	1	54	13
17	2	13	1	1	1	46	4
17	3	11	1	1	1	276	17
17	3	11	1	1	1	2	0
17	3	11	1	1	1	20	1
17	4	9	1	1	1	79	8
17	4	9	1	-1	-1	3904	216
17	4	9	1	0	0	283	21
17	2	13	1	1	1	8	0
17	4	9	1	-1	-1	90	4
17	3	11	1	1	1	16	1
17	3	11	1	-1	-1	7	1
17	2	13	1	-1	-1	7	0
17	3	11	1	1	1	80	6
17	3	11	1	-1	-1	12	1
17	2	13	1	1	1	18	1
17	2	13	1	-1	-1	9	0
17	3	11	1	0	0	142	12
17	3	11	1	1	1	84	8
17	3	11	1	1	1	18	2
17	4	9	1	1	1	78	6
17	3	11	1	-1	-1	293	24
17	3	11	1	-1	-1	95	7
17	3	11	1	-1	-1	443	71
17	3	11	1	-1	-1	43	7
17	3	11	1	-1	-1	82	16
17	1	15	1	-1	-1	5	1
17	3	11	1	1	1	22	2
17	3	11	1	-1	-1	99	8
17	4	9	1	1	1	263	21
17	3	11	1	-1	-1	256	23
17	3	11	1	1	1	63	6
17	4	9	1	0	0	958	66
17	2	13	1	1	1	30	3
17	4	9	1	-1	-1	961	76
17	2	13	1	1	1	9	1
17	2	13	1	-1	-1	169	15
17	3	11	1	1	1	36	3
17	4	9	1	-1	-1	487	38
17	3	11	1	0	0	921	73
17	3	11	1	1	1	2	0
17	5	7	1	1	1	921	71
17	3	11	1	1	1	42	3
17	3	11	1	1	1	2	0
17	3	11	1	1	1	93	9
17	4	9	1	1	1	289	23
17	3	11	1	1	1	6	1
17	3	11	1	-1	-1	51	4
17	3	11	1	1	1	127	12
17	3	11	1	1	1	197	18
17	2	13	1	-1	-1	13	1
17	3	11	1	-1	-1	98	10
17	4	9	1	-1	-1	172	16
17	3	11	1	-1	-1	3	1
17	2	13	1	1	1	14	3
17	4	9	1	-1	-1	119	17
17	3	11	1	-1	-1	155	19
17	3	11	1	1	1	230	19
17	3	11	1	1	1	18	2
17	3	11	1	-1	-1	91	8
17	3	11	1	-1	-1	7	1
17	2	13	1	1	1	5	0
17	4	9	1	1	1	45	4
17	3	11	1	1	1	6	0
17	3	11	1	1	1	162	13
17	4	9	1	1	1	2	0
17	3	11	1	-1	-1	27	2
17	4	9	1	-1	-1	3	0
17	3	11	1	1	1	94	9
17	2	13	1	-1	-1	7	1
17	2	13	1	-1	-1	43	4
17	2	13	1	-1	-1	149	15
17	3	11	1	1	1	118	12
17	3	11	1	-1	-1	7	0
17	2	13	1	-1	-1	27	3
17	4	9	1	-1	-1	84	5
17	2	13	1	-1	-1	3	0
17	3	11	1	-1	-1	136	11
17	4	9	1	-1	-1	71	6
17	2	13	1	1	1	6	0
17	4	9	1	-1	-1	461	30
17	3	11	1	-1	-1	66	5
17	4	9	1	-1	-1	72	5
17	4	9	1	-1	-1	371	30
17	2	13	1	1	1	13	1
17	3	11	1	-1	-1	107	10
17	3	11	1	1	1	133	10
17	3	11	1	-1	-1	3	0
17	4	9	1	1	1	58	6
17	3	11	1	1	1	8	1
17	3	11	1	1	1	9	1
17	3	11	1	-1	-1	52	5
17	3	11	1	1	1	20	2
17	3	11	1	-1	-1	247	21
17	4	9	1	1	1	38	3
17	3	11	1	-1	-1	252	23
17	3	11	1	-1	-1	145	13
17	3	11	1	1	1	555	63
17	3	11	1	1	1	182	27
17	3	11	1	-1	-1	19	3
17	3	11	1	-1	-1	191	17
17	4	9	1	1	1	14	1
17	2	13	1	1	1	6	1
17	3	11	1	-1	-1	194	24
17	2	13	1	1	1	10	1
17	2	13	1	-1	-1	65	6
17	3	11	1	1	1	6	1
17	2	13	1	1	1	13	1
17	4	9	1	1	1	847	71
17	3	11	1	1	1	6	1
17	3	11	1	-1	-1	3	0
17	3	11	1	1	1	712	52
17	4	9	1	-1	-1	338	24
17	4	9	1	0	0	996	69
17	3	11	1	1	1	8	0
17	4	9	1	-1	-1	1110	75
17	3	11	1	1	1	133	13
17	4	9	1	-1	-1	3	0
17	3	11	1	1	1	14	2
17	2	13	1	-1	-1	78	8
17	3	11	1	-1	-1	150	12
17	3	11	1	1	1	182	15
17	2	13	1	-1	-1	18	2
17	4	9	1	1	1	82	7
17	3	11	1	-1	-1	178	13
17	3	11	1	1	1	2	0
17	3	11	1	-1	-1	19	2
17	4	9	1	-1	-1	1240	98
17	4	9	1	1	1	675	55
17	4	9	1	1	1	18	1
17	4	9	1	1	1	6	1
17	3	11	1	-1	-1	5	0
17	3	11	1	1	1	4	0
17	3	11	1	-1	-1	23	3
17	3	11	1	1	1	4	0
17	4	9	1	1	1	28	3
17	4	9	1	1	1	31	3
17	3	11	1	1	1	116	9
17	3	11	1	1	1	22	2
17	5	7	1	1	1	932	61
17	3	11	1	-1	-1	69	6
17	4	9	1	0	0	1596	100
17	3	11	1	-1	-1	3	0
17	3	11	1	-1	-1	288	23
17	3	11	1	-1	-1	58	8
17	3	11	1	1	1	111	15
17	4	9	1	-1	-1	1199	157
17	3	11	1	1	1	121	21
17	2	13	1	-1	-1	19	2
17	3	11	1	1	1	83	6
17	4	9	1	-1	-1	95	4
17	2	13	1	1	1	15	2
17	3	11	1	0	0	271	31
18	3	12	1	1	1	80	7
18	2	14	1	1	1	66	8
18	4	10	1	1	1	281	28
18	4	10	1	-1	-1	232	22
18	4	10	1	-1	-1	78	6
18	4	10	1	-1	-1	2363	194
18	3	12	1	-1	-1	5	1
18	3	12	1	-1	-1	94	8
18	5	8	1	1	1	1065	96
18	3	12	1	1	1	41	4
18	4	10	1	1	1	101	8
18	3	12	1	1	1	56	4
18	4	10	1	-1	-1	36	2
18	3	12	1	-1	-1	45	4
18	4	10	1	-1	-1	557	47
18	3	12	1	1	1	73	6
18	3	12	1	-1	-1	153	13
18	5	8	1	1	1	56	5
18	5	8	1	1	1	1151	90
18	4	10	1	-1	-1	328	27
18	4	10	1	1	1	64	4
18	4	10	1	-1	-1	140	12
18	4	10	1	-1	-1	3	0
18	4	10	1	-1	-1	12	1
18	4	10	1	1	1	135	13
18	4	10	1	1	1	159	12
18	4	10	1	-1	-1	236	20
18	3	12	1	1	1	12	1
18	4	10	1	-1	-1	302	22
18	3	12	1	1	1	75	6
18	5	8	1	1	1	181	25
18	4	10	1	1	1	125	10
18	3	12	1	-1	-1	168	12
18	3	12	1	-1	-1	93	6
18	3	12	1	1	1	108	10
18	4	10	1	-1	-1	802	65
18	4	10	1	1	1	176	28
18	4	10	1	1	1	4	1
18	5	8	1	1	1	271	42
18	5	8	1	-1	-1	460	52
18	4	10	1	1	1	134	11
18	4	10	1	-1	-1	1467	102
18	3	12	1	1	1	16	1
18	3	12	1	-1	-1	3	0
18	3	12	1	-1	-1	480	40
18	4	10	1	1	1	127	11
18	4	10	1	-1	-1	2579	193
18	4	10	1	1	1	50	5
18	4	10	1	-1	-1	3	0
18	4	10	1	1	1	78	5
18	4	10	1	-1	-1	402	33
18	4	10	1	1	1	4	0
18	4	10	1	-1	-1	3320	263
18	5	8	1	-1	-1	558	35
18	3	12	1	1	1	6	0
18	4	10	1	-1	-1	2650	196
18	2	14	1	1	1	12	1
18	4	10	1	1	1	4	0
18	4	10	1	-1	-1	339	26
18	2	14	1	1	1	2	0
18	3	12	1	-1	-1	222	31
18	3	12	1	1	1	2	0
18	4	10	1	-1	-1	253	19
18	3	12	1	-1	-1	63	5
18	3	12	1	1	1	12	1
18	3	12	1	-1	-1	114	8
18	4	10	1	0	0	892	101
18	4	10	1	0	0	131	8
18	3	12	1	1	1	123	10
18	3	12	1	1	1	18	2
18	4	10	1	-1	-1	110	7
18	4	10	1	1	1	66	5
18	3	12	1	1	1	115	9
18	3	12	1	-1	-1	328	28
18	4	10	1	-1	-1	157	10
18	5	8	1	-1	-1	700	46
18	3	12	1	-1	-1	215	23
18	2	14	1	-1	-1	49	4
18	4	10	1	-1	-1	217	21
18	3	12	1	-1	-1	92	7
18	3	12	1	-1	-1	519	40
18	4	10	1	-1	-1	188	16
18	4	10	1	1	1	258	17
18	3	12	1	-1	-1	5	0
18	4	10	1	1	1	4	0
18	4	10	1	-1	-1	1437	99
18	3	12	1	-1	-1	77	6
18	3	12	1	-1	-1	9	0
18	3	12	1	1	1	248	32
18	4	10	1	-1	-1	85	11
18	4	10	1	1	1	2	0
18	3	12	1	1	1	40	8
18	3	12	1	-1	-1	3	0
18	4	10	1	-1	-1	242	17
18	3	12	1	-1	-1	3	0
18	3	12	1	-1	-1	197	13
18	3	12	1	1	1	2	0
18	5	8	1	-1	-1	782	53
18	5	8	1	1	1	617	51
18	3	12	1	-1	-1	210	16
18	3	12	1	-1	-1	3	0
18	3	12	1	-1	-1	107	8
18	5	8	1	1	1	554	41
18	4	10	1	-1	-1	611	49
18	4	10	1	-1	-1	947	74
18	4	10	1	-1	-1	21	2
18	4	10	1	-1	-1	79	6
18	4	10	1	-1	-1	535	39
18	3	12	1	1	1	8	1
18	4	10	1	-1	-1	3645	250
18	3	12	1	1	1	93	8
18	4	10	1	1	1	30	13
18	2	14	1	1	1	14	1
18	4	10	1	-1	-1	2390	177
18	4	10	1	1	1	11	1
18	2	14	1	-1	-1	33	2
18	3	12	1	1	1	8	0
18	5	8	1	1	1	398	30
18	3	12	1	-1	-1	92	7
18	3	12	1	1	1	23	3
18	3	12	1	1	1	2	0
18	4	10	1	-1	-1	17	2
18	4	10	1	1	1	62	6
18	3	12	1	-1	-1	259	25
18	4	10	1	1	1	113	18
18	3	12	1	-1	-1	170	14
18	3	12	1	1	1	4	0
18	3	12	1	1	1	83	6
18	4	10	1	-1	-1	484	39
18	4	10	1	-1	-1	103	9
18	4	10	1	1	1	52	3
18	3	12	1	1	1	68	6
18	3	12	1	-1	-1	666	43
18	2	14	1	1	1	2	0
18	4	10	1	1	1	783	58
18	4	10	1	-1	-1	13	0
18	4	10	1	1	1	34	2
18	2	14	1	-1	-1	33	4
18	4	10	1	-1	-1	77	6
18	3	12	1	-1	-1	7	1
18	4	10	1	1	1	958	70
18	4	10	1	-1	-1	6	0
18	3	12	1	1	1	8	0
18	4	10	1	1	1	1472	114
18	4	10	1	-1	-1	34	4
18	4	10	1	1	1	7	1
18	3	12	1	-1	-1	143	19
18	4	10	1	1	1	222	31
18	4	10	1	-1	-1	5	1
18	4	10	1	1	1	723	49
18	3	12	1	-1	-1	7	1
18	3	12	1	-1	-1	432	36
18	3	12	1	1	1	4	1
18	3	12	1	1	1	71	6
18	3	12	1	-1	-1	11	1
18	3	12	1	1	1	4	0
18	4	10	1	-1	-1	83	6
18	4	10	1	1	1	230	16
18	4	10	1	-1	-1	622	37
18	3	12	1	0	0	230	20
18	4	10	1	-1	-1	229	21
18	4	10	1	-1	-1	74	5
18	4	10	1	-1	-1	1971	149
18	4	10	1	1	1	83	6
18	3	12	1	-1	-1	23	2
18	3	12	1	1	1	6	0
18	4	10	1	1	1	176	14
18	3	12	1	-1	-1	11	1
18	5	8	1	-1	-1	1623	117
18	4	10	1	1	1	228	19
18	4	10	1	-1	-1	1508	115
18	4	10	1	0	0	2830	243
18	5	8	1	1	1	2349	377
18	2	14	1	1	1	222	40
18	3	12	1	-1	-1	52	5
18	3	12	1	0	0	418	30
18	4	10	1	-1	-1	1188	91
18	3	12	1	1	1	2	0
18	3	12	1	1	1	417	30
18	4	10	1	1	1	72	5
18	3	12	1	1	1	12	1
18	4	10	1	0	0	3739	265
18	4	10	1	-1	-1	1629	128
18	4	10	1	-1	-1	174	15
18	4	10	1	-1	-1	453	41
18	4	10	1	1	1	92	5
18	5	8	1	1	1	293	18
18	4	10	1	-1	-1	129	12
18	3	12	1	0	0	111	10
18	3	12	1	-1	-1	19	2
18	4	10	1	1	1	81	8
18	4	10	1	1	1	672	58
18	3	12	1	1	1	299	20
18	4	10	1	1	1	6	0
18	3	12	1	1	1	95	7
18	4	10	1	-1	-1	462	32
18	3	12	1	1	1	22	2
18	5	8	1	0	0	6790	468
18	4	10	1	-1	-1	172	17
18	3	12	1	-1	-1	838	101
18	3	12	1	1	1	8	1
18	4	10	1	1	1	134	12
18	5	8	1	-1	-1	72	4
18	4	10	1	1	1	33	2
18	4	10	1	1	1	459	38
18	3	12	1	1	1	4	0
18	4	10	1	1	1	100	7
18	4	10	1	1	1	495	39
18	3	12	1	0	0	541	44
18	3	12	1	-1	-1	12	1
18	5	8	1	1	1	108	11
18	5	8	1	1	1	698	51
18	3	12	1	1	1	32	2
18	4	10	1	0	0	1711	112
18	3	12	1	1	1	6	0
18	4	10	1	1	1	34	3
18	4	10	1	1	1	118	8
18	3	12	1	1	1	295	22
18	4	10	1	-1	-1	13	1
18	2	14	1	1	1	6	1
18	4	10	1	1	1	2	0
18	3	12	1	-1	-1	194	23
18	4	10	1	-1	-1	667	88
18	3	12	1	-1	-1	105	11
18	4	10	1	-1	-1	240	21
18	4	10	1	-1	-1	37	3
18	3	12	1	1	1	4	0
18	4	10	1	1	1	45	3
18	3	12	1	1	1	23	3
18	4	10	1	-1	-1	193	13
18	4	10	1	-1	-1	27	2
18	3	12	1	1	1	2	0
18	4	10	1	1	1	46	3
18	3	12	1	1	1	12	0
18	3	12	1	-1	-1	115	10
18	4	10	1	1	1	120	8
18	3	12	1	1	1	22	2
18	4	10	1	-1	-1	1112	85
18	4	10	1	1	1	331	28
18	4	10	1	1	1	60	5
18	3	12	1	-1	-1	15	1
18	4	10	1	-1	-1	1244	99
18	4	10	1	1	1	114	8
18	3	12	1	1	1	4	0
18	4	10	1	-1	-1	1840	137
18	3	12	1	-1	-1	96	8
18	3	12	1	-1	-1	543	59
18	3	12	1	-1	-1	43	7
18	5	8	1	-1	-1	896	115
18	4	10	1	1	1	102	9
18	5	8	1	1	1	883	51
18	3	12	1	1	1	151	12
18	4	10	1	-1	-1	1403	148
18	3	12	1	-1	-1	660	54
18	5	8	1	-1	-1	835	55
18	3	12	1	1	1	143	12
18	4	10	1	-1	-1	102	9
18	4	10	1	1	1	34	3
18	4	10	1	-1	-1	2493	153
18	3	12	1	0	0	363	29
18	4	10	1	-1	-1	387	36
18	3	12	1	-1	-1	107	10
18	3	12	1	-1	-1	288	23
18	4	10	1	1	1	350	30
18	4	10	1	0	0	1756	146
18	3	12	1	-1	-1	5	1
18	3	12	1	1	1	42	9
18	3	12	1	1	1	27	5
18	3	12	1	1	1	155	13
18	4	10	1	-1	-1	1164	83
18	3	12	1	1	1	209	17
18	4	10	1	-1	-1	658	61
18	4	10	1	-1	-1	466	56
18	4	10	1	1	1	184	14
18	5	8	1	1	1	1357	102
18	3	12	1	-1	-1	97	7
18	4	10	1	1	1	58	4
18	5	8	1	1	1	366	29
18	3	12	1	-1	-1	39	3
18	4	10	1	0	0	3909	275
18	5	8	1	-1	-1	849	66
18	3	12	1	1	1	12	1
18	5	8	1	-1	-1	902	67
18	5	8	1	1	1	799	71
18	4	10	1	-1	-1	934	61
18	4	10	1	-1	-1	1345	95
18	3	12	1	1	1	40	4
18	3	12	1	1	1	79	7
18	4	10	1	1	1	28	2
18	4	10	1	-1	-1	637	61
18	3	12	1	-1	-1	23	2
18	4	10	1	-1	-1	1020	75
18	5	8	1	1	1	645	57
18	4	10	1	-1	-1	1889	138
18	3	12	1	1	1	115	9
18	4	10	1	1	1	86	9
18	2	14	1	1	1	2	0
18	4	10	1	-1	-1	490	38
18	4	10	1	1	1	16	1
18	3	12	1	1	1	4	0
19	5	9	1	1	1	212	14
19	4	11	1	1	1	56	5
19	4	11	1	1	1	77	6
19	4	11	1	-1	-1	30	2
19	5	9	1	-1	-1	3143	247
19	4	11	1	-1	-1	49	4
19	3	13	1	1	1	40	3
19	5	9	1	1	1	869	73
19	5	9	1	-1	-1	1479	106
19	5	9	1	-1	-1	570	41
19	4	11	1	1	1	190	15
19	5	9	1	1	1	2685	257
19	4	11	1	-1	-1	19	3
19	5	9	1	1	1	688	99
19	4	11	1	1	1	159	13
19	5	9	1	1	1	582	44
19	4	11	1	-1	-1	5962	494
19	4	11	1	1	1	3611	288
19	4	11	1	-1	-1	1201	106
19	4	11	1	1	1	26	2
19	5	9	1	1	1	148	12
19	5	9	1	1	1	542	44
19	5	9	1	1	1	144	13
19	3	13	1	1	1	31	3
19	4	11	1	1	1	191	13
19	5	9	1	-1	-1	6640	476
19	6	7	1	0	0	26924	2156
19	5	9	1	-1	-1	33	3
19	4	11	1	1	1	104	10
19	5	9	1	1	1	604	47
19	5	9	1	1	1	1281	95
19	5	9	1	1	1	5191	379
19	4	11	1	0	0	46	5
19	4	11	1	-1	-1	65	4
19	5	9	1	1	1	1297	96
19	5	9	1	-1	-1	275	23
19	5	9	1	-1	-1	6870	481
19	4	11	1	1	1	270	26
19	3	13	1	1	1	2	0
19	5	9	1	0	0	607	54
19	5	9	1	1	1	467	34
19	4	11	1	0	0	47	4
19	4	11	1	1	1	104	8
19	4	11	1	-1	-1	291	35
19	4	11	1	1	1	3957	471
19	5	9	1	1	1	2	0
19	5	9	1	1	1	121	10
19	5	9	1	1	1	1524	106
19	5	9	1	1	1	155	20
19	5	9	1	-1	-1	2860	204
19	3	13	1	1	1	2	0
19	4	11	1	-1	-1	201	18
19	6	7	1	1	1	3438	258
19	4	11	1	1	1	226	27
19	4	11	1	1	1	96	6
19	4	11	1	1	1	80	5
19	4	11	1	1	1	320	22
19	4	11	1	1	1	2656	189
19	5	9	1	1	1	7819	573
19	4	11	1	1	1	66	7
19	5	9	1	1	1	268	34
19	5	9	1	-1	-1	1535	203
19	3	13	1	-1	-1	45	7
19	5	9	1	1	1	4529	316
19	4	11	1	-1	-1	1605	112
19	5	9	1	-1	-1	211	18
19	4	11	1	-1	-1	127	11
19	4	11	1	-1	-1	364	26
19	6	7	1	-1	-1	30008	2359
19	4	11	1	-1	-1	2366	189
19	5	9	1	1	1	656	50
19	4	11	1	1	1	3632	209
19	4	11	1	1	1	99	8
19	4	11	1	-1	-1	13	1
19	4	11	1	1	1	717	45
19	4	11	1	1	1	95	9
19	3	13	1	0	0	1906	135
19	5	9	1	-1	-1	200	33
19	5	9	1	1	1	39	4
19	4	11	1	-1	-1	765	95
19	4	11	1	-1	-1	46	5
19	5	9	1	1	1	2101	148
19	5	9	1	1	1	11436	701
19	4	11	1	1	1	4	0
19	5	9	1	1	1	1170	71
19	5	9	1	1	1	56	3
19	4	11	1	-1	-1	32	2
19	5	9	1	1	1	2	0
19	4	11	1	1	1	1896	133
19	4	11	1	-1	-1	175	13
19	3	13	1	1	1	2	0
19	5	9	1	1	1	5783	397
19	5	9	1	-1	-1	33	2
19	5	9	1	-1	-1	823	48
19	3	13	1	-1	-1	116	10
19	5	9	1	-1	-1	522	33
19	5	9	1	1	1	2175	153
19	4	11	1	1	1	279	44
19	4	11	1	-1	-1	62	8
19	4	11	1	-1	-1	691	65
19	3	13	1	1	1	137	12
19	4	11	1	-1	-1	3847	271
19	4	11	1	-1	-1	287	35
19	4	11	1	1	1	249	21
19	4	11	1	-1	-1	182	14
19	4	11	1	1	1	4	0
19	4	11	1	-1	-1	128	7
19	4	11	1	1	1	10	0
19	4	11	1	-1	-1	35	7
19	4	11	1	1	1	202	13
19	5	9	1	1	1	338	23
19	4	11	1	-1	-1	25	2
19	5	9	1	1	1	888	56
19	3	13	1	1	1	735	56
19	3	13	1	1	1	210	15
19	5	9	1	-1	-1	4444	284
19	4	11	1	1	1	2	0
19	5	9	1	1	1	1935	127
19	5	9	1	-1	-1	703	43
19	5	9	1	-1	-1	1070	68
19	3	13	1	1	1	435	30
19	4	11	1	-1	-1	136	11
19	5	9	1	1	1	314	22
19	5	9	1	-1	-1	537	40
19	5	9	1	-1	-1	2814	173
19	4	11	1	1	1	228	18
19	5	9	1	-1	-1	2678	161
19	4	11	1	1	1	3585	334
19	3	13	1	-1	-1	231	23
19	4	11	1	1	1	112	6
19	4	11	1	1	1	1623	102
19	4	11	1	-1	-1	12	1
19	3	13	1	-1	-1	54	4
19	5	9	1	1	1	1414	91
19	4	11	1	-1	-1	49	3
19	4	11	1	-1	-1	1558	110
19	4	11	1	1	1	498	37
19	4	11	1	1	1	91	6
19	4	11	1	1	1	192	14
19	4	11	1	1	1	131	10
19	3	13	1	-1	-1	9	1
19	5	9	1	1	1	174	17
19	4	11	1	1	1	738	46
19	5	9	1	1	1	1413	89
19	5	9	1	1	1	678	48
19	4	11	1	-1	-1	73	6
19	3	13	1	1	1	4	0
19	4	11	1	-1	-1	37	2
19	4	11	1	1	1	872	56
19	5	9	1	0	0	3965	277
19	4	11	1	1	1	726	84
19	4	11	1	-1	-1	16	3
19	5	9	1	1	0	6464	405
19	4	11	1	1	1	694	69
19	5	9	1	-1	-1	3804	255
19	4	11	1	1	1	46	3
19	5	9	1	0	0	2927	185
19	5	9	1	1	1	2182	139
19	4	11	1	-1	-1	219	15
19	4	11	1	-1	-1	1132	76
19	5	9	1	-1	-1	2881	181
19	4	11	1	-1	-1	123	7
19	4	11	1	1	1	26	2
19	3	13	1	1	1	11	1
19	4	11	1	1	1	308	22
19	5	9	1	-1	-1	280	19
19	4	11	1	-1	-1	318	22
19	4	11	1	-1	-1	151	8
19	5	9	1	-1	-1	453	28
19	4	11	1	-1	-1	349	23
19	6	7	1	0	0	10482	1242
19	4	11	1	1	1	286	21
19	3	13	1	1	1	2	0
19	5	9	1	1	1	20	1
19	5	9	1	-1	-1	3759	344
19	5	9	1	0	0	2425	154
19	5	9	1	-1	-1	675	49
19	4	11	1	-1	-1	4114	266
19	5	9	1	1	1	615	40
19	3	13	1	-1	-1	58	4
19	5	9	1	-1	-1	584	35
19	5	9	1	1	1	7505	399
19	5	9	1	1	1	8660	502
19	4	11	1	1	1	291	18
19	3	13	1	1	1	136	10
19	4	11	1	-1	-1	689	44
19	5	9	1	0	0	414	63
19	3	13	1	-1	-1	281	35
19	5	9	1	0	0	1350	178
19	4	11	1	-1	-1	11452	767
19	5	9	1	-1	-1	11397	765
19	4	11	1	-1	-1	5	0
19	3	13	1	1	1	643	39
19	4	11	1	1	1	506	40
19	5	9	1	-1	-1	7056	445
19	5	9	1	1	1	2405	160
19	5	9	1	-1	-1	796	46
19	5	9	1	-1	-1	2761	168
19	5	9	1	-1	-1	45	2
19	4	11	1	-1	-1	9	1
19	4	11	1	-1	-1	40	3
19	5	9	1	1	1	3446	199
19	5	9	1	1	1	614	42
19	4	11	1	1	1	242	31
19	3	13	1	1	1	120	17
19	5	9	1	0	0	662	90
19	4	11	1	-1	-1	593	42
19	5	9	1	1	1	3182	230
19	5	9	1	1	1	50	3
19	4	11	1	1	1	117	12
19	4	11	1	-1	-1	17	1
19	5	9	1	1	1	345	19
19	4	11	1	-1	-1	3821	262
19	5	9	1	-1	-1	1465	98
19	3	13	1	-1	-1	63	6
19	4	11	1	1	1	302	22
19	4	11	1	-1	-1	75	6
19	4	11	1	1	1	368	27
19	4	11	1	1	1	249	16
19	4	11	1	-1	-1	438	32
19	3	13	1	-1	-1	923	54
19	4	11	1	1	1	96	7
19	4	11	1	-1	-1	1460	115
19	5	9	1	1	1	3771	259
19	5	9	1	1	1	2188	130
19	5	9	1	-1	-1	2863	366
19	5	9	1	1	1	38	5
19	3	13	1	1	1	2	0
19	3	13	1	1	1	301	22
19	4	11	1	1	1	2003	129
19	4	11	1	1	1	28	3
19	3	13	1	-1	-1	5	1
19	3	13	1	-1	-1	47	3
19	4	11	1	1	1	1420	94
19	4	11	1	-1	-1	129	8
19	5	9	1	1	1	205	16
19	3	13	1	-1	-1	261	19
19	5	9	1	1	1	117	7
19	4	11	1	-1	-1	1494	96
19	4	11	1	-1	-1	7	0
19	5	9	1	1	0	1603	114
19	4	11	1	1	1	202	11
19	3	13	1	-1	-1	67	4
19	4	11	1	-1	-1	167	12
19	3	13	1	-1	-1	37	4
19	4	11	1	-1	-1	43	4
19	5	9	1	-1	-1	1002	79
19	4	11	1	1	1	475	30
19	6	7	1	-1	-1	52207	3274
19	4	11	1	-1	-1	25	2
19	4	11	1	-1	-1	4000	284
19	4	11	1	1	1	166	10
19	4	11	1	1	1	828	55
19	5	9	1	-1	-1	367	23
19	5	9	1	-1	-1	2738	182
19	3	13	1	1	1	4	0
19	4	11	1	-1	-1	42	4
19	4	11	1	1	1	52	4
19	5	9	1	1	1	1048	79
19	4	11	1	1	1	193	13
19	4	11	1	-1	-1	93	9
19	4	11	1	1	1	174	26
19	4	11	1	-1	-1	89	12
19	4	11	1	1	1	58	5
19	5	9	1	-1	-1	3817	244
19	4	11	1	-1	-1	7285	513
19	5	9	1	1	1	6721	595
19	4	11	1	1	1	38	4
19	3	13	1	1	1	10	1
19	5	9	1	1	1	3113	211
19	5	9	1	1	1	1673	125
19	4	11	1	0	0	408	33
19	3	13	1	1	1	5	0
19	4	11	1	-1	-1	35	2
19	4	11	1	1	1	214	13
19	5	9	1	-1	-1	11583	796
19	5	9	1	1	1	567	37
19	5	9	1	1	1	338	24
19	5	9	1	1	1	1044	52
19	3	13	1	-1	-1	548	42
19	4	11	1	-1	-1	37	2
19	4	11	1	-1	-1	37	3
19	3	13	1	1	1	2	0
19	3	13	1	-1	-1	11	1
19	5	9	1	1	1	1083	82
19	3	13	1	1	1	260	17
19	4	11	1	1	1	83	6
19	4	11	1	-1	-1	477	37
19	5	9	1	1	1	105	9
19	4	11	1	-1	-1	381	25
19	5	9	1	1	1	2	0
19	4	11	1	1	1	31	2
19	4	11	1	-1	-1	90	7
19	4	11	1	1	1	138	12
19	4	11	1	-1	-1	3153	233
19	5	9	1	-1	-1	213	16
19	4	11	1	0	0	475	37
19	4	11	1	-1	-1	537	39
19	3	13	1	1	1	55	5
19	3	13	1	-1	-1	18	1
20	5	10	1	0	0	5520	404
20	4	12	1	0	0	291	17
20	5	10	1	-1	-1	77	6
20	5	10	1	1	1	4200	372
20	5	10	1	-1	-1	1304	182
20	5	10	1	-1	-1	85	9
20	4	12	1	-1	-1	378	51
20	5	10	1	-1	-1	1517	116
20	5	10	1	1	1	1272	97
20	4	12	1	-1	-1	198	16
20	6	8	1	1	1	31439	2168
20	5	10	1	-1	-1	8346	624
20	5	10	1	-1	-1	16614	1197
20	6	8	1	-1	-1	7835	635
20	4	12	1	-1	-1	3826	264
20	4	12	1	1	1	2197	153
20	5	10	1	-1	-1	112	7
20	5	10	1	-1	-1	85	8
20	6	8	1	1	1	7406	1048
20	6	8	1	-1	-1	95853	9723
20	4	12	1	-1	-1	1837	160
20	4	12	1	1	1	1000	75
20	6	8	1	1	1	11204	824
20	5	10	1	1	1	2656	190
20	3	14	1	1	1	43	3
20	5	10	1	1	1	7	0
20	6	8	1	-1	0	90053	8198
20	5	10	1	-1	-1	1605	128
20	5	10	1	-1	-1	10005	651
20	6	8	1	-1	-1	20661	1487
20	3	14	1	1	1	1143	98
20	5	10	1	-1	-1	910	52
20	6	8	1	-1	-1	18548	1377
20	5	10	1	1	1	882	126
20	4	12	1	1	1	56	5
20	4	12	1	1	1	4	0
20	5	10	1	-1	-1	1997	146
20	5	10	1	-1	-1	8	0
20	4	12	1	-1	-1	215	17
20	6	8	1	-1	-1	12457	913
20	5	10	1	1	1	18	1
20	5	10	1	-1	-1	776	56
20	6	8	1	1	1	335	21
20	4	12	1	1	1	4902	327
20	4	12	1	-1	-1	13	1
20	3	14	1	1	1	16	1
20	3	14	1	-1	-1	313	31
20	4	12	1	1	1	118	10
20	5	10	1	1	1	3097	218
20	4	12	1	1	1	394	28
20	6	8	1	-1	-1	33897	3589
20	5	10	1	-1	-1	10777	937
20	5	10	1	1	1	8606	553
20	4	12	1	1	1	20	2
20	5	10	1	1	1	2873	196
20	4	12	1	1	1	59	4
20	5	10	1	1	1	447	31
20	5	10	1	1	1	994	72
20	5	10	1	-1	-1	3	0
20	6	8	1	-1	-1	14533	1026
20	5	10	1	1	1	72	5
20	3	14	1	1	1	64	5
20	4	12	1	-1	-1	651	52
20	5	10	1	1	1	2125	144
20	5	10	1	-1	-1	26143	2749
20	4	12	1	-1	-1	2961	261
20	5	10	1	1	1	62	4
20	5	10	1	1	1	676	50
20	5	10	1	1	1	5767	403
20	4	12	1	1	1	337	26
20	5	10	1	1	1	20956	1448
20	6	8	1	0	0	3303	265
20	6	8	1	-1	-1	704	46
20	5	10	1	-1	-1	4391	270
20	5	10	1	1	1	866	63
20	5	10	1	1	1	452	37
20	5	10	1	1	1	4	0
20	4	12	1	-1	-1	853	50
20	3	14	1	-1	-1	35	3
20	5	10	1	1	1	1584	108
20	6	8	1	-1	-1	1677	88
20	4	12	1	1	1	872	60
20	5	10	1	1	1	49	4
20	5	10	1	1	1	7432	533
20	4	12	1	1	1	3070	414
20	4	12	1	1	1	231	27
20	4	12	1	-1	-1	5622	405
20	4	12	1	1	1	44	3
20	4	12	1	1	1	18	1
20	4	12	1	1	1	2	0
20	5	10	1	1	1	890	63
20	5	10	1	-1	-1	7	1
20	4	12	1	-1	-1	5	0
20	5	10	1	-1	-1	333	26
20	5	10	1	1	1	1437	104
20	3	14	1	-1	-1	33	2
20	4	12	1	1	1	58	6
20	4	12	1	-1	-1	14605	948
20	6	8	1	-1	-1	32270	2455
20	5	10	1	1	1	23706	2785
20	5	10	1	1	1	1403	132
20	4	12	1	-1	-1	240	18
20	4	12	1	1	1	2900	203
20	5	10	1	-1	-1	1584	117
20	5	10	1	1	1	889	62
20	5	10	1	1	1	24	1
20	5	10	1	1	1	177	13
20	5	10	1	1	1	676	54
20	4	12	1	1	1	216	16
20	5	10	1	-1	-1	5265	347
20	5	10	1	1	1	646	50
20	4	12	1	-1	-1	4987	389
20	5	10	1	-1	-1	2850	208
20	4	12	1	1	1	15	2
20	5	10	1	1	1	2	0
20	4	12	1	1	1	500	65
20	5	10	1	-1	-1	2023	184
20	5	10	1	-1	-1	31484	2399
20	5	10	1	1	1	23067	1932
20	5	10	1	-1	-1	1396	90
20	5	10	1	1	1	249	19
20	5	10	1	1	1	777	123
20	5	10	1	1	1	209	31
20	4	12	1	-1	-1	324	30
20	5	10	1	1	1	2155	182
20	5	10	1	1	1	112	14
20	5	10	1	1	1	2993	219
20	6	8	1	1	1	25882	1617
20	4	12	1	1	1	111	8
20	5	10	1	1	1	904	64
20	5	10	1	1	1	4376	274
20	4	12	1	-1	-1	4687	284
20	5	10	1	1	1	497	38
20	5	10	1	1	1	76	5
20	4	12	1	-1	-1	12	1
20	5	10	1	-1	-1	17701	1210
20	5	10	1	1	1	1725	105
20	4	12	1	1	1	45	4
20	5	10	1	-1	-1	5	0
20	6	8	1	1	1	5046	432
20	4	12	1	-1	-1	1316	177
20	5	10	1	-1	-1	7	2
20	4	12	1	1	1	72	9
20	5	10	1	1	1	144	20
20	5	10	1	1	1	630	52
20	5	10	1	-1	-1	646	38
20	6	8	1	0	0	26272	1936
20	5	10	1	1	1	4527	291
20	5	10	1	-1	-1	705	47
20	5	10	1	1	1	453	32
20	5	10	1	-1	-1	461	33
20	5	10	1	1	1	2987	186
20	5	10	1	-1	-1	5365	365
20	4	12	1	-1	-1	185	14
20	5	10	1	1	1	836	53
20	4	12	1	-1	-1	47	3
20	5	10	1	1	1	12076	674
20	5	10	1	-1	-1	4492	320
20	5	10	1	-1	-1	1908	120
20	5	10	1	1	1	545	42
20	5	10	1	1	1	22	2
20	5	10	1	-1	-1	7429	485
20	5	10	1	-1	-1	13681	920
20	6	8	1	-1	-1	1678	107
20	5	10	1	-1	-1	459	34
20	5	10	1	-1	-1	26764	1733
20	5	10	1	-1	-1	3176	498
20	5	10	1	1	1	165	19
20	5	10	1	-1	-1	682	49
20	4	12	1	1	1	39	2
20	5	10	1	1	1	92	4
20	5	10	1	1	1	3040	197
20	5	10	1	1	1	51	4
20	5	10	1	-1	-1	14390	994
20	5	10	1	0	0	5252	353
20	5	10	1	0	0	45643	3680
20	4	12	1	-1	-1	857	136
20	5	10	1	-1	-1	2271	316
20	6	8	1	0	-1	21652	1946
20	4	12	1	-1	-1	5380	420
20	4	12	1	-1	-1	4965	354
20	4	12	1	-1	-1	8173	539
20	5	10	1	1	1	3682	278
20	5	10	1	-1	-1	750	59
20	5	10	1	1	1	7637	584
20	5	10	1	1	1	147	12
20	4	12	1	-1	-1	175	16
20	5	10	1	1	1	1002	149
20	4	12	1	1	1	463	64
20	4	12	1	-1	-1	85	11
20	5	10	1	1	1	125	11
20	5	10	1	1	1	2	0
20	5	10	1	-1	-1	9643	1204
20	5	10	1	-1	-1	2342	262
20	6	8	1	-1	-1	29583	3947
20	5	10	1	1	1	2	0
20	4	12	1	-1	-1	40	6
20	4	12	1	1	1	23	2
20	5	10	1	1	1	42	5
20	5	10	1	1	1	20916	2332
20	5	10	1	1	1	3115	365
20	4	12	1	-1	-1	6126	711
20	5	10	1	1	1	6	0
20	4	12	1	1	1	12	2
20	5	10	1	-1	-1	793	90
20	6	8	1	-1	-1	14535	1851
20	6	8	1	1	1	53862	7051
20	5	10	1	1	1	2787	323
20	5	10	1	-1	-1	1819	206
20	6	8	1	-1	-1	23598	2991
20	4	12	1	1	1	99	13
20	4	12	1	-1	-1	41	4
20	3	14	1	-1	-1	98	10
20	6	8	1	-1	-1	31992	4159
20	5	10	1	-1	-1	32	3
20	4	12	1	1	1	614	66
20	4	12	1	1	1	301	30
20	5	10	1	-1	-1	1184	135
20	5	10	1	1	1	190	24
20	5	10	1	-1	-1	6996	757
20	5	10	1	1	1	71	6
20	5	10	1	-1	-1	459	57
20	5	10	1	-1	-1	3538	440
20	5	10	1	-1	-1	19	3
20	6	8	1	-1	-1	12821	1630
20	5	10	1	1	1	1118	129
20	4	12	1	-1	-1	90	12
20	5	10	1	-1	-1	903	99
20	4	12	1	-1	-1	6892	756
20	4	12	1	1	1	63	8
20	4	12	1	1	1	508	57
20	5	10	1	0	0	3460	419
20	5	10	1	-1	-1	2277	281
20	4	12	1	1	1	1714	190
20	4	12	1	-1	-1	384	42
20	5	10	1	-1	-1	198	20
20	5	10	1	-1	1	21212	2607
20	5	10	1	1	1	570	74
20	5	10	1	-1	-1	7327	998
20	5	10	1	1	1	229	28
20	5	10	1	1	1	1498	160
20	4	12	1	1	1	593	58
20	5	10	1	-1	-1	3	0
20	5	10	1	-1	-1	4573	522
20	5	10	1	0	-1	19954	2388
20	5	10	1	1	1	3752	466
20	5	10	1	-1	-1	2277	274
20	5	10	1	1	1	1902	213
20	5	10	1	-1	-1	3540	402
20	6	8	1	0	0	48622	5636
20	4	12	1	1	1	972	93
20	4	12	1	1	1	296	35
20	5	10	1	1	1	1748	155
20	4	12	1	-1	-1	8519	909
20	4	12	1	1	1	100	10
20	4	12	1	-1	-1	481	56
20	4	12	1	1	1	2	0
20	6	8	1	-1	-1	18270	2006
20	5	10	1	1	0	2324	270
20	5	10	1	1	1	75	11
20	5	10	1	-1	-1	3155	303
20	6	8	1	-1	-1	25131	3162
20	5	10	1	-1	-1	2032	234
20	5	10	1	1	1	1334	89
20	5	10	1	1	1	416	43
20	5	10	1	-1	-1	450	46
20	6	8	1	-1	-1	12466	1411
20	3	14	1	1	1	11	2
20	5	10	1	1	1	1844	202
20	5	10	1	1	1	193	23
20	4	12	1	-1	-1	322	31
20	4	12	1	1	1	244	23
20	4	12	1	-1	-1	11	1
20	6	8	1	1	1	4507	435
20	4	12	1	1	1	8	1
20	4	12	1	-1	-1	6531	665
20	6	8	1	1	1	564	57
20	4	12	1	1	1	521	60
20	5	10	1	-1	-1	16641	1862
20	5	10	1	1	1	982	95
20	3	14	1	-1	-1	83	9
20	5	10	1	-1	-1	1015	98
20	4	12	1	-1	-1	152	17
20	5	10	1	1	1	4536	519
20	5	10	1	1	1	390	54
20	5	10	1	-1	-1	617	55
20	4	12	1	-1	-1	1729	163
20	4	12	1	-1	-1	1932	209
20	5	10	1	-1	-1	45	5
20	6	8	1	-1	-1	31	4
20	5	10	1	1	1	472	47
20	6	8	1	1	1	2090	207
20	5	10	1	1	1	2886	319
20	5	10	1	-1	-1	8351	1111
20	5	10	1	1	1	188	20
20	5	10	1	-1	-1	1502	153
20	5	10	1	-1	-1	4294	433
20	6	8	1	-1	-1	17208	1416
20	4	12	1	1	1	209	22
20	4	12	1	-1	-1	545	38
21	6	9	1	1	1	2344	146
21	4	13	1	-1	-1	441	28
21	5	11	1	-1	-1	259	19
21	5	11	1	-1	-1	92	8
21	6	9	1	-1	-1	17689	1210
21	5	11	1	-1	-1	1545	113
21	4	13	1	1	1	16272	1126
21	5	11	1	1	1	3112	241
21	6	9	1	-1	-1	6133	426
21	6	9	1	-1	-1	47753	4752
21	6	9	1	-1	-1	9463	747
21	6	9	1	1	1	148316	15004
21	5	11	1	1	1	371	36
21	5	11	1	1	1	14744	1256
21	6	9	1	-1	-1	6347	545
21	6	9	1	-1	-1	27409	2246
21	6	9	1	1	1	120468	10952
21	5	11	1	1	1	3859	353
21	6	9	1	-1	-1	28397	2532
21	6	9	1	-1	-1	30930	2340
21	5	11	1	1	1	2003	176
21	5	11	1	1	1	560	50
21	6	9	1	-1	-1	129374	13564
21	6	9	1	1	1	38378	3183
21	6	9	1	1	1	16079	1069
21	5	11	1	-1	-1	4009	444
21	4	13	1	1	1	628	118
21	5	11	1	1	1	11321	913
21	5	11	1	1	1	308	25
21	4	13	1	1	1	99	7
21	5	11	1	1	1	79	6
21	6	9	1	1	1	10314	807
21	6	9	1	1	1	2278	162
21	5	11	1	1	1	563	47
21	5	11	1	1	1	163	11
21	5	11	1	1	1	1186	98
21	6	9	1	1	1	7953	653
21	5	11	1	1	1	320	24
21	6	9	1	-1	-1	43430	4671
21	5	11	1	1	1	26	2
21	5	11	1	1	1	14390	1040
21	5	11	1	1	1	917	72
21	6	9	1	1	1	1693	129
21	5	11	1	1	1	183	14
21	6	9	1	1	1	367	29
21	5	11	1	-1	-1	18945	1628
21	6	9	1	-1	-1	491	87
21	5	11	1	0	0	10660	1045
21	4	13	1	-1	-1	5010	414
21	5	11	1	0	0	432	35
21	6	9	1	-1	-1	2268	154
21	5	11	1	1	1	219	16
21	6	9	1	1	1	22841	1883
21	5	11	1	1	1	131	9
21	7	7	1	-1	-1	48976	4555
21	6	9	1	1	1	40057	3577
21	4	13	1	-1	-1	585	55
21	6	9	1	-1	-1	4689	362
21	6	9	1	-1	-1	1967	131
21	4	13	1	1	1	281	20
21	5	11	1	-1	-1	3291	512
21	5	11	1	-1	-1	4347	444
21	6	9	1	-1	-1	7388	768
21	5	11	1	1	1	6225	694
21	5	11	1	1	1	122	10
21	5	11	1	0	0	30714	2725
21	5	11	1	1	1	4150	353
21	5	11	1	1	1	1571	119
21	5	11	1	1	1	3597	440
21	5	11	1	-1	-1	2504	320
21	5	11	1	1	1	1566	131
21	5	11	1	1	1	3178	278
21	5	11	1	1	1	2	0
21	5	11	1	-1	-1	564	47
21	6	9	1	-1	-1	7836	527
21	5	11	1	1	1	1522	131
21	5	11	1	1	1	3740	312
21	6	9	1	1	1	3664	295
21	5	11	1	1	1	1355	106
21	5	11	1	1	1	1587	125
21	4	13	1	-1	-1	1318	125
21	7	7	1	1	1	1531	94
21	5	11	1	0	0	922	66
21	5	11	1	1	1	28	2
21	6	9	1	-1	-1	143928	15620
21	4	13	1	1	1	430	36
21	5	11	1	1	1	9673	790
21	6	9	1	-1	-1	189320	19922
21	6	9	1	-1	-1	3977	372
21	5	11	1	1	1	1633	111
21	5	11	1	1	1	56	4
21	5	11	1	1	1	3177	251
21	7	7	1	1	1	16383	1317
21	6	9	1	-1	-1	102330	12103
21	6	9	1	1	1	16081	1258
21	6	9	1	-1	-1	43149	5283
21	5	11	1	1	1	1400	468
21	3	15	1	1	1	3080	270
21	5	11	1	1	1	7170	584
21	6	9	1	-1	-1	17963	1930
21	5	11	1	-1	-1	1199	110
21	6	9	1	1	1	17621	1491
21	7	7	1	1	1	55935	6762
21	6	9	1	-1	-1	14588	1808
21	5	11	1	1	1	3680	317
21	5	11	1	1	1	9352	1157
21	5	11	1	1	1	1938	397
21	5	11	1	-1	-1	1849	164
21	5	11	1	-1	-1	1173	75
21	6	9	1	1	1	3868	227
21	6	9	1	1	1	690	43
21	6	9	1	-1	-1	72429	5488
21	6	9	1	1	1	60	13
21	6	9	1	-1	-1	5596	404
21	5	11	1	1	1	135	12
21	5	11	1	0	0	18400	1307
21	6	9	1	1	1	3920	297
21	5	11	1	-1	-1	710	50
21	4	13	1	1	1	352	26
21	6	9	1	1	1	3555	220
21	5	11	1	-1	-1	31	2
21	5	11	1	0	0	11648	809
21	5	11	1	-1	-1	3	0
21	4	13	1	-1	-1	5	0
21	6	9	1	-1	-1	8205	989
21	4	13	1	1	1	26	3
21	5	11	1	1	1	227	14
21	5	11	1	1	1	8164	641
21	6	9	1	-1	-1	587	44
21	6	9	1	1	1	18	1
21	5	11	1	-1	-1	49	3
21	6	9	1	-1	-1	7987	465
21	6	9	1	-1	-1	8496	629
21	5	11	1	1	1	2597	186
21	6	9	1	1	-1	3080	168
21	5	11	1	-1	-1	1156	86
21	6	9	1	-1	-1	26938	2648
21	5	11	1	1	1	669	60
21	5	11	1	-1	-1	401	58
21	5	11	1	-1	-1	2933	195
21	5	11	1	-1	-1	2414	145
21	5	11	1	-1	-1	1349	87
21	5	11	1	-1	-1	14503	924
21	5	11	1	-1	-1	3246	217
21	5	11	1	-1	-1	483	28
21	5	11	1	1	1	4282	278
21	6	9	1	-1	-1	92966	8436
21	6	9	1	1	1	32474	3707
21	5	11	1	1	1	9178	755
21	6	9	1	0	0	91903	8402
21	7	7	1	1	1	28949	2227
21	7	7	1	1	1	226058	18864
21	6	9	1	-1	-1	65851	6493
21	5	11	1	-1	-1	665	55
21	5	11	1	-1	-1	1979	131
21	5	11	1	-1	-1	1954	128
21	6	9	1	1	1	898	56
21	5	11	1	1	1	18397	1291
21	5	11	1	1	1	5465	407
21	5	11	1	-1	-1	6143	441
21	6	9	1	1	1	1592	115
21	6	9	1	-1	-1	1154	74
21	5	11	1	1	1	2996	205
21	6	9	1	-1	-1	13860	1124
21	6	9	1	-1	-1	45750	4350
21	5	11	1	1	1	30	3
21	4	13	1	-1	-1	22	2
21	5	11	1	-1	-1	1896	133
21	5	11	1	-1	-1	25865	2608
21	5	11	1	-1	-1	1118	87
21	4	13	1	-1	-1	207	16
21	7	7	1	1	1	16383	1175
21	6	9	1	1	1	667	27
21	6	9	1	0	0	16929	1087
21	5	11	1	1	1	122	8
21	6	9	1	1	1	14064	1028
21	5	11	1	1	1	1863	150
21	6	9	1	1	1	135	6
21	6	9	1	-1	-1	15564	1025
21	6	9	1	-1	-1	48318	4629
21	5	11	1	1	1	1487	127
21	5	11	1	1	1	1391	96
21	6	9	1	-1	-1	27682	2042
21	5	11	1	1	1	1377	102
21	6	9	1	1	1	6567	425
21	5	11	1	1	1	1616	122
21	6	9	1	-1	-1	44638	4362
21	6	9	1	-1	-1	55180	4498
21	4	13	1	1	1	111	11
21	5	11	1	1	1	4427	314
21	5	11	1	1	1	1948	285
21	6	9	1	-1	-1	10654	1067
21	5	11	1	1	1	3885	330
21	6	9	1	-1	-1	33728	2446
21	4	13	1	1	1	96	8
21	4	13	1	1	1	1427	106
21	6	9	1	1	1	17811	1181
21	6	9	1	1	1	1656	134
21	5	11	1	1	1	36678	3733
21	7	7	1	1	1	1330	131
21	5	11	1	1	1	3758	275
21	6	9	1	1	1	456	35
21	4	13	1	-1	-1	6616	445
21	6	9	1	1	1	5652	328
21	4	13	1	1	1	667	46
21	5	11	1	1	1	662	44
21	6	9	1	1	1	990	59
21	5	11	1	-1	-1	2155	155
21	5	11	1	1	1	352	25
21	7	7	1	-1	-1	84853	7761
21	6	9	1	1	1	2911	265
21	4	13	1	1	1	144	9
21	6	9	1	-1	-1	82217	8045
21	5	11	1	1	1	25061	2105
21	5	11	1	1	1	2299	185
21	5	11	1	-1	-1	7363	560
21	5	11	1	-1	-1	16585	1185
21	5	11	1	1	1	46	7
21	4	13	1	1	1	397	73
21	5	11	1	1	1	9639	894
21	6	9	1	1	1	20193	1543
21	5	11	1	-1	-1	771	57
21	6	9	1	1	1	2955	185
21	6	9	1	1	1	5780	385
21	6	9	1	-1	-1	430	28
21	5	11	1	-1	-1	7296	506
21	5	11	1	-1	-1	329	36
21	6	9	1	-1	-1	476	45
21	5	11	1	-1	-1	2410	282
21	5	11	1	-1	-1	1606	118
21	5	11	1	1	1	110	15
21	6	9	1	1	1	8805	618
21	5	11	1	1	1	6621	466
21	6	9	1	-1	-1	2890	172
21	5	11	1	1	1	4299	313
21	6	9	1	-1	-1	344	29
21	6	9	1	1	1	2394	166
21	5	11	1	-1	-1	242	16
21	5	11	1	1	1	169	9
21	6	9	1	1	1	81622	8165
21	6	9	1	1	1	2	0
21	7	7	1	1	1	11403	712
21	6	9	1	-1	-1	171	12
21	5	11	1	-1	-1	8207	543
21	7	7	1	-1	-1	96968	7714
21	5	11	1	1	1	949	67
21	7	7	1	1	1	30986	3646
21	5	11	1	0	0	4881	451
21	6	9	1	-1	-1	118054	12268
21	5	11	1	1	1	1229	95
21	5	11	1	1	1	26547	2163
21	5	11	1	1	1	2271	261
21	5	11	1	1	1	3094	247
21	7	7	1	-1	-1	7835	474
21	5	11	1	1	1	6925	414
21	6	9	1	-1	-1	805	57
21	6	9	1	-1	-1	29165	2200
21	6	9	1	-1	-1	33865	3939
21	6	9	1	1	1	548	41
21	5	11	1	1	1	30	2
21	5	11	1	-1	-1	40214	2444
21	6	9	1	-1	-1	37114	2919
21	6	9	1	-1	-1	10033	1392
21	5	11	1	1	1	2970	334
21	5	11	1	1	1	309	23
21	6	9	1	-1	-1	19642	1423
21	6	9	1	-1	-1	16764	1158
21	6	9	1	-1	-1	190690	18924
21	6	9	1	1	1	731	62
21	5	11	1	-1	-1	1764	133
21	6	9	1	-1	-1	2274	172
21	6	9	1	1	1	749	54
21	5	11	1	1	1	120	10
21	6	9	1	-1	-1	53142	5191
21	6	9	1	1	1	42274	3212
21	5	11	1	0	0	12168	760
21	5	11	1	-1	-1	406	24
21	5	11	1	1	1	200	17
21	5	11	1	-1	-1	114	7
21	5	11	1	1	1	2	0
21	5	11	1	1	1	3073	192
21	5	11	1	-1	-1	3	1
21	6	9	1	-1	-1	17288	1874
21	6	9	1	-1	-1	1738	121
21	5	11	1	1	1	184	13
21	6	9	1	-1	1	80275	5426
21	5	11	1	-1	-1	1951	142
21	5	11	1	1	1	26923	2942
21	6	9	1	1	1	4337	355
21	6	9	1	1	1	4777	341
21	4	13	1	1	1	114	8
21	6	9	1	1	1	1643	102
21	5	11	1	1	1	7209	501
21	5	11	1	-1	-1	251	19
21	7	7	1	-1	-1	67262	6026
21	5	11	1	1	1	406	31
21	6	9	1	-1	-1	275930	25311
21	6	9	1	-1	-1	34144	3454
21	4	13	1	-1	-1	825	66
21	5	11	1	-1	-1	6366	421
22	5	12	1	1	1	4231	306
22	5	12	1	1	1	17426	1159
22	6	10	1	-1	-1	769	48
22	7	8	1	-1	-1	16373	1045
22	6	10	1	1	1	20949	1455
22	5	12	1	1	1	4090	256
22	5	12	1	1	1	18661	1573
22	6	10	1	1	1	57832	5510
22	6	10	1	-1	-1	2395	167
22	7	8	1	-1	-1	640398	66028
22	6	10	1	1	1	2898	403
22	7	8	1	1	1	108487	11215
22	8	6	1	-1	-1	1357705	142385
22	6	10	1	1	1	2	0
22	6	10	1	-1	-1	2205	193
22	7	8	1	1	1	15494	978
22	6	10	1	-1	-1	11615	807
22	6	10	1	-1	-1	50494	3176
22	7	8	1	-1	-1	71774	7340
22	6	10	1	1	1	802	50
22	5	12	1	-1	-1	119	6
22	7	8	1	1	1	14699	996
22	6	10	1	-1	-1	7912	503
22	7	8	1	-1	-1	230899	25869
22	7	8	1	1	1	23067	3115
22	4	14	1	1	1	5290	426
22	5	12	1	-1	-1	225	39
22	6	10	1	-1	-1	39379	2442
22	5	12	1	-1	-1	4971	366
22	4	14	1	-1	-1	803	58
22	5	12	1	-1	-1	1074	80
22	5	12	1	-1	-1	49368	5327
22	6	10	1	-1	-1	4195	357
22	6	10	1	1	1	10775	712
22	6	10	1	1	1	141656	11900
22	7	8	1	-1	0	85409	8973
22	7	8	1	-1	-1	7688	530
22	6	10	1	1	1	25487	1640
22	5	12	1	1	1	4623	333
22	6	10	1	1	1	16114	1983
22	7	8	1	1	1	37881	3555
22	6	10	1	1	1	28794	2398
22	6	10	1	-1	-1	12478	1624
22	4	14	1	-1	-1	3824	339
22	6	10	1	1	1	59568	4731
22	6	10	1	1	1	848	106
22	6	10	1	-1	-1	15048	1407
22	7	8	1	1	1	30028	2397
22	6	10	1	-1	-1	68335	5184
22	5	12	1	-1	-1	21503	2267
22	7	8	1	-1	-1	10271	784
22	7	8	1	-1	0	553082	59894
22	6	10	1	1	1	98282	9526
22	7	8	1	-1	-1	101426	8904
22	6	10	1	1	1	611	54
22	6	10	1	-1	-1	41861	2664
22	6	10	1	-1	-1	21201	1516
22	6	10	1	-1	-1	5	0
22	6	10	1	-1	-1	7069	494
22	8	6	1	-1	0	1004514	112598
22	6	10	1	-1	-1	34755	2924
22	7	8	1	0	-1	845618	95089
22	6	10	1	1	1	965	106
22	7	8	1	1	1	8434	733
22	5	12	1	1	1	1611	228
22	8	6	1	-1	-1	2621912	286888
22	6	10	1	1	0	13246	946
22	6	10	1	-1	-1	84004	8464
22	7	8	1	1	1	52791	3947
22	6	10	1	1	1	22442	1422
22	6	10	1	1	1	2896	218
22	6	10	1	1	1	16306	959
22	6	10	1	-1	-1	15860	1237
22	6	10	1	1	1	25267	3093
22	6	10	1	-1	-1	104182	10421
22	7	8	1	1	1	2860	239
22	6	10	1	-1	-1	47270	3330
22	7	8	1	1	1	24311	1993
22	6	10	1	1	1	9462	1105
22	6	10	1	1	1	978	101
22	6	10	1	-1	-1	17171	1165
22	8	6	0	0	-1	5000001	529593
22	6	10	1	0	0	38325	4401
22	7	8	1	-1	-1	433090	44974
22	6	10	1	-1	-1	13101	2080
22	7	8	1	-1	-1	52288	4417
22	6	10	1	-1	-1	880	48
22	6	10	1	-1	-1	2913	175
22	7	8	1	1	1	67475	4847
22	6	10	1	1	1	10134	638
22	6	10	1	1	1	2545	149
22	5	12	1	1	1	12069	1782
22	6	10	1	1	1	239774	21815
22	7	8	1	1	0	570377	64541
22	7	8	1	-1	-1	33560	3719
22	7	8	1	-1	-1	394835	39954
22	6	10	1	1	1	23223	1937
22	6	10	1	-1	-1	742	55
22	7	8	1	1	1	16069	1305
22	5	12	1	1	1	4452	356
22	6	10	1	-1	-1	103855	9563
22	6	10	1	-1	-1	37405	2998
22	6	10	1	-1	-1	10571	695
22	6	10	1	1	1	345	29
22	5	12	1	1	1	1262	99
22	7	8	1	1	1	11282	833
22	7	8	1	1	1	197907	20774
22	6	10	1	1	1	10499	828
22	6	10	1	1	1	1905	147
22	6	10	1	1	1	44281	5045
22	7	8	1	1	1	5218	398
22	6	10	1	-1	-1	12814	882
22	5	12	1	1	1	6493	479
22	6	10	1	-1	-1	432145	45511
22	7	8	1	-1	-1	72689	8091
22	6	10	1	1	1	18427	1443
22	6	10	1	1	1	381	28
22	6	10	1	-1	-1	25128	1691
22	7	8	1	1	0	3684	249
22	6	10	1	-1	-1	50702	5172
22	7	8	1	1	1	1041	133
22	6	10	1	-1	0	8275	808
22	6	10	1	-1	-1	44170	3503
22	5	12	1	-1	-1	3161	253
22	6	10	1	-1	-1	87951	9453
22	6	10	1	-1	-1	12480	1085
22	5	12	1	-1	-1	78	6
22	8	6	1	-1	-1	1210221	142319
22	6	10	1	1	1	3208	261
22	5	12	1	-1	-1	54	7
22	7	8	1	1	1	5581	828
22	6	10	1	-1	-1	16119	2179
22	7	8	1	-1	-1	121387	11989
22	7	8	1	1	-1	203420	22143
22	6	10	1	1	1	993	191
22	6	10	1	-1	-1	380	71
22	7	8	1	1	-1	25380	2076
22	7	8	1	-1	-1	20449	1578
22	6	10	1	1	1	19092	2264
22	6	10	1	1	1	411	72
22	6	10	1	1	1	12650	1086
22	6	10	1	-1	-1	11986	1070
22	5	12	1	1	1	51	7
22	6	10	1	1	1	25269	2180
22	6	10	1	-1	-1	17091	1350
22	5	12	1	-1	-1	35553	2828
22	7	8	1	-1	-1	185079	19616
22	6	10	1	1	1	91470	10055
22	7	8	1	-1	-1	34316	3444
22	5	12	1	1	1	571	90
22	6	10	1	1	1	1191	158
22	7	8	1	-1	-1	30940	3318
22	6	10	1	-1	-1	12247	870
22	6	10	1	-1	-1	553	41
22	7	8	1	-1	-1	14555	1155
22	7	8	1	1	1	12239	858
22	7	8	1	-1	-1	152668	17546
22	6	10	1	-1	-1	193	27
22	7	8	1	-1	-1	433	28
22	5	12	1	1	1	28	2
22	6	10	1	1	1	1258	99
22	7	8	1	-1	-1	65166	4295
22	7	8	1	1	1	111536	11554
22	6	10	1	1	1	7818	586
22	6	10	1	1	1	23553	1363
22	5	12	1	1	1	17146	1117
22	6	10	1	-1	-1	181250	19724
22	6	10	1	-1	-1	60953	5042
22	6	10	1	1	1	537520	64274
22	5	12	1	1	1	3172	276
22	5	12	1	1	1	161	9
22	6	10	1	-1	-1	23088	1914
22	6	10	1	1	1	1677	124
22	7	8	1	-1	-1	132610	15652
22	6	10	1	1	1	415825	47456
22	6	10	1	-1	-1	589	105
22	8	6	1	-1	-1	1574723	167329
22	6	10	1	-1	-1	108220	10887
22	6	10	1	1	1	90077	9560
22	6	10	1	1	1	3788	327
22	6	10	1	1	1	42690	2939
22	5	12	1	-1	-1	10891	829
22	5	12	1	-1	-1	336	21
22	5	12	1	1	1	4218	296
22	5	12	1	1	1	2536	190
22	7	8	1	1	1	94198	10188
22	6	10	1	1	1	17813	1268
22	7	8	1	1	1	2222	156
22	5	12	1	-1	-1	86	4
22	6	10	1	-1	-1	29163	2014
22	6	10	1	-1	-1	58082	6261
22	6	10	1	1	1	652	57
22	6	10	1	-1	-1	31346	2244
22	6	10	1	1	1	2	0
22	7	8	1	1	1	32125	2273
22	6	10	1	1	1	812	48
22	5	12	1	-1	-1	44742	3052
22	6	10	1	1	1	1453	245
22	7	8	1	-1	-1	502377	54122
22	6	10	1	1	1	15804	2325
22	6	10	1	1	1	3743	613
22	6	10	1	1	1	3370	330
22	7	8	1	-1	-1	19910	1351
22	6	10	1	1	1	4996	297
22	6	10	1	-1	-1	14331	980
22	6	10	1	1	1	3305	232
22	7	8	1	-1	-1	230899	25716
22	6	10	1	1	1	41161	2973
22	6	10	1	1	1	39928	2842
22	6	10	1	1	1	734	52
22	7	8	1	1	-1	6594	474
22	6	10	1	1	1	921	75
22	6	10	1	-1	-1	2506	180
22	6	10	1	1	1	945	51
22	6	10	1	1	1	1182	86
22	7	8	1	1	1	6835	385
22	6	10	1	1	1	32091	2124
22	6	10	1	1	1	346	28
22	6	10	1	-1	-1	538	26
22	6	10	1	1	1	6	1
22	6	10	1	-1	-1	27	3
22	6	10	1	1	1	74149	8192
22	7	8	1	1	1	32544	2469
22	7	8	1	-1	-1	14865	958
22	5	12	1	1	1	12693	921
22	6	10	1	1	1	1857	137
22	7	8	1	0	0	573333	63955
22	5	12	1	-1	-1	1903	141
22	6	10	1	1	1	1070	74
22	6	10	1	-1	-1	1654	125
22	7	8	1	1	-1	71383	5156
22	7	8	1	1	1	3662	223
22	7	8	1	1	1	11390	745
22	6	10	1	-1	-1	7	1
22	6	10	1	0	0	16789	1523
22	7	8	1	-1	-1	121387	12615
22	4	14	1	1	1	7886	672
22	7	8	1	1	1	121369	13630
22	6	10	1	1	1	27024	3208
22	7	8	1	-1	-1	62365	5110
22	7	8	1	-1	-1	60728	4271
22	7	8	1	-1	-1	208485	23559
22	6	10	1	-1	-1	252796	27084
22	5	12	1	-1	-1	17399	1404
22	7	8	1	-1	-1	235820	20415
22	6	10	1	-1	-1	3427	231
22	6	10	1	1	1	31300	2674
22	7	8	1	1	1	55334	7123
22	6	10	1	1	1	7881	625
22	7	8	1	1	1	170	11
22	7	8	1	1	1	13031	846
22	6	10	1	-1	-1	43898	3414
22	7	8	1	1	1	24457	3287
22	6	10	1	-1	-1	162879	17657
22	6	10	1	-1	-1	8390	618
22	7	8	1	1	0	8795	604
22	7	8	1	1	-1	4045	270
22	6	10	1	1	1	6762	382
22	7	8	1	1	1	23945	1832
22	5	12	1	-1	-1	4459	316
22	7	8	1	-1	-1	23368	2876
22	7	8	1	-1	-1	85197	8124
22	6	10	1	-1	-1	5	4
22	7	8	1	1	1	16301	1311
22	6	10	1	-1	-1	1091	122
22	6	10	1	-1	-1	28935	2075
22	7	8	1	1	1	82070	6175
22	6	10	1	0	0	7730	1490
22	7	8	1	1	1	16301	2177
22	7	8	1	-1	-1	27687	2264
22	7	8	1	-1	-1	544077	59073
22	7	8	1	-1	-1	5078	446
22	6	10	1	-1	-1	1620	124
22	7	8	1	1	1	39407	2785
22	6	10	1	1	1	131447	12788
22	6	10	1	1	1	9455	620
22	7	8	1	-1	-1	47270	3290
22	6	10	1	-1	-1	222163	25315
22	5	12	1	1	1	1693	140
22	7	8	1	-1	-1	44292	2857
22	6	10	1	0	0	2024	156
22	6	10	1	1	1	727	48
22	8	6	1	1	1	871	50
22	5	12	1	-1	-1	41313	4732
22	5	12	1	-1	-1	4792	675
22	7	8	1	1	0	135078	14110
22	6	10	1	1	1	71490	6486
22	7	8	1	-1	-1	27521	3754
22	6	10	1	1	1	50463	4594
22	6	10	1	-1	-1	28769	2199
22	5	12	1	-1	-1	23244	1832
22	6	10	1	1	1	64646	7761
22	6	10	1	-1	-1	56595	5095
22	6	10	1	1	1	1194	96
22	6	10	1	-1	-1	265365	30444
22	6	10	1	1	1	22773	1961
22	6	10	1	-1	-1	4073	286
22	6	10	1	1	1	18995	1404
22	4	14	1	-1	-1	680	60
22	6	10	1	1	0	1389	108
23	6	11	1	1	1	2913	229
23	6	11	1	-1	-1	147037	18603
23	7	9	1	-1	-1	66005	6855
23	7	9	1	-1	-1	130151	15265
23	6	11	1	-1	-1	832	51
23	8	7	0	0	-1	5000001	570954
23	8	7	1	-1	-1	1478338	180881
23	7	9	1	1	1	142610	15449
23	8	7	1	0	-1	819743	105306
23	7	9	1	-1	-1	19886	1631
23	6	11	1	-1	-1	19958	1469
23	7	9	1	1	-1	144566	16613
23	8	7	1	-1	-1	658802	78262
23	7	9	1	0	0	61808	5549
23	7	9	1	-1	-1	35193	2602
23	7	9	1	1	1	18557	3118
23	7	9	1	-1	-1	143944	18596
23	7	9	1	-1	-1	14591	1349
23	6	11	1	1	1	6623	553
23	7	9	1	1	-1	152573	14716
23	6	11	1	1	1	5302	488
23	8	7	1	1	1	3907773	470186
23	8	7	1	1	1	1714782	201479
23	8	7	1	1	1	381299	44243
23	7	9	1	-1	-1	67580	5820
23	6	11	1	1	1	25610	2070
23	7	9	1	-1	-1	2867	263
23	6	11	1	-1	-1	59222	8121
23	6	11	1	1	1	46244	4415
23	7	9	1	-1	-1	252451	28775
23	7	9	1	0	0	42127	5059
23	8	7	1	1	1	54514	6612
23	7	9	1	-1	-1	6818	611
23	8	7	1	-1	-1	300032	34982
23	7	9	1	1	1	288174	31488
23	8	7	1	-1	0	1039019	140207
23	7	9	1	1	1	2	0
23	7	9	1	1	1	134343	15947
23	8	7	1	1	1	638273	78735
23	5	13	1	1	1	11908	2300
23	6	11	1	1	1	13488	1323
23	5	13	1	1	1	819	66
23	7	9	1	1	1	122632	11990
23	7	9	1	1	1	99678	10566
23	7	9	1	-1	-1	329512	40238
23	7	9	1	1	1	637	129
23	5	13	1	1	1	15980	2660
23	6	11	1	1	1	2174	213
23	7	9	1	-1	-1	22801	1933
23	8	7	1	1	1	2658932	317420
23	7	9	1	1	1	70719	9197
23	7	9	1	-1	-1	226298	27698
23	8	7	1	-1	-1	106715	13106
23	7	9	1	-1	-1	29605	2453
23	7	9	1	0	0	281614	35831
23	6	11	1	0	0	3237	296
23	6	11	1	-1	-1	372139	42703
23	7	9	1	1	1	4762	832
23	7	9	1	-1	-1	167515	23435
23	6	11	1	1	1	1631	130
23	8	7	1	1	1	79935	6419
23	7	9	1	-1	-1	140274	17048
23	7	9	1	-1	-1	450060	55657
23	7	9	1	1	1	5699	630
23	7	9	1	1	1	246448	24009
23	6	11	1	1	1	164072	19407
23	6	11	1	1	1	657	55
23	7	9	1	1	1	141683	14754
23	7	9	1	-1	-1	16950	1598
23	7	9	1	-1	-1	152581	16157
23	8	7	1	-1	-1	828499	106104
23	7	9	1	1	1	106138	10048
23	7	9	1	1	1	32308	4936
23	7	9	1	-1	-1	377689	48332
23	6	11	1	1	1	204322	23341
23	7	9	1	1	1	89544	12801
23	7	9	1	1	-1	499305	57741
23	7	9	1	1	-1	137760	16507
23	7	9	1	-1	-1	131867	16275
23	7	9	1	1	1	20554	1890
23	6	11	1	1	1	2550	179
23	7	9	1	1	1	19294	1612
23	6	11	1	-1	-1	231018	26154
23	6	11	1	1	1	11342	907
23	7	9	1	1	1	13951	1071
23	8	7	1	1	1	892362	115629
23	7	9	1	1	1	213468	29492
23	6	11	1	-1	-1	54434	6899
23	7	9	1	-1	-1	305178	40671
23	8	7	1	-1	-1	932792	150296
23	7	9	1	1	1	13110	2491
23	6	11	1	-1	-1	39300	6651
23	8	7	1	1	1	138624	25265
23	6	11	1	-1	1	25429	5021
23	8	7	1	-1	1	304103	64524
23	5	13	1	1	1	729	112
23	7	9	1	-1	-1	25278	5410
23	7	9	1	-1	-1	23897	3700
23	7	9	1	0	1	415001	91655
23	7	9	1	1	1	16626	3187
23	7	9	1	1	1	2307	323
23	8	7	0	0	-1	5000001	972440
23	7	9	1	1	1	511294	109681
23	6	11	1	1	1	51643	11403
23	7	9	1	1	1	5082	937
23	8	7	1	1	1	1417873	289613
23	8	7	1	1	1	313372	64111
23	7	9	1	1	1	6837	1041
23	7	9	1	1	-1	465502	97267
23	7	9	1	1	1	3405	524
23	7	9	1	1	1	297930	63801
23	7	9	1	-1	-1	50041	11067
23	7	9	1	1	1	355375	73850
23	6	11	1	1	1	2590	477
23	6	11	1	1	1	5247	838
23	6	11	1	-1	-1	43011	10208
23	7	9	1	-1	-1	348907	80245
23	6	11	1	1	1	7357	1457
23	7	9	1	1	1	3715	649
23	7	9	1	1	1	26404	5666
23	7	9	1	-1	-1	921	143
23	6	11	1	1	1	83	13
23	8	7	1	1	1	980418	214563
23	7	9	1	1	-1	108487	22095
23	7	9	1	1	1	69686	16111
23	6	11	1	-1	-1	116903	24520
23	6	11	1	-1	-1	33047	7117
23	6	11	1	1	1	928	201
23	7	9	1	1	1	234106	53975
23	6	11	1	-1	-1	37121	7959
23	7	9	1	1	1	205669	49602
23	6	11	1	-1	-1	21188	4148
23	7	9	1	-1	-1	13216	2834
23	7	9	1	1	1	66624	15168
23	6	11	1	-1	-1	14562	2727
23	7	9	1	-1	-1	5956	1186
23	7	9	1	-1	-1	39905	8900
23	6	11	1	-1	-1	54290	11440
23	7	9	1	1	1	432305	97736
23	7	9	1	1	1	30446	7069
23	7	9	1	-1	-1	97757	23035
23	7	9	1	-1	-1	596362	148667
23	7	9	1	1	1	109388	28902
23	6	11	1	1	1	32733	7654
23	7	9	1	-1	-1	133052	42922
23	7	9	1	-1	-1	89692	26364
23	7	9	1	1	1	13951	3531
23	8	7	1	-1	0	335824	95498
23	7	9	1	-1	-1	739619	225638
23	6	11	1	1	1	7297	1842
23	7	9	1	1	1	9159	2743
23	7	9	1	1	-1	41379	11418
23	7	9	1	1	1	130429	40580
23	7	9	1	1	1	10529	2807
23	7	9	1	1	1	93553	26692
23	7	9	1	1	1	225992	66331
23	7	9	1	1	1	3071936	1120523
23	8	7	1	-1	-1	2696110	1116942
23	7	9	1	-1	-1	14110	5609
23	7	9	1	1	1	131040	60744
23	7	9	1	0	0	61141	30636
23	7	9	1	1	1	28	16
23	6	11	1	-1	-1	30688	15508
23	7	9	1	0	0	1552145	823198
23	8	7	1	-1	-1	1682493	635699
23	6	11	1	1	1	117616	40819
23	7	9	1	-1	-1	4865	1698
23	7	9	1	1	1	44405	17621
23	7	9	1	1	1	267955	120638
23	8	7	1	1	1	116594	42328
23	7	9	1	-1	-1	21214	9021
23	8	7	1	-1	-1	24728	8844
23	7	9	1	0	0	292970	121085
23	8	7	1	1	-1	743230	300998
23	8	7	1	-1	-1	354452	140939
23	5	13	1	1	1	13918	4975
23	7	9	1	1	1	24982	8964
23	7	9	1	1	0	646512	236897
23	7	9	1	1	1	26240	9614
23	5	13	1	-1	-1	939	360
23	6	11	1	-1	-1	11259	3677
23	7	9	1	-1	-1	41733	14247
23	7	9	1	-1	1	1377033	467652
23	8	7	1	1	-1	711797	223283
23	6	11	1	1	1	2973	727
23	7	9	1	-1	-1	266387	82607
23	7	9	1	1	1	44380	12537
23	7	9	1	-1	-1	68435	20568
23	7	9	1	1	1	242442	75832
23	6	11	1	-1	-1	38948	12635
23	5	13	1	1	1	2726	684
23	7	9	1	1	-1	475579	148557
23	7	9	1	-1	-1	123821	37107
23	7	9	1	-1	-1	13865	3852
23	6	11	1	1	1	2	1
23	7	9	1	-1	1	402102	121152
23	6	11	1	1	1	2081	605
23	8	7	1	-1	-1	401959	120685
23	7	9	1	-1	1	137929	49110
23	5	13	1	-1	-1	1269	424
23	7	9	1	-1	-1	1957	419
23	5	13	1	-1	-1	3	2
23	5	13	1	-1	-1	2547	720
23	7	9	1	-1	-1	71542	23089
23	6	11	1	-1	-1	3	1
23	7	9	1	-1	-1	22801	8145
23	5	13	1	-1	-1	1223	434
23	7	9	1	-1	-1	45172	15538
23	6	11	1	1	1	9567	3043
23	6	11	1	1	1	37996	11872
23	6	11	1	1	1	15738	5126
23	8	7	1	-1	1	304103	107333
23	6	11	1	1	1	56199	19484
23	8	7	1	1	1	2027834	762515
23	8	7	1	1	-1	187347	60444
23	7	9	1	-1	-1	246960	82188
23	6	11	1	-1	-1	57771	19729
23	8	7	0	0	-1	5000001	981105
23	7	9	1	1	-1	118737	15724
23	7	9	1	1	-1	85721	13950
23	8	7	1	1	1	1041977	141626
23	8	7	1	1	1	2613803	356337
23	7	9	1	1	1	43656	7326
23	7	9	1	-1	-1	388078	58555
23	7	9	1	-1	-1	19770	1866
23	6	11	1	1	1	959	84
23	6	11	1	-1	-1	76771	10764
23	7	9	1	1	1	57793	8890
23	6	11	1	1	1	23138	2255
23	7	9	1	1	-1	128989	20388
23	6	11	1	1	1	28175	3565
23	6	11	1	1	1	24939	4152
23	6	11	1	1	1	4386	486
23	7	9	1	-1	-1	240643	31996
23	7	9	1	-1	-1	179092	25287
23	6	11	1	-1	1	64641	9063
23	6	11	1	1	1	21242	1730
23	7	9	1	1	1	22814	1594
23	6	11	1	-1	-1	150956	22227
23	7	9	1	-1	-1	79510	11378
23	6	11	1	1	1	992	88
23	7	9	1	-1	-1	105252	12260
23	7	9	1	1	1	386787	57300
23	6	11	1	1	1	676	61
23	6	11	1	1	1	92929	12240
23	7	9	1	-1	-1	232240	32124
23	7	9	1	1	1	9681	1721
23	7	9	1	-1	-1	111855	16723
23	7	9	1	1	1	117674	13013
23	5	13	1	1	1	9808	978
23	7	9	1	1	1	10090	785
23	7	9	1	1	1	207270	27930
23	6	11	1	0	0	4565	791
23	6	11	1	1	1	10596	1732
23	5	13	1	-1	-1	4600	815
23	8	7	1	1	1	275171	43044
23	7	9	1	-1	-1	3306	556
23	6	11	1	-1	-1	9990	1715
23	6	11	1	-1	-1	5	1
23	7	9	1	-1	-1	2472	210
23	6	11	1	-1	-1	171621	19758
23	7	9	1	1	1	7905	1352
23	6	11	1	-1	-1	153	28
23	8	7	1	1	1	1633188	235090
23	6	11	1	1	1	5896	534
23	6	11	1	0	-1	30797	2415
23	7	9	1	1	1	3753	322
23	7	9	1	-1	-1	64873	5463
23	8	7	1	1	-1	68920	5991
23	6	11	1	1	1	5262	424
23	7	9	1	1	1	1872119	272142
23	7	9	1	1	1	15893	2609
23	7	9	1	1	1	30469	5167
23	7	9	1	-1	-1	333898	49809
23	6	11	1	-1	-1	107337	14673
23	7	9	1	1	1	581968	79982
23	6	11	1	-1	-1	91318	13135
23	7	9	1	1	1	226380	31233
23	7	9	1	1	1	3071936	470524
23	7	9	1	1	1	55157	7831
23	7	9	1	1	1	18184	3238
23	6	11	1	1	1	16017	2457
23	8	7	1	-1	-1	1528575	220790
23	6	11	1	1	0	9269	767
23	8	7	1	1	1	1849489	255033
23	6	11	1	-1	-1	38191	5591
23	7	9	1	1	1	743449	99610
23	6	11	1	1	1	194304	26464
23	7	9	1	-1	0	11416	1610
23	7	9	1	1	0	126058	20361
23	7	9	1	0	0	121334	18356
23	8	7	1	1	1	1219045	171187
23	6	11	1	-1	-1	118634	12935
23	6	11	1	1	1	2044	193
23	8	7	1	-1	-1	126223	20006
23	7	9	1	1	1	52971	4719
23	8	7	0	0	1	5000001	685680
23	7	9	1	1	1	4454	741
23	7	9	1	1	1	407623	53153
23	8	7	1	-1	1	304103	39835
24	8	8	1	-1	-1	822235	116928
24	7	10	1	1	1	21303	2018
24	8	8	1	1	-1	739140	106228
24	7	10	1	1	1	104145	14121
24	8	8	1	1	1	324035	44201
24	8	8	1	1	1	304327	41230
24	6	12	1	1	1	4006	742
24	8	8	0	0	-1	5000001	700089
24	7	10	1	-1	-1	22662	2196
24	5	14	1	1	1	12909	1154
24	8	8	0	0	1	5000001	705048
24	7	10	1	1	1	20717	3297
24	7	10	1	1	1	29249	4646
24	8	8	1	-1	-1	4315614	567866
24	7	10	1	-1	-1	38643	3486
24	8	8	0	0	-1	5000001	714987
24	8	8	1	1	1	54967	7327
24	8	8	1	-1	-1	79060	10497
24	7	10	1	1	1	144774	23861
24	8	8	1	-1	-1	260710	34017
24	7	10	1	1	1	83847	16131
24	7	10	1	1	1	56480	6923
24	7	10	1	1	1	40753	2937
24	8	8	0	0	-1	5000001	788704
24	8	8	1	-1	-1	381739	62067
24	7	10	1	1	1	784552	121738
24	7	10	1	-1	-1	7426	1139
24	7	10	1	1	1	13002	2164
24	8	8	0	0	-1	5000001	689896
24	8	8	1	-1	-1	1756743	249854
24	8	8	1	1	1	65510	10147
24	8	8	1	1	1	290196	45968
24	8	8	1	1	1	276192	44341
24	7	10	1	1	0	11307	983
24	8	8	1	-1	-1	134905	22285
24	8	8	1	-1	-1	500056	70783
24	7	10	1	-1	-1	399146	62544
24	6	12	1	-1	-1	9620	769
24	7	10	1	1	1	52373	4073
24	5	14	1	-1	-1	256936	44654
24	8	8	1	1	1	313957	47735
24	7	10	1	1	1	183500	23482
24	7	10	1	-1	-1	28621	5240
24	7	10	1	1	1	1127	178
24	7	10	1	1	-1	1007711	148079
24	7	10	1	1	1	149321	25794
24	8	8	1	1	1	5123	575
24	8	8	0	0	1	5000001	701426
24	7	10	1	-1	-1	465	38
24	8	8	1	-1	-1	475991	69238
24	8	8	1	1	1	2887549	416475
24	8	8	1	1	1	239415	39579
24	6	12	1	-1	-1	17601	1575
24	7	10	1	1	1	1586286	228864
24	7	10	1	1	1	405189	59987
24	7	10	1	-1	-1	100100	12944
24	7	10	1	1	1	1031973	144322
24	8	8	1	-1	-1	1410807	218192
24	8	8	1	0	-1	2761538	406026
24	7	10	1	-1	-1	197362	30894
24	9	6	1	1	1	1528154	228526
24	6	12	1	1	1	18083	1565
24	8	8	1	1	1	11428	1276
24	8	8	1	1	1	28958	4169
24	7	10	1	1	1	656605	105859
24	6	12	1	1	1	19504	1641
24	7	10	1	-1	-1	533567	77823
24	6	12	1	1	1	28843	2579
24	7	10	1	-1	-1	228155	38762
24	8	8	1	-1	-1	1802329	270709
24	7	10	1	1	1	28712	4811
24	8	8	1	-1	-1	1167706	177915
24	7	10	1	-1	-1	12013	1214
24	7	10	1	-1	-1	12606	1027
24	8	8	1	-1	0	474168	72028
24	6	12	1	1	1	15473	2601
24	7	10	1	1	1	451675	68967
24	8	8	1	-1	-1	1082804	162601
24	8	8	1	-1	-1	4859659	726902
24	8	8	1	-1	-1	4694125	694208
24	6	12	1	-1	-1	100806	18034
24	7	10	1	1	1	61557	8051
24	8	8	1	-1	-1	577038	79980
24	6	12	1	0	-1	444514	70116
24	7	10	1	-1	-1	15594	2048
24	7	10	1	1	1	36124	4768
24	8	8	1	-1	-1	295103	44455
24	7	10	1	1	1	19764	2962
24	8	8	1	1	1	2226707	315444
24	7	10	1	1	1	222919	33888
24	7	10	1	1	-1	577639	78957
24	9	6	0	0	-1	5000001	678969
24	7	10	1	1	1	1610048	242686
24	6	12	1	-1	-1	219059	31142
24	7	10	1	1	1	40415	6224
24	7	10	1	1	1	6056	357
24	8	8	1	-1	-1	2633456	398583
24	8	8	1	1	1	1611633	243552
24	7	10	1	1	1	146990	24607
24	7	10	1	1	1	38280	6336
24	7	10	1	-1	-1	141588	23953
24	8	8	1	-1	-1	133950	15103
24	7	10	1	1	1	131801	13323
24	7	10	1	1	1	83035	9297
24	7	10	1	1	0	491303	74118
24	7	10	1	1	1	98375	17219
24	6	12	1	1	1	9630	852
24	7	10	1	-1	-1	71898	8270
24	8	8	1	1	1	628575	97972
24	7	10	1	1	1	196841	32285
24	8	8	1	1	1	4498925	702632
24	8	8	0	0	-1	5000001	729097
24	7	10	1	-1	-1	112985	17900
24	8	8	1	1	1	149877	24928
24	8	8	1	-1	-1	1451557	228245
24	8	8	1	-1	-1	465397	70544
24	8	8	1	-1	1	3475621	522303
24	9	6	1	1	1	755930	112420
24	6	12	1	-1	-1	17623	3162
24	7	10	1	-1	-1	149962	17423
24	6	12	1	-1	-1	2290634	342960
24	6	12	1	-1	-1	2703	381
24	7	10	1	1	1	65118	8084
24	7	10	1	1	1	72429	8359
24	8	8	1	-1	-1	1811169	279509
24	8	8	1	-1	-1	997756	139532
24	7	10	1	1	1	333759	46281
24	7	10	1	-1	-1	473816	70600
24	6	12	1	1	1	14297	1027
24	8	8	1	-1	-1	777349	114479
24	8	8	1	-1	-1	1628510	241658
24	7	10	1	-1	-1	194087	27292
24	8	8	0	0	-1	5000001	698071
24	6	12	1	-1	-1	211323	31921
24	8	8	1	-1	-1	1694161	252477
24	7	10	1	1	1	41820	3809
24	9	6	0	0	-1	5000001	740613
24	8	8	1	1	1	666516	101135
24	7	10	1	-1	-1	5352	921
24	6	12	1	1	1	126680	14706
24	8	8	1	-1	-1	92942	14720
24	7	10	1	1	1	210963	30288
24	7	10	1	-1	-1	3	1
24	9	6	0	0	-1	5000001	702247
24	8	8	1	-1	-1	2709245	415269
24	6	12	1	1	1	13982	1219
24	8	8	1	-1	-1	126613	10755
24	6	12	1	1	1	32180	3587
24	7	10	1	1	1	78034	12053
24	7	10	1	-1	1	368991	54905
24	9	6	1	1	-1	4313873	625962
24	7	10	1	-1	-1	51906	5760
24	8	8	1	1	1	67774	12350
24	6	12	1	1	0	134711	17452
24	8	8	1	1	1	263903	40019
24	7	10	1	-1	-1	227978	34889
24	8	8	1	1	-1	194866	25217
24	6	12	1	1	1	30367	2432
24	8	8	1	-1	-1	30577	5021
24	8	8	1	-1	-1	1330384	205426
24	7	10	1	-1	-1	3553277	547109
24	8	8	1	-1	1	2345858	364009
24	7	10	1	-1	-1	966404	138289
24	8	8	1	-1	-1	2710175	382435
24	7	10	1	-1	-1	57423	8279
24	6	12	1	-1	-1	87646	8571
24	7	10	1	1	-1	54551	6213
24	8	8	1	1	1	107722	19282
24	8	8	1	-1	-1	4760474	669631
24	8	8	0	0	0	5000001	760125
24	6	12	1	-1	-1	135604	18222
24	8	8	0	0	-1	5000001	727506
24	7	10	1	1	1	600464	86247
24	8	8	0	0	-1	5000001	718829
24	7	10	1	1	1	305399	41546
24	7	10	1	1	1	44777	3796
24	9	6	1	1	1	1116891	170972
24	8	8	1	-1	-1	1187197	194779
24	8	8	0	0	-1	5000001	732288
24	7	10	1	-1	-1	1129945	174420
24	8	8	1	-1	-1	648051	90355
24	9	6	0	0	1	5000001	705539
24	8	8	1	-1	-1	3445419	517590
24	7	10	1	-1	-1	75731	6223
24	7	10	1	1	1	275547	38665
24	7	10	1	-1	-1	397681	48208
24	7	10	1	-1	-1	50751	4177
24	8	8	1	1	1	192069	29222
24	8	8	1	1	1	190919	28525
24	8	8	1	1	1	276192	40592
24	8	8	1	1	-1	581086	84398
24	7	10	1	-1	-1	1474730	223839
24	7	10	1	-1	-1	44825	3960
24	7	10	1	1	1	428691	58044
24	8	8	0	0	-1	5000001	764962
24	6	12	1	-1	-1	10235	677
24	7	10	1	-1	-1	360710	47679
24	8	8	1	-1	-1	21701	1978
24	6	12	1	1	1	70866	12506
24	8	8	1	1	-1	662061	97282
24	8	8	1	1	1	124513	21790
24	8	8	0	0	-1	5000001	739928
24	7	10	1	1	1	1518656	211794
24	7	10	1	1	1	46143	7031
24	7	10	1	-1	-1	4122535	522814
24	8	8	1	1	-1	4009889	573533
24	8	8	1	1	1	1865814	271346
24	8	8	1	1	1	2458245	345758
24	7	10	1	-1	-1	354684	52349
24	7	10	1	-1	-1	79596	12774
24	7	10	1	1	1	83758	12064
24	8	8	1	-1	-1	25717	1967
24	7	10	1	1	-1	1313523	199396
24	6	12	1	1	1	631	109
24	7	10	1	1	1	71707	12893
24	7	10	1	1	1	89275	10165
24	7	10	1	-1	-1	52826	4963
24	7	10	1	1	1	209550	27767
24	6	12	1	-1	-1	4302	703
24	8	8	1	1	1	70999	9183
24	9	6	1	1	1	104716	17291
24	8	8	1	1	1	52522	7585
24	8	8	1	0	-1	76608	6864
24	8	8	1	1	1	19759	2810
24	8	8	1	-1	-1	4084053	593877
24	8	8	0	0	-1	5000001	526831
24	8	8	1	-1	-1	5525	369
24	7	10	1	-1	-1	106915	10592
24	8	8	1	-1	-1	489454	54759
24	8	8	1	-1	-1	137951	13698
24	7	10	1	-1	-1	100497	11049
24	7	10	1	0	0	292883	35087
24	8	8	1	-1	-1	472377	55559
24	8	8	1	1	-1	2851298	320636
24	7	10	1	1	1	61797	6505
24	8	8	1	1	1	1502916	162175
24	8	8	1	-1	-1	19096	1840
24	8	8	0	0	-1	5000001	554047
24	7	10	1	-1	-1	452491	50238
24	8	8	1	1	1	465281	50011
24	8	8	1	-1	-1	2566162	303901
24	7	10	1	1	1	1570829	204488
24	8	8	1	1	1	522997	58133
24	7	10	1	-1	-1	18848	1574
24	7	10	1	1	1	94476	7239
24	8	8	0	0	-1	5000001	527841
24	8	8	1	-1	-1	464420	52060
24	7	10	1	1	1	184483	19723
24	8	8	1	1	1	328953	36970
24	6	12	1	1	1	262316	26248
24	8	8	0	0	-1	5000001	569598
24	8	8	1	-1	-1	3775406	459460
24	5	14	1	-1	-1	52573	4363
24	8	8	0	0	1	5000001	592370
24	7	10	1	-1	-1	246792	31122
24	7	10	1	-1	-1	13101	2078
24	6	12	1	1	1	10418	1369
24	7	10	1	1	1	398852	52127
24	8	8	1	-1	-1	2607763	310859
24	7	10	1	0	0	414120	63945
24	6	12	1	-1	-1	3734	352
24	7	10	1	1	1	167768	19487
24	9	6	0	0	-1	5000001	620495
24	7	10	1	-1	-1	2307	174
24	8	8	0	0	0	5000001	590331
24	8	8	0	0	-1	5000001	619606
24	7	10	1	1	1	2	0
24	8	8	1	1	1	203132	26647
24	8	8	1	-1	-1	67066	8111
24	7	10	1	1	1	418086	54563
24	7	10	1	-1	-1	40981	5867
24	9	6	1	-1	-1	636064	83484
24	8	8	1	-1	-1	13469	1154
24	7	10	1	1	1	886117	110830
24	7	10	1	1	1	2856	177
24	7	10	1	1	1	168	16
24	8	8	1	1	1	53209	4196
24	6	12	1	1	1	16886	1160
24	8	8	1	0	-1	892344	118589
24	7	10	1	-1	-1	2819169	365587
24	8	8	1	-1	-1	160960	18236
24	7	10	1	-1	-1	346219	44350
24	6	12	1	0	0	41386	5596
24	8	8	1	1	1	190256	24954
24	8	8	1	-1	-1	99873	11626
24	8	8	1	-1	-1	3757769	483884
24	7	10	1	1	1	111180	12200
24	8	8	1	-1	-1	16395	1666
24	8	8	1	-1	-1	521945	66814
24	7	10	1	1	1	325423	44031
24	6	12	1	0	0	90781	12080
24	7	10	1	1	-1	245685	34009
24	6	12	1	1	1	56762	7898
24	7	10	1	1	1	937266	130107
24	7	10	1	1	1	307859	42161
24	9	6	1	1	1	4799495	652200
24	6	12	1	1	-1	2549	188
24	7	10	1	-1	-1	115733	16029
24	7	10	1	1	1	946252	130130
24	6	12	1	-1	-1	231007	33229
25	6	13	1	-1	-1	6497	670
25	8	9	0	0	-1	5000001	713590
25	7	11	1	-1	-1	113742	14189
25	8	9	1	1	1	602701	84485
25	9	7	1	-1	-1	416577	57684
25	8	9	0	0	-1	5000001	737408
25	7	11	1	1	1	51547	7626
25	9	7	1	1	-1	900902	130348
25	9	7	1	1	1	196467	19799
25	9	7	1	1	1	727815	96293
25	7	11	0	0	1	5000001	704279
25	6	13	1	-1	-1	41392	5103
25	8	9	0	0	-1	5000001	686848
25	7	11	1	1	1	3338	255
25	6	13	1	-1	-1	103802	13833
25	9	7	0	0	-1	5000001	667403
25	8	9	1	1	1	213359	27816
25	8	9	1	1	1	17262	1314
25	7	11	1	-1	-1	614919	75356
25	8	9	1	1	1	44802	7566
25	9	7	1	-1	-1	1344892	166867
25	8	9	1	-1	-1	148787	17796
25	8	9	1	1	1	12017	957
25	8	9	1	1	1	265385	35613
25	8	9	0	0	1	5000001	721379
25	10	5	0	0	-1	5000001	681935
25	8	9	1	1	1	728772	90053
25	9	7	0	0	-1	5000001	610408
25	9	7	0	0	-1	5000001	714537
25	7	11	1	1	0	604022	85393
25	7	11	1	-1	-1	221264	33533
25	8	9	1	1	1	141790	19469
25	9	7	1	1	1	346996	52295
25	7	11	1	1	1	51048	7984
25	9	7	1	-1	-1	1227958	183675
25	9	7	1	1	1	830103	130244
25	8	9	1	1	-1	2117310	287492
25	7	11	1	1	1	113505	16562
25	8	9	1	-1	-1	1634359	255909
25	9	7	1	1	1	713182	104543
25	7	11	1	1	1	173688	25273
25	8	9	1	1	1	47356	7911
25	8	9	1	-1	-1	69743	6531
25	8	9	1	-1	1	4306336	656010
25	8	9	0	0	-1	5000001	714875
25	7	11	1	1	1	97552	14080
25	8	9	0	0	0	5000001	750631
25	9	7	0	0	1	5000001	733104
25	8	9	1	1	1	1374930	194795
25	7	11	1	1	1	658793	93709
25	9	7	1	1	1	461462	69036
25	9	7	1	1	1	137102	18926
25	7	11	1	1	1	62981	8847
25	8	9	1	-1	-1	7208	584
25	7	11	1	1	1	898564	136966
25	7	11	1	1	1	68513	6579
25	7	11	1	1	1	5807	497
25	8	9	1	1	1	921544	129405
25	7	11	1	1	1	1195534	185990
25	8	9	1	-1	-1	4133273	588969
25	8	9	1	1	1	63710	10040
25	8	9	1	1	1	817032	104559
25	6	13	1	1	1	179279	26076
25	9	7	1	1	1	1223429	159544
25	9	7	1	1	-1	3245766	457233
25	9	7	1	-1	-1	1382473	190028
25	8	9	1	1	1	584196	78210
25	8	9	0	0	-1	5000001	692321
25	6	13	1	1	1	88833	12255
25	9	7	1	1	1	742997	103576
25	8	9	0	0	1	5000001	654651
25	8	9	1	-1	-1	33480	3222
25	9	7	1	1	1	1165822	175219
25	8	9	1	-1	-1	3392842	528029
25	6	13	1	1	1	43719	5493
25	9	7	1	1	1	635519	102298
25	7	11	1	1	1	1665259	269088
25	9	7	0	0	-1	5000001	727493
25	8	9	0	0	-1	5000001	743442
25	8	9	1	1	1	4292795	640582
25	8	9	1	-1	-1	3463885	515703
25	8	9	0	0	-1	5000001	710496
25	7	11	1	1	1	160486	22551
25	9	7	1	1	1	295993	45568
25	8	9	1	-1	-1	128755	14974
25	7	11	1	1	0	242588	35619
25	8	9	1	1	1	35084	6419
25	8	9	1	1	1	312009	52332
25	8	9	1	-1	1	2383917	351370
25	9	7	0	0	-1	5000001	729465
25	8	9	1	-1	-1	444146	63116
25	8	9	0	0	0	5000001	732102
25	7	11	1	-1	-1	128880	16253
25	7	11	1	1	1	313470	47994
25	7	11	1	1	1	33768	3205
25	8	9	1	-1	-1	24130	1770
25	8	9	0	0	-1	5000001	735365
25	7	11	1	-1	-1	64932	6729
25	6	13	1	-1	-1	54060	9668
25	9	7	1	1	1	926266	132009
25	8	9	0	0	-1	5000001	745367
25	9	7	0	0	-1	5000001	704009
25	8	9	0	0	-1	5000001	717903
25	9	7	1	1	1	2112914	292067
25	8	9	1	1	1	2	1
25	8	9	1	-1	-1	440729	64737
25	6	13	1	-1	-1	157154	25167
25	8	9	1	-1	-1	1031816	162223
25	9	7	0	0	-1	5000001	734070
25	8	9	1	-1	-1	317172	53432
25	7	11	1	1	1	530151	76695
25	7	11	1	-1	-1	16780	1598
25	8	9	0	0	1	5000001	733394
25	8	9	1	1	1	36344	4834
25	9	7	1	-1	-1	1039591	162914
25	9	7	0	0	-1	5000001	755843
25	9	7	1	0	0	4634162	692529
25	9	7	1	-1	-1	18217	1165
25	9	7	0	0	1	5000001	720015
25	9	7	0	0	1	5000001	691668
25	8	9	1	1	1	1149788	182417
25	9	7	0	0	1	5000001	753980
25	7	11	1	1	1	96078	12748
25	8	9	1	-1	-1	3519931	515571
25	7	11	1	1	1	233629	30374
25	9	7	1	1	0	1525458	222380
25	8	9	0	0	1	5000001	759736
25	8	9	1	1	1	28893	3779
25	7	11	1	1	1	4313	330
25	8	9	1	1	1	4274126	612134
25	8	9	1	-1	-1	712108	107704
25	9	7	0	0	1	5000001	682844
25	7	11	1	-1	-1	3715390	531685
25	8	9	1	0	1	398574	60447
25	8	9	1	-1	-1	56971	7517
25	9	7	1	-1	1	1494802	223786
25	8	9	1	-1	-1	3390456	472838
25	7	11	1	1	1	594568	81487
25	8	9	1	-1	1	528397	79287
25	8	9	1	1	1	90773	12304
25	8	9	1	1	1	2287360	316050
25	8	9	1	-1	-1	380457	57458
25	8	9	1	-1	-1	103506	14290
25	9	7	0	0	-1	5000001	729985
25	9	7	1	1	1	456653	64554
25	7	11	1	1	1	271260	33870
25	8	9	1	0	-1	1905769	255934
25	8	9	1	1	1	143341	17511
25	7	11	1	-1	-1	3886355	515693
25	9	7	1	1	0	2358093	293178
25	8	9	1	1	1	248594	32413
25	8	9	0	0	-1	5000001	633213
25	9	7	1	1	1	2511423	340107
25	7	11	1	-1	-1	357379	46986
25	9	7	1	1	1	3203097	409142
25	9	7	1	-1	-1	1476581	185855
25	9	7	0	0	-1	5000001	625037
25	7	11	1	1	1	65460	5094
25	9	7	0	0	1	5000001	575073
25	8	9	1	1	1	14769	1300
25	7	11	1	1	1	2121632	253250
25	7	11	0	0	-1	5000001	628323
25	9	7	0	0	1	5000001	615618
25	9	7	1	1	1	210172	21940
25	8	9	0	0	-1	5000001	620545
25	6	13	1	-1	-1	48207	4617
25	9	7	0	0	1	5000001	597225
25	7	11	1	1	1	78644	12227
25	9	7	1	1	1	33403	3364
25	8	9	1	1	1	280526	37393
25	8	9	1	1	1	83570	11046
25	8	9	0	0	-1	5000001	629824
25	8	9	1	1	1	10833	1019
25	8	9	0	0	1	5000001	630447
25	8	9	1	1	1	114936	10944
25	7	11	1	1	1	29636	2533
25	8	9	1	1	1	3157916	420134
25	8	9	1	-1	-1	2486262	356816
25	8	9	1	-1	-1	168618	16823
25	7	11	1	-1	-1	64463	8170
25	9	7	1	-1	-1	1087503	156451
25	8	9	1	1	1	163769	21844
25	7	11	1	-1	-1	384834	51718
25	7	11	1	1	1	112795	16877
25	8	9	1	1	1	149242	17909
25	8	9	1	-1	-1	1818562	240221
25	8	9	1	-1	-1	53427	6218
25	8	9	1	1	1	24937	1955
25	8	9	1	1	1	360949	51858
25	9	7	1	1	0	3309042	478309
25	8	9	1	1	1	39026	5438
25	7	11	1	1	0	702060	100561
25	8	9	1	-1	0	2050281	286600
25	7	11	1	1	1	128	23
25	9	7	0	0	-1	5000001	696800
25	9	7	1	-1	-1	567039	84171
25	9	7	0	0	-1	5000001	687636
25	9	7	1	1	1	262672	40187
25	8	9	1	1	1	2	0
25	7	11	1	1	1	16582	1268
25	7	11	0	0	0	5000001	721061
25	7	11	1	1	1	137422	17092
25	8	9	1	1	1	1330884	187195
25	8	9	1	1	1	729156	106381
25	8	9	1	-1	-1	16483	2958
25	8	9	1	1	1	1405869	194892
25	8	9	1	-1	1	339843	40595
25	9	7	1	1	1	2	0
25	9	7	0	0	-1	5000001	626527
25	7	11	1	-1	-1	654644	102468
25	8	9	1	-1	-1	3681135	527329
25	9	7	0	0	-1	5000001	659018
25	9	7	1	1	1	1591662	226541
25	7	11	1	-1	-1	4389282	636291
25	8	9	0	0	-1	5000001	726131
25	7	11	1	1	1	244542	33410
25	9	7	1	1	1	3266960	344364
25	9	7	1	-1	-1	2906854	317691
25	8	9	1	1	1	302228	34159
25	7	11	1	-1	-1	31066	2255
25	9	7	0	0	-1	5000001	576268
25	9	7	1	1	1	82441	7534
25	9	7	0	0	-1	5000001	551358
25	9	7	0	0	0	5000001	553141
25	9	7	1	1	1	3906687	450176
25	8	9	1	1	-1	13308	1091
25	9	7	1	1	1	234959	33664
25	7	11	1	-1	-1	4323	400
25	9	7	0	0	0	5000001	599382
25	9	7	0	0	1	5000001	570641
25	8	9	1	1	1	48874	5149
25	8	9	1	1	1	2	0
25	8	9	1	-1	-1	477408	59345
25	8	9	1	-1	-1	1107678	126200
25	8	9	1	-1	-1	679411	85001
25	9	7	0	0	1	5000001	606059
25	9	7	1	-1	-1	586061	78399
25	8	9	1	1	1	176072	26651
25	6	13	1	1	1	1649	138
25	7	11	1	-1	-1	27377	2307
25	8	9	0	0	-1	5000001	656757
25	8	9	1	1	1	208139	24238
25	9	7	1	1	-1	2000747	267444
25	9	7	0	0	1	5000001	601740
25	8	9	1	-1	-1	672528	85467
25	9	7	1	-1	-1	222566	29942
25	8	9	1	-1	-1	3073574	427463
25	9	7	1	-1	-1	1085432	222403
25	9	7	1	1	1	833	146
25	9	7	1	1	1	346996	73301
25	9	7	0	0	1	5000001	979435
25	7	11	1	-1	-1	86468	18585
25	8	9	1	1	1	488169	107949
25	8	9	1	1	1	112666	23310
25	8	9	1	1	-1	178713	40557
25	8	9	1	1	1	190211	38843
25	8	9	1	-1	1	508680	107906
25	9	7	0	0	-1	5000001	1142238
25	7	11	1	1	-1	222158	53225
25	9	7	1	1	1	1473522	391501
25	8	9	0	0	1	5000001	1501365
25	8	9	1	1	1	86105	11169
25	9	7	1	1	1	3206036	416299
25	8	9	1	-1	-1	79028	10219
25	8	9	1	-1	-1	3614492	496565
25	8	9	0	0	1	5000001	630792
25	8	9	1	1	-1	104682	17548
25	8	9	1	1	1	18875	1440
25	9	7	0	0	1	5000001	663253
25	8	9	1	1	1	653243	84304
25	8	9	1	-1	-1	870421	116972
25	7	11	1	-1	-1	19758	3376
25	8	9	0	0	1	5000001	689332
25	9	7	0	0	-1	5000001	671482
25	8	9	1	1	1	23815	2311
25	7	11	1	1	1	235298	33501
25	9	7	1	1	1	818723	106580
25	9	7	1	-1	-1	4070834	518695
25	9	7	0	0	-1	5000001	680764
25	8	9	1	-1	-1	116063	18931
25	8	9	1	-1	-1	870170	126061
25	9	7	1	-1	-1	3693397	552219
25	8	9	1	1	1	243623	33588
25	8	9	1	1	1	165129	24956
25	9	7	0	0	1	5000001	701349
25	7	11	1	-1	-1	1479184	221625
25	8	9	1	1	-1	2171716	313838
25	7	11	1	-1	-1	8642	1462
25	8	9	1	-1	-1	4808674	693446
25	8	9	1	1	1	586046	89252
25	9	7	1	1	1	4694496	698719
25	8	9	1	1	1	155	32
25	8	9	1	1	1	151589	23455
25	7	11	1	1	1	5589	1029
25	8	9	1	1	1	257724	35289
25	8	9	1	1	1	77751	10841
25	7	11	1	-1	-1	89251	12460
25	8	9	1	-1	-1	327982	50405
25	8	9	0	0	-1	5000001	739851
25	8	9	1	-1	-1	35633	5013
26	9	8	1	-1	-1	1432397	210132
26	9	8	1	1	1	820068	125199
26	9	8	1	-1	-1	201983	27427
26	9	8	1	-1	-1	4236980	607114
26	9	8	1	1	1	2586385	387503
26	9	8	0	0	-1	5000001	664038
26	10	6	0	0	1	5000001	698057
26	8	10	1	1	1	110009	13990
26	10	6	0	0	-1	5000001	720264
26	8	10	0	0	-1	5000001	732332
26	7	12	1	0	0	3250377	514744
26	9	8	1	-1	-1	45309	7569
26	7	12	1	-1	-1	160899	25067
26	9	8	0	0	1	5000001	729106
26	9	8	0	0	1	5000001	727476
26	8	10	0	0	-1	5000001	738984
26	8	10	1	-1	-1	883081	149010
26	10	6	0	0	1	5000001	729118
26	10	6	0	0	-1	5000001	723956
26	9	8	1	-1	-1	747508	122381
26	9	8	1	0	1	1149322	169712
26	9	8	1	1	1	724886	108893
26	9	8	1	1	1	392639	64917
26	10	6	0	0	1	5000001	737614
26	9	8	1	-1	-1	3554970	501462
26	9	8	1	-1	-1	2944223	433298
26	9	8	1	1	1	275927	50137
26	8	10	1	-1	-1	502704	70690
26	9	8	0	0	1	5000001	759493
26	9	8	1	1	1	601650	75307
26	9	8	0	0	1	5000001	701831
26	9	8	0	0	-1	5000001	706654
26	8	10	1	1	1	264672	38499
26	9	8	0	0	1	5000001	728274
26	8	10	1	1	1	439169	72292
26	9	8	0	0	1	5000001	752482
26	8	10	0	0	-1	5000001	729187
26	10	6	0	0	-1	5000001	740130
26	9	8	1	1	1	2213292	345659
26	7	12	1	-1	-1	938084	150105
26	9	8	0	0	1	5000001	777897
26	8	10	0	0	0	5000001	745530
26	8	10	0	0	1	5000001	780427
26	9	8	1	1	1	2226608	344511
26	7	12	1	1	1	1626	154
26	9	8	0	0	1	5000001	711537
26	8	10	1	-1	-1	202006	24830
26	10	6	0	0	-1	5000001	758298
26	8	10	0	0	1	5000001	779352
26	10	6	0	0	-1	5000001	757320
26	8	10	1	-1	-1	430114	67966
26	9	8	1	1	1	468505	65228
26	10	6	0	0	1	5000001	678795
26	9	8	0	0	1	5000001	729842
26	10	6	0	0	-1	5000001	695097
26	8	10	1	-1	-1	1460456	210976
26	10	6	0	0	1	5000001	730158
26	8	10	1	-1	-1	1048866	144769
26	9	8	0	0	-1	5000001	733478
26	9	8	1	1	1	2227788	312878
26	9	8	0	0	-1	5000001	750971
26	9	8	1	1	1	526536	79679
26	8	10	0	0	-1	5000001	741162
26	9	8	1	1	1	930273	144902
26	7	12	1	-1	-1	39440	6325
26	9	8	1	-1	-1	3866430	603480
26	8	10	1	1	1	1548822	242186
26	8	10	0	0	-1	5000001	776420
26	9	8	1	1	1	1961127	305977
26	9	8	1	1	1	1161340	181745
26	10	6	1	1	1	497789	69022
26	8	10	1	-1	-1	2420444	397619
26	8	10	1	1	1	250956	35744
26	9	8	1	-1	-1	4915731	742036
26	10	6	0	0	-1	5000001	739089
26	9	8	1	1	1	1041185	159302
26	10	6	0	0	-1	5000001	735825
26	9	8	1	-1	-1	3	0
26	9	8	1	-1	-1	2837644	413283
26	9	8	0	0	1	5000001	722610
26	10	6	0	0	-1	5000001	744973
26	10	6	1	-1	-1	4913561	711485
26	8	10	1	-1	-1	75769	7468
26	8	10	1	1	1	226837	33668
26	9	8	1	1	1	1735903	268167
26	9	8	1	0	1	1284499	190189
26	9	8	0	0	1	5000001	734975
26	8	10	0	0	-1	5000001	702125
26	10	6	1	1	1	4040724	569146
26	8	10	1	-1	-1	2113224	333973
26	9	8	1	-1	-1	3698907	524334
26	9	8	0	0	-1	5000001	714891
26	8	10	1	-1	-1	246111	36260
26	8	10	1	-1	1	484469	69216
26	9	8	1	-1	-1	1920249	288896
26	9	8	0	0	1	5000001	711539
26	10	6	0	0	-1	5000001	746023
26	9	8	0	0	1	5000001	692379
26	8	10	1	1	1	2879312	448198
26	9	8	1	-1	-1	1885979	288658
26	9	8	1	-1	-1	421700	60507
26	9	8	1	1	1	476445	69194
26	8	10	0	0	-1	5000001	715012
26	10	6	1	1	1	329613	43418
26	8	10	0	0	-1	5000001	693827
26	9	8	1	1	1	35851	5589
26	9	8	1	-1	-1	3	0
26	8	10	1	1	1	4656646	676200
26	9	8	0	0	-1	5000001	721047
26	10	6	0	0	-1	5000001	683029
26	7	12	1	1	1	269686	39704
26	8	10	1	-1	-1	3731482	542670
26	8	10	1	-1	-1	3033068	461528
26	9	8	0	0	-1	5000001	705400
26	9	8	1	1	1	4431463	637567
26	8	10	1	1	1	261340	38791
26	9	8	0	0	1	5000001	706995
26	8	10	0	0	-1	5000001	742478
26	8	10	0	0	-1	5000001	676068
26	8	10	1	-1	-1	2167189	302091
26	9	8	0	0	1	5000001	672797
26	8	10	1	-1	-1	2425768	353632
26	9	8	1	-1	-1	3092715	450250
26	9	8	1	1	1	356313	49161
26	9	8	0	0	-1	5000001	697003
26	8	10	1	-1	-1	1397628	228622
26	8	10	1	1	1	15051	1426
26	8	10	1	-1	-1	3	0
26	8	10	1	1	1	141543	20292
26	8	10	1	-1	-1	465342	68180
26	9	8	1	1	1	3453858	491461
26	9	8	1	-1	-1	5	1
26	10	6	1	1	1	4907226	693003
26	9	8	0	0	-1	5000001	730883
26	9	8	0	0	1	5000001	715156
26	9	8	0	0	1	5000001	739068
26	7	12	1	1	1	316616	47370
26	10	6	0	0	-1	5000001	748699
26	8	10	1	1	-1	297671	38225
26	9	8	0	0	1	5000001	755512
26	9	8	0	0	1	5000001	753975
26	8	10	1	1	1	273619	38232
26	8	10	0	0	-1	5000001	735661
26	9	8	0	0	1	5000001	762142
26	10	6	0	0	-1	5000001	708586
26	7	12	1	-1	-1	225160	29748
26	9	8	0	0	1	5000001	675244
26	7	12	1	1	1	36806	5370
26	9	8	1	1	1	719005	107938
26	8	10	1	1	1	47010	6572
26	9	8	0	0	-1	5000001	737056
26	8	10	1	1	1	42971	4847
26	9	8	1	1	1	3792103	556297
26	9	8	1	1	1	293513	43120
26	9	8	0	0	1	5000001	735768
26	9	8	1	1	1	308351	43199
26	8	10	1	1	1	2306998	350739
26	8	10	0	0	-1	5000001	737565
26	9	8	1	-1	1	725190	97126
26	9	8	0	0	1	5000001	670751
26	9	8	1	1	1	4733852	702739
26	8	10	1	1	1	24349	4085
26	9	8	0	0	-1	5000001	695961
26	9	8	1	1	1	1380298	187483
26	8	10	0	0	-1	5000001	754515
26	8	10	0	0	-1	5000001	715688
26	8	10	1	0	0	641150	95959
26	8	10	1	1	1	340330	45041
26	8	10	1	1	1	3184939	452052
26	9	8	1	1	1	468505	74455
26	10	6	0	0	1	5000001	720813
26	9	8	1	-1	-1	2098763	281327
26	9	8	0	0	-1	5000001	716268
26	9	8	0	0	-1	5000001	723043
26	8	10	1	1	1	3482377	487914
26	9	8	0	0	1	5000001	711981
26	9	8	1	1	1	619461	97215
26	7	12	1	-1	-1	4247600	619780
26	8	10	1	-1	-1	655326	100970
26	9	8	0	0	-1	5000001	1545861
26	8	10	1	1	1	234046	115015
26	10	6	0	0	1	5000001	2127101
26	9	8	0	0	1	5000001	1599975
26	8	10	0	0	0	5000001	1271060
26	8	10	1	1	0	1038987	239941
26	9	8	1	1	1	3052318	717684
26	8	10	1	1	1	2	1
26	9	8	0	0	1	5000001	1044028
26	9	8	1	1	1	333037	69835
26	8	10	1	1	1	2175853	424442
26	9	8	0	0	1	5000001	2034815
26	8	10	0	0	-1	5000001	1321664
26	10	6	0	0	-1	5000001	812074
26	9	8	1	-1	-1	239298	40713
26	8	10	1	1	1	2409	281
26	9	8	1	1	1	3944902	644132
26	8	10	0	0	-1	5000001	779878
26	10	6	0	0	-1	5000001	693462
26	9	8	1	-1	-1	1670121	247571
26	8	10	1	-1	-1	326918	50823
26	9	8	1	1	1	141582	19932
26	8	10	1	-1	-1	67040	10256
26	7	12	1	-1	-1	198240	31394
26	10	6	0	0	-1	5000001	720898
26	8	10	1	-1	-1	3292143	532103
26	9	8	0	0	-1	5000001	716693
26	8	10	1	1	1	882489	135678
26	8	10	0	0	-1	5000001	701747
26	7	12	1	-1	-1	296741	44436
26	10	6	0	0	-1	5000001	711228
26	8	10	1	-1	-1	26051	3308
26	9	8	1	-1	-1	1473889	218706
26	9	8	1	1	1	432802	67008
26	9	8	0	0	1	5000001	657141
26	9	8	0	0	1	5000001	659297
26	10	6	0	0	-1	5000001	625372
26	8	10	0	0	-1	5000001	650742
26	10	6	0	0	1	5000001	691076
26	9	8	1	1	1	468505	67613
26	8	10	1	1	1	464477	60562
26	9	8	1	1	-1	51412	6337
26	8	10	1	1	1	44862	5570
26	9	8	1	-1	-1	48470	6032
26	8	10	1	-1	0	1571240	213228
26	9	8	1	1	1	1189190	165618
26	8	10	1	-1	-1	150185	20876
26	9	8	1	1	1	5037	508
26	10	6	0	0	-1	5000001	659570
26	8	10	1	1	1	193714	27010
26	10	6	0	0	1	5000001	711132
26	8	10	1	-1	-1	42860	5674
26	7	12	1	-1	-1	36270	4760
26	9	8	0	0	1	5000001	697913
26	8	10	1	-1	-1	2387615	366301
26	8	10	0	0	-1	5000001	733714
26	10	6	0	0	1	5000001	704344
26	9	8	1	-1	-1	896951	124688
26	9	8	1	1	1	982329	143688
26	8	10	1	1	1	146456	21387
26	9	8	1	-1	1	1297893	189698
26	9	8	0	0	-1	5000001	707139
26	9	8	1	1	1	4352579	606768
26	10	6	0	0	-1	5000001	736187
26	8	10	1	1	1	1174596	166182
26	10	6	0	0	1	5000001	732475
26	8	10	0	0	1	5000001	729544
26	9	8	1	1	1	1633046	242620
26	9	8	1	1	1	1954172	286836
26	8	10	0	0	1	5000001	732383
26	9	8	1	1	1	53442	6215
26	8	10	0	0	1	5000001	744393
26	8	10	1	-1	-1	1501902	217612
26	9	8	1	1	1	1804989	287539
26	9	8	0	0	1	5000001	789171
26	9	8	0	0	-1	5000001	761553
26	9	8	1	1	1	622031	102545
26	8	10	1	1	1	719618	137645
26	9	8	0	0	-1	5000001	1557746
26	8	10	1	-1	-1	124892	36856
26	8	10	0	0	1	5000001	748015
26	9	8	0	0	1	5000001	593810
26	8	10	1	1	1	1092774	144996
26	9	8	1	1	1	215515	26785
26	9	8	0	0	1	5000001	618077
26	9	8	0	0	1	5000001	650221
26	8	10	1	-1	-1	379143	47465
26	7	12	1	-1	-1	2846680	378693
26	10	6	0	0	-1	5000001	644344
26	10	6	0	0	1	5000001	610803
26	9	8	0	0	-1	5000001	615406
26	8	10	1	1	-1	2615222	325162
26	9	8	1	-1	-1	1545	234
26	9	8	1	1	-1	1227749	151404
26	10	6	1	1	1	11350	782
26	10	6	0	0	1	5000001	626220
26	9	8	1	1	1	1080506	131279
26	9	8	1	1	1	2567199	309218
26	9	8	0	0	-1	5000001	596360
26	9	8	1	1	1	929833	120631
26	9	8	1	1	1	4742244	570777
26	9	8	1	-1	-1	4427448	528315
26	10	6	0	0	1	5000001	594862
26	8	10	0	0	-1	5000001	592378
26	8	10	1	1	1	1605540	204253
26	8	10	1	-1	-1	270722	30635
26	9	8	1	1	-1	482611	56361
26	8	10	1	1	1	404846	49200
26	10	6	0	0	1	5000001	569222
26	10	6	0	0	1	5000001	576669
26	8	10	1	-1	-1	2387615	302126
26	9	8	0	0	1	5000001	559887
26	10	6	0	0	1	5000001	560980
26	8	10	1	-1	-1	2772580	351315
26	9	8	0	0	-1	5000001	564832
26	8	10	1	1	1	22567	1733
26	9	8	1	1	1	2134972	273580
26	8	10	0	0	-1	5000001	636260
26	9	8	1	1	-1	2807277	328965
26	9	8	1	1	1	46810	4697
26	8	10	1	1	1	4907	376
27	9	9	0	0	-1	5000001	651623
27	9	9	0	0	1	5000001	679656
27	9	9	1	1	1	333242	40390
27	9	9	0	0	-1	5000001	640557
27	9	9	1	1	1	956106	122423
27	10	7	0	0	1	5000001	621815
27	10	7	0	0	-1	5000001	616332
27	9	9	1	1	1	480543	57368
27	9	9	0	0	-1	5000001	607327
27	9	9	1	-1	-1	190533	20130
27	9	9	1	1	1	350441	41381
27	10	7	0	0	-1	5000001	548688
27	9	9	1	1	1	1989174	256888
27	9	9	1	1	1	1571203	187807
27	10	7	0	0	-1	5000001	588032
27	8	11	1	1	-1	13787	1139
27	10	7	0	0	1	5000001	584553
27	9	9	0	0	-1	5000001	584373
27	10	7	1	1	1	342240	44575
27	9	9	0	0	-1	5000001	583597
27	10	7	0	0	1	5000001	557398
27	9	9	1	1	1	1041308	125280
27	10	7	0	0	-1	5000001	574240
27	10	7	0	0	1	5000001	602400
27	9	9	0	0	0	5000001	578841
27	10	7	0	0	1	5000001	633276
27	9	9	0	0	1	5000001	590436
27	9	9	0	0	1	5000001	594560
27	9	9	1	1	1	1340727	150902
27	10	7	1	1	1	3187122	367006
27	11	5	0	0	-1	5000001	584008
27	9	9	1	1	1	2013197	226547
27	10	7	0	0	0	5000001	585767
27	9	9	0	0	1	5000001	599777
27	11	5	0	0	1	5000001	581144
27	9	9	0	0	-1	5000001	586141
27	9	9	0	0	1	5000001	568471
27	10	7	0	0	-1	5000001	555902
27	8	11	1	-1	-1	1804011	213165
27	9	9	1	1	1	1939272	223666
27	8	11	1	-1	-1	789679	86730
27	8	11	1	-1	-1	2005490	232095
27	9	9	0	0	1	5000001	567914
27	9	9	1	1	1	1214732	138773
27	10	7	0	0	1	5000001	537922
27	10	7	0	0	1	5000001	552323
27	9	9	1	1	-1	228929	23827
27	10	7	0	0	1	5000001	507651
27	8	11	1	1	1	1327618	139770
27	9	9	1	1	1	4487108	459199
27	10	7	0	0	1	5000001	493725
27	9	9	1	1	1	4241757	425518
27	10	7	0	0	-1	5000001	472769
27	10	7	0	0	1	5000001	475225
27	11	5	0	0	1	5000001	504797
27	9	9	1	1	1	1660585	194209
27	10	7	0	0	1	5000001	496362
27	10	7	0	0	-1	5000001	544463
27	10	7	0	0	-1	5000001	523730
27	10	7	1	1	-1	2784185	324180
27	9	9	1	1	1	2694955	329372
27	10	7	0	0	-1	5000001	522067
27	9	9	0	0	-1	5000001	559158
27	10	7	0	0	-1	5000001	538445
27	9	9	1	-1	-1	614133	65167
27	9	9	0	0	-1	5000001	541942
27	7	13	1	1	1	808534	97687
27	9	9	1	1	1	1652483	189270
27	9	9	1	-1	-1	3959352	434006
27	9	9	1	1	1	2463666	283279
27	10	7	0	0	-1	5000001	531664
27	9	9	0	0	-1	5000001	527717
27	9	9	0	0	1	5000001	541472
27	9	9	0	0	1	5000001	533984
27	9	9	1	-1	-1	610463	73709
27	9	9	1	1	1	606217	72021
27	9	9	1	1	0	1051290	114733
27	8	11	1	1	1	383697	37275
27	9	9	1	-1	1	855399	98872
27	9	9	0	0	1	5000001	550107
27	9	9	0	0	1	5000001	524071
27	10	7	0	0	1	5000001	535669
27	10	7	0	0	1	5000001	548066
27	10	7	0	0	0	5000001	590719
27	9	9	1	1	1	2117956	238178
27	9	9	1	1	1	3220229	347546
27	8	11	1	-1	-1	974	79
27	9	9	1	1	1	3802259	444360
27	10	7	1	1	1	5172	359
27	9	9	0	0	-1	5000001	524931
27	10	7	1	1	1	2928584	303812
27	9	9	0	0	-1	5000001	529665
27	9	9	0	0	-1	5000001	561319
27	9	9	1	1	1	2030407	226764
27	11	5	0	0	-1	5000001	527243
27	8	11	0	0	1	5000001	548829
27	9	9	1	1	1	675926	82061
27	11	5	0	0	1	5000001	580508
27	10	7	1	1	1	555261	58827
27	8	11	1	-1	-1	994379	109952
27	9	9	1	1	1	736992	82754
27	9	9	0	0	1	5000001	553197
27	9	9	1	1	1	257772	27167
27	9	9	0	0	-1	5000001	579295
27	8	11	1	1	-1	1534378	180503
27	8	11	0	0	-1	5000001	574716
27	9	9	0	0	1	5000001	531297
27	10	7	0	0	-1	5000001	522693
27	9	9	1	1	1	758327	90395
27	9	9	0	0	-1	5000001	554971
27	8	11	1	1	1	204358	18023
27	9	9	1	-1	-1	4714745	491972
27	10	7	0	0	1	5000001	548206
27	9	9	0	0	1	5000001	567948
27	11	5	0	0	1	5000001	529786
27	9	9	0	0	-1	5000001	506078
27	10	7	0	0	1	5000001	627933
27	8	11	0	0	-1	5000001	551552
27	10	7	0	0	-1	5000001	492122
27	9	9	0	0	1	5000001	493286
27	10	7	1	1	1	1120821	106959
27	9	9	1	1	1	2258467	233555
27	10	7	0	0	-1	5000001	578021
27	9	9	0	0	1	5000001	494349
27	9	9	0	0	-1	5000001	506728
27	9	9	0	0	-1	5000001	499703
27	9	9	0	0	1	5000001	502833
27	9	9	1	1	1	1250692	128609
27	10	7	1	1	-1	2860522	297019
27	9	9	1	1	1	1935763	204550
27	9	9	0	0	1	5000001	507451
27	11	5	0	0	-1	5000001	482736
27	9	9	1	-1	-1	659246	63334
27	10	7	0	0	-1	5000001	486497
27	8	11	1	1	1	401264	38957
27	9	9	1	1	1	4872958	470347
27	9	9	1	-1	-1	4423304	466175
27	9	9	1	-1	-1	3503577	365224
27	10	7	0	0	0	5000001	462429
27	9	9	0	0	1	5000001	432695
27	10	7	0	0	1	5000001	461639
27	10	7	0	0	-1	5000001	429728
27	10	7	0	0	1	5000001	458487
27	9	9	0	0	-1	5000001	503135
27	11	5	0	0	1	5000001	445056
27	9	9	0	0	1	5000001	447537
27	9	9	1	1	1	2045358	194862
27	9	9	0	0	1	5000001	404180
27	10	7	0	0	1	5000001	458658
27	10	7	0	0	-1	5000001	445460
27	10	7	0	0	-1	5000001	460248
27	9	9	0	0	1	5000001	488929
27	10	7	0	0	-1	5000001	497588
27	10	7	0	0	-1	5000001	514591
27	10	7	0	0	-1	5000001	548848
27	10	7	0	0	-1	5000001	535299
27	8	11	1	-1	-1	1585985	166235
27	9	9	1	1	1	2818733	301388
27	9	9	0	0	1	5000001	518596
27	8	11	1	-1	-1	3570436	390313
27	8	11	0	0	1	5000001	474236
27	8	11	1	-1	-1	20169	1577
27	9	9	0	0	1	5000001	474793
27	10	7	0	0	1	5000001	461073
27	9	9	0	0	1	5000001	448568
27	8	11	0	0	-1	5000001	441444
27	9	9	0	0	1	5000001	453497
27	10	7	0	0	1	5000001	452904
27	11	5	0	0	1	5000001	437565
27	10	7	0	0	-1	5000001	477253
27	7	13	1	-1	1	4846192	437422
27	10	7	0	0	1	5000001	613970
27	8	11	1	1	1	356334	42940
27	11	5	0	0	-1	5000001	436434
27	11	5	0	0	-1	5000001	419403
27	9	9	0	0	1	5000001	422115
27	9	9	0	0	1	5000001	608581
27	10	7	0	0	-1	5000001	629597
27	9	9	0	0	1	5000001	429543
27	10	7	0	0	-1	5000001	449032
27	9	9	0	0	-1	5000001	441743
27	11	5	0	0	1	5000001	436878
27	9	9	0	0	-1	5000001	641054
27	8	11	1	1	1	38236	4234
27	10	7	0	0	1	5000001	631050
27	10	7	1	1	1	1432348	182743
27	9	9	0	0	-1	5000001	615038
27	9	9	0	0	1	5000001	582279
27	10	7	0	0	-1	5000001	504303
27	9	9	1	-1	-1	94096	8436
27	9	9	0	0	-1	5000001	479058
27	9	9	1	1	-1	4071161	425738
27	9	9	1	1	1	3748959	391790
27	9	9	0	0	1	5000001	455627
27	9	9	1	1	1	440845	41049
27	9	9	0	0	1	5000001	451893
27	10	7	0	0	1	5000001	387346
27	10	7	0	0	-1	5000001	452514
27	10	7	0	0	1	5000001	606182
27	9	9	0	0	-1	5000001	608936
27	9	9	1	1	1	702909	88073
27	10	7	0	0	0	5000001	610529
27	8	11	1	-1	-1	2953906	386040
27	11	5	0	0	1	5000001	591398
27	11	5	0	0	-1	5000001	577718
27	10	7	0	0	1	5000001	637474
27	9	9	0	0	1	5000001	727638
27	11	5	0	0	1	5000001	654541
27	9	9	0	0	-1	5000001	730255
27	8	11	1	1	0	474024	67240
27	10	7	1	-1	-1	3511401	457115
27	9	9	1	-1	-1	2433897	333703
27	10	7	1	1	1	1887367	269412
27	10	7	0	0	-1	5000001	669043
27	10	7	0	0	-1	5000001	606355
27	9	9	1	1	1	174658	21787
27	10	7	0	0	-1	5000001	485384
27	9	9	0	0	1	5000001	472667
27	10	7	0	0	-1	5000001	423803
27	9	9	0	0	-1	5000001	447087
27	8	11	0	0	-1	5000001	469912
27	10	7	0	0	1	5000001	474491
27	10	7	1	1	1	4389119	426260
27	9	9	0	0	-1	5000001	452094
27	8	11	1	1	1	140643	10914
27	9	9	1	-1	-1	2148487	207178
27	10	7	1	1	1	269189	26426
27	10	7	1	1	1	13476	1043
27	9	9	1	-1	-1	4480157	412725
27	8	11	1	1	1	986884	97009
27	8	11	1	1	1	2	0
27	10	7	0	0	-1	5000001	420967
27	8	11	0	0	-1	5000001	486541
27	8	11	1	-1	-1	2106983	197457
27	8	11	1	0	-1	177579	14780
27	8	11	1	-1	-1	1553675	141621
27	9	9	1	1	1	4259122	416506
27	10	7	1	-1	-1	3748564	379180
27	10	7	0	0	0	5000001	509119
27	9	9	0	0	1	5000001	499745
27	9	9	0	0	1	5000001	493461
27	9	9	1	1	1	3973704	403345
27	9	9	1	1	1	599134	64836
27	10	7	1	1	1	3847262	445504
27	10	7	0	0	-1	5000001	563602
27	10	7	0	0	1	5000001	493406
27	10	7	0	0	1	5000001	521379
27	8	11	1	-1	1	3154026	363786
27	10	7	0	0	1	5000001	524412
27	9	9	1	1	1	1341414	149522
27	10	7	1	1	1	1223971	127635
27	10	7	0	0	-1	5000001	524549
27	9	9	1	-1	-1	513043	53754
27	11	5	1	1	1	1130432	128367
27	9	9	0	0	1	5000001	544875
27	9	9	1	1	1	2963717	339682
27	9	9	0	0	1	5000001	549624
27	9	9	1	1	1	2379307	256945
27	9	9	1	-1	-1	5038	383
27	10	7	0	0	-1	5000001	522680
27	9	9	1	1	1	1822874	203448
27	10	7	1	1	1	1615862	167105
27	9	9	0	0	1	5000001	555540
27	9	9	1	1	1	726049	78681
27	10	7	0	0	1	5000001	546418
27	11	5	0	0	-1	5000001	591568
27	10	7	0	0	-1	5000001	509006
27	10	7	0	0	-1	5000001	538680
27	9	9	1	-1	-1	2785211	303130
27	9	9	0	0	1	5000001	517104
27	8	11	0	0	1	5000001	553240
27	11	5	0	0	0	5000001	515896
27	10	7	0	0	1	5000001	608446
27	9	9	0	0	1	5000001	589480
27	9	9	0	0	-1	5000001	487507
27	8	11	0	0	-1	5000001	551260
27	11	5	0	0	1	5000001	480040
27	9	9	0	0	1	5000001	551384
27	9	9	0	0	1	5000001	455100
27	10	7	0	0	-1	5000001	476639
27	9	9	0	0	-1	5000001	483439
27	10	7	0	0	1	5000001	508973
27	9	9	1	1	-1	925679	98212
27	9	9	1	1	1	2615482	273948
27	9	9	1	1	1	129189	11852
27	9	9	1	1	1	60512	5099
27	10	7	0	0	-1	5000001	484363
27	10	7	0	0	1	5000001	483721
27	9	9	1	-1	-1	262745	28429
27	9	9	0	0	1	5000001	488000
27	9	9	0	0	-1	5000001	473920
27	10	7	1	1	1	918327	90662
27	8	11	1	1	1	235376	19455
27	9	9	0	0	-1	5000001	466493
27	9	9	1	1	1	291443	28337
27	10	7	0	0	1	5000001	493561
27	9	9	1	-1	-1	496556	63614
27	9	9	0	0	-1	5000001	544305
27	9	9	1	1	-1	2283314	255327
27	9	9	0	0	1	5000001	568839
28	10	8	0	0	0	5000001	612094
28	11	6	0	0	0	5000001	644075
28	10	8	0	0	-1	5000001	657912
28	11	6	1	-1	-1	321715	32423
28	10	8	0	0	-1	5000001	604532
28	10	8	0	0	-1	5000001	606642
28	10	8	1	-1	-1	439777	56404
28	9	10	0	0	-1	5000001	574376
28	11	6	0	0	1	5000001	609846
28	11	6	0	0	1	5000001	614219
28	9	10	0	0	0	5000001	574785
28	10	8	0	0	-1	5000001	605966
28	10	8	1	1	1	2	0
28	11	6	0	0	-1	5000001	602917
28	10	8	0	0	1	5000001	653172
28	9	10	0	0	-1	5000001	627257
28	11	6	0	0	-1	5000001	624798
28	11	6	0	0	1	5000001	600872
28	10	8	0	0	-1	5000001	634322
28	11	6	0	0	1	5000001	619049
28	11	6	0	0	1	5000001	588572
28	10	8	0	0	-1	5000001	597573
28	10	8	0	0	-1	5000001	637782
28	9	10	1	-1	-1	3927284	486094
28	10	8	0	0	1	5000001	636404
28	9	10	1	-1	-1	4364937	535691
28	8	12	0	0	-1	5000001	636102
28	8	12	1	1	1	4479442	570316
28	10	8	0	0	1	5000001	617781
28	11	6	0	0	1	5000001	614309
28	10	8	0	0	1	5000001	602245
28	9	10	0	0	-1	5000001	627406
28	10	8	0	0	1	5000001	611111
28	11	6	0	0	1	5000001	616511
28	11	6	0	0	-1	5000001	600434
28	11	6	0	0	1	5000001	584368
28	11	6	0	0	1	5000001	575446
28	10	8	0	0	1	5000001	563008
28	11	6	0	0	1	5000001	613576
28	10	8	0	0	1	5000001	579219
28	10	8	1	-1	-1	4380007	486630
28	10	8	0	0	-1	5000001	590537
28	11	6	0	0	0	5000001	608799
28	11	6	0	0	-1	5000001	585674
28	10	8	0	0	-1	5000001	580521
28	10	8	1	-1	-1	2867502	366196
28	10	8	0	0	-1	5000001	617603
28	10	8	0	0	-1	5000001	609514
28	9	10	1	1	1	216605	19213
28	11	6	0	0	1	5000001	691858
28	10	8	0	0	-1	5000001	682810
28	11	6	0	0	1	5000001	606473
28	9	10	0	0	1	5000001	632028
28	9	10	0	0	1	5000001	631768
28	10	8	0	0	1	5000001	600722
28	10	8	0	0	1	5000001	575291
28	10	8	0	0	-1	5000001	570280
28	10	8	0	0	-1	5000001	566214
28	10	8	0	0	-1	5000001	551657
28	10	8	0	0	-1	5000001	573074
28	10	8	0	0	-1	5000001	583480
28	10	8	0	0	1	5000001	592498
28	10	8	0	0	1	5000001	554184
28	10	8	0	0	1	5000001	568224
28	10	8	0	0	-1	5000001	605259
28	10	8	0	0	-1	5000001	614360
28	11	6	0	0	-1	5000001	558396
28	10	8	0	0	-1	5000001	589291
28	9	10	1	-1	-1	3070175	358954
28	9	10	0	0	1	5000001	585410
28	10	8	0	0	-1	5000001	561666
28	10	8	0	0	1	5000001	604109
28	11	6	0	0	-1	5000001	606571
28	11	6	0	0	-1	5000001	608450
28	10	8	0	0	-1	5000001	589278
28	11	6	0	0	-1	5000001	572962
28	11	6	0	0	-1	5000001	542681
28	9	10	1	-1	-1	204852	19518
28	10	8	0	0	-1	5000001	496432
28	9	10	0	0	-1	5000001	577618
28	11	6	0	0	1	5000001	503143
28	11	6	0	0	1	5000001	513231
28	10	8	0	0	-1	5000001	470537
28	10	8	0	0	-1	5000001	500977
28	11	6	0	0	-1	5000001	469818
28	10	8	0	0	1	5000001	471044
28	10	8	0	0	-1	5000001	515548
28	10	8	1	1	1	658995	68664
28	11	6	0	0	-1	5000001	456340
28	11	6	0	0	1	5000001	462326
28	10	8	0	0	-1	5000001	551689
28	12	4	0	0	1	5000001	511485
28	9	10	0	0	1	5000001	579800
28	10	8	0	0	-1	5000001	544610
28	9	10	0	0	1	5000001	569657
28	11	6	0	0	-1	5000001	574371
28	11	6	0	0	0	5000001	526284
28	10	8	0	0	1	5000001	545070
28	9	10	1	1	1	1325782	147604
28	10	8	0	0	-1	5000001	536166
28	10	8	0	0	-1	5000001	541011
28	9	10	1	1	-1	1625946	182326
28	9	10	0	0	1	5000001	522618
28	10	8	0	0	1	5000001	501515
28	10	8	1	1	1	2047967	224725
28	9	10	1	1	1	2467878	265397
28	9	10	1	-1	0	645583	74004
28	9	10	0	0	-1	5000001	582253
28	11	6	0	0	1	5000001	539750
28	10	8	0	0	1	5000001	545689
28	11	6	0	0	-1	5000001	537285
28	10	8	0	0	-1	5000001	493638
28	9	10	1	-1	-1	40942	3565
28	11	6	0	0	-1	5000001	525618
28	11	6	0	0	1	5000001	542239
28	11	6	0	0	1	5000001	500382
28	10	8	0	0	-1	5000001	554302
28	11	6	0	0	-1	5000001	569782
28	9	10	0	0	-1	5000001	613961
28	11	6	0	0	-1	5000001	610276
28	10	8	0	0	1	5000001	585545
28	10	8	0	0	1	5000001	590562
28	9	10	0	0	-1	5000001	569367
28	10	8	0	0	-1	5000001	596449
28	10	8	0	0	-1	5000001	616446
28	10	8	0	0	-1	5000001	633553
28	11	6	0	0	-1	5000001	590880
28	11	6	0	0	1	5000001	610534
28	9	10	1	-1	-1	2237753	274906
28	11	6	0	0	0	5000001	609494
28	11	6	0	0	-1	5000001	618816
28	10	8	0	0	-1	5000001	649321
28	9	10	1	-1	-1	141897	17136
28	11	6	0	0	1	5000001	642367
28	10	8	0	0	-1	5000001	633009
28	11	6	0	0	1	5000001	643512
28	11	6	0	0	-1	5000001	620625
28	11	6	0	0	-1	5000001	631048
28	11	6	0	0	1	5000001	614723
28	10	8	0	0	1	5000001	610084
28	10	8	0	0	-1	5000001	588281
28	10	8	0	0	-1	5000001	636767
28	10	8	0	0	-1	5000001	623670
28	10	8	0	0	-1	5000001	623127
28	10	8	0	0	1	5000001	667348
28	10	8	0	0	-1	5000001	605392
28	11	6	0	0	0	5000001	579878
28	9	10	0	0	1	5000001	621344
28	11	6	0	0	-1	5000001	638867
28	10	8	1	1	1	3356754	423698
28	10	8	0	0	-1	5000001	630227
28	10	8	0	0	-1	5000001	590288
28	11	6	0	0	-1	5000001	583130
28	8	12	1	1	0	2699108	336755
28	9	10	1	-1	-1	4676646	582311
28	10	8	0	0	1	5000001	576963
28	10	8	0	0	1	5000001	589966
28	9	10	1	1	1	376928	41243
28	10	8	0	0	1	5000001	586096
28	10	8	0	0	-1	5000001	592106
28	10	8	0	0	-1	5000001	570565
28	10	8	0	0	-1	5000001	568895
28	10	8	1	-1	-1	2130063	261116
28	8	12	1	-1	-1	3185943	432000
28	10	8	1	1	1	101618	9291
28	11	6	0	0	0	5000001	623774
28	10	8	0	0	1	5000001	554663
28	10	8	0	0	-1	5000001	623835
28	10	8	1	1	1	1102194	128773
28	10	8	0	0	-1	5000001	622181
28	11	6	0	0	0	5000001	628687
28	11	6	0	0	-1	5000001	604224
28	11	6	0	0	1	5000001	609727
28	11	6	0	0	-1	5000001	587246
28	11	6	0	0	-1	5000001	575816
28	11	6	0	0	0	5000001	569735
28	11	6	0	0	-1	5000001	591036
28	10	8	0	0	-1	5000001	573049
28	10	8	0	0	-1	5000001	594113
28	9	10	0	0	1	5000001	615473
28	10	8	0	0	1	5000001	593591
28	10	8	0	0	-1	5000001	523485
28	11	6	0	0	1	5000001	551787
28	10	8	0	0	-1	5000001	599762
28	12	4	0	0	-1	5000001	576564
28	10	8	0	0	-1	5000001	568049
28	10	8	0	0	1	5000001	621585
28	10	8	0	0	-1	5000001	601811
28	10	8	0	0	1	5000001	510486
28	10	8	0	0	1	5000001	574468
28	9	10	0	0	1	5000001	566331
28	11	6	0	0	1	5000001	541687
28	11	6	0	0	-1	5000001	565275
28	10	8	0	0	-1	5000001	583435
28	10	8	0	0	-1	5000001	602652
28	9	10	0	0	1	5000001	603866
28	10	8	0	0	-1	5000001	532492
28	10	8	1	1	1	68917	6652
28	9	10	1	1	1	113261	11961
28	11	6	0	0	1	5000001	555320
28	11	6	0	0	1	5000001	574070
28	9	10	0	0	1	5000001	547954
28	10	8	1	1	1	80553	5260
28	10	8	0	0	0	5000001	545690
28	10	8	1	1	1	4749845	532743
28	11	6	0	0	-1	5000001	488004
28	10	8	1	1	1	2866575	244659
28	9	10	0	0	1	5000001	471735
28	10	8	0	0	-1	5000001	475607
28	10	8	0	0	1	5000001	484971
28	11	6	0	0	-1	5000001	429315
28	11	6	0	0	1	5000001	518968
28	11	6	0	0	0	5000001	473332
28	10	8	0	0	-1	5000001	572175
28	10	8	0	0	0	5000001	559620
28	10	8	1	1	1	2963749	344516
28	10	8	0	0	-1	5000001	536145
28	10	8	1	1	1	4	1
28	10	8	1	-1	1	796718	91322
28	8	12	0	0	1	5000001	569594
28	11	6	0	0	0	5000001	531086
28	11	6	0	0	1	5000001	525740
28	10	8	0	0	1	5000001	529097
28	9	10	0	0	-1	5000001	547950
28	9	10	0	0	1	5000001	576399
28	11	6	0	0	-1	5000001	548944
28	9	10	1	1	1	4254701	492385
28	11	6	0	0	-1	5000001	551306
28	10	8	0	0	1	5000001	480284
28	9	10	0	0	1	5000001	499129
28	10	8	0	0	-1	5000001	542553
28	11	6	0	0	1	5000001	514030
28	11	6	0	0	1	5000001	551212
28	10	8	0	0	1	5000001	558982
28	10	8	0	0	1	5000001	554959
28	11	6	0	0	1	5000001	537143
28	10	8	0	0	1	5000001	561307
28	9	10	0	0	-1	5000001	534260
28	9	10	0	0	1	5000001	563689
28	10	8	0	0	-1	5000001	501673
28	11	6	0	0	-1	5000001	501897
28	9	10	0	0	1	5000001	541372
28	10	8	0	0	1	5000001	573071
28	9	10	0	0	1	5000001	528816
28	10	8	0	0	0	5000001	529870
28	10	8	0	0	-1	5000001	552219
28	11	6	0	0	1	5000001	485828
28	10	8	0	0	-1	5000001	538196
28	11	6	0	0	1	5000001	538667
28	11	6	0	0	1	5000001	565334
28	10	8	1	-1	-1	32129	2595
28	10	8	0	0	1	5000001	563990
28	10	8	0	0	1	5000001	519466
28	9	10	1	1	1	384769	42295
28	10	8	0	0	-1	5000001	533663
28	10	8	0	0	-1	5000001	563465
28	11	6	0	0	-1	5000001	494142
28	10	8	0	0	-1	5000001	559490
28	10	8	0	0	-1	5000001	650983
28	10	8	0	0	-1	5000001	611002
28	11	6	0	0	1	5000001	637316
28	10	8	0	0	1	5000001	676702
28	9	10	1	-1	-1	1003162	154583
28	9	10	1	1	1	4406935	609477
28	10	8	0	0	1	5000001	620253
28	10	8	0	0	-1	5000001	681284
28	10	8	0	0	-1	5000001	667739
28	10	8	0	0	-1	5000001	652222
28	11	6	1	-1	-1	101877	10022
28	10	8	0	0	1	5000001	625961
28	10	8	0	0	-1	5000001	644019
28	10	8	0	0	1	5000001	668071
28	10	8	1	1	1	545583	63802
28	11	6	0	0	-1	5000001	643281
28	10	8	0	0	1	5000001	636812
28	9	10	0	0	1	5000001	564039
28	9	10	1	1	1	643173	85195
28	11	6	0	0	1	5000001	513005
28	10	8	1	1	1	2	0
28	10	8	0	0	-1	5000001	541744
28	11	6	0	0	-1	5000001	542999
28	10	8	1	1	1	3472547	400074
28	9	10	0	0	-1	5000001	584930
28	11	6	0	0	1	5000001	600000
28	11	6	0	0	1	5000001	609583
28	10	8	0	0	1	5000001	517099
28	10	8	0	0	1	5000001	547059
28	10	8	0	0	-1	5000001	600162
28	10	8	0	0	1	5000001	625842
28	9	10	1	1	1	1991647	252382
28	10	8	0	0	1	5000001	609172
28	10	8	1	-1	-1	3292618	409512
28	10	8	0	0	1	5000001	635122
28	10	8	0	0	1	5000001	581448
28	10	8	0	0	-1	5000001	644645
28	8	12	1	1	-1	4872484	632083
28	10	8	0	0	1	5000001	624798
28	9	10	0	0	-1	5000001	626219
28	11	6	1	1	1	500441	64861
28	10	8	0	0	-1	5000001	650325
29	11	7	0	0	1	5000001	644081
29	11	7	0	0	-1	5000001	665033
29	12	5	0	0	-1	5000001	629764
29	11	7	0	0	-1	5000001	600020
29	11	7	0	0	-1	5000001	576079
29	11	7	0	0	0	5000001	614957
29	11	7	0	0	1	5000001	616312
29	11	7	0	0	1	5000001	580837
29	10	9	0	0	1	5000001	615161
29	10	9	0	0	-1	5000001	596806
29	11	7	0	0	-1	5000001	647253
29	10	9	1	-1	-1	1280334	170104
29	10	9	0	0	-1	5000001	627195
29	11	7	0	0	0	5000001	562170
29	11	7	0	0	1	5000001	656284
29	10	9	1	-1	-1	146945	16044
29	9	11	0	0	1	5000001	608677
29	11	7	0	0	1	5000001	643766
29	10	9	0	0	-1	5000001	597670
29	11	7	0	0	-1	5000001	612033
29	11	7	0	0	-1	5000001	610517
29	11	7	0	0	1	5000001	589145
29	11	7	0	0	1	5000001	605582
29	11	7	0	0	1	5000001	584032
29	10	9	0	0	-1	5000001	590508
29	11	7	0	0	-1	5000001	620917
29	11	7	0	0	1	5000001	549787
29	10	9	0	0	1	5000001	612435
29	10	9	1	1	1	2756157	365297
29	11	7	0	0	1	5000001	606727
29	10	9	0	0	-1	5000001	631365
29	11	7	0	0	1	5000001	636149
29	10	9	0	0	1	5000001	599442
29	12	5	0	0	-1	5000001	608832
29	9	11	0	0	-1	5000001	634277
29	10	9	1	1	1	1797648	228192
29	11	7	0	0	1	5000001	576504
29	12	5	0	0	1	5000001	578951
29	11	7	0	0	1	5000001	578562
29	10	9	0	0	-1	5000001	591136
29	9	11	0	0	1	5000001	567791
29	9	11	0	0	1	5000001	610565
29	11	7	0	0	1	5000001	567887
29	11	7	0	0	0	5000001	624682
29	10	9	0	0	-1	5000001	571354
29	9	11	0	0	1	5000001	580011
29	11	7	0	0	-1	5000001	582731
29	11	7	0	0	-1	5000001	599338
29	11	7	0	0	1	5000001	569424
29	10	9	0	0	1	5000001	597156
29	11	7	0	0	1	5000001	544211
29	10	9	0	0	-1	5000001	577498
29	12	5	0	0	1	5000001	588364
29	11	7	0	0	1	5000001	577836
29	11	7	0	0	-1	5000001	589109
29	11	7	0	0	-1	5000001	610573
29	10	9	1	1	-1	4446235	538513
29	11	7	0	0	-1	5000001	608145
29	11	7	0	0	1	5000001	573462
29	10	9	0	0	-1	5000001	595752
29	11	7	0	0	1	5000001	558803
29	10	9	0	0	-1	5000001	542670
29	10	9	0	0	-1	5000001	540775
29	10	9	0	0	-1	5000001	503796
29	10	9	0	0	-1	5000001	514321
29	11	7	0	0	-1	5000001	489650
29	9	11	1	-1	-1	1084744	101707
29	11	7	0	0	1	5000001	514318
29	11	7	0	0	-1	5000001	493280
29	11	7	1	1	0	4328501	414922
29	11	7	0	0	1	5000001	489597
29	11	7	0	0	-1	5000001	491396
29	11	7	0	0	1	5000001	582020
29	10	9	0	0	1	5000001	579518
29	10	9	0	0	1	5000001	515276
29	9	11	0	0	1	5000001	563337
29	11	7	0	0	1	5000001	569084
29	11	7	0	0	-1	5000001	515394
29	11	7	0	0	-1	5000001	538751
29	10	9	0	0	-1	5000001	507025
29	11	7	0	0	1	5000001	559899
29	11	7	0	0	-1	5000001	499137
29	10	9	0	0	1	5000001	573996
29	11	7	0	0	1	5000001	525996
29	11	7	0	0	1	5000001	548764
29	11	7	0	0	1	5000001	566528
29	11	7	0	0	-1	5000001	540324
29	11	7	0	0	-1	5000001	546427
29	11	7	0	0	-1	5000001	504053
29	11	7	0	0	-1	5000001	555166
29	11	7	0	0	-1	5000001	577300
29	10	9	0	0	-1	5000001	541961
29	10	9	1	-1	-1	624611	70122
29	10	9	0	0	-1	5000001	534459
29	11	7	0	0	-1	5000001	549033
29	11	7	0	0	1	5000001	508150
29	10	9	0	0	1	5000001	557932
29	11	7	0	0	1	5000001	538675
29	11	7	0	0	-1	5000001	522389
29	9	11	0	0	-1	5000001	563089
29	10	9	0	0	-1	5000001	569376
29	10	9	1	-1	-1	1008267	118729
29	10	9	0	0	-1	5000001	539715
29	11	7	0	0	-1	5000001	568389
29	9	11	1	-1	-1	1105748	127921
29	11	7	1	-1	-1	2723382	301436
29	11	7	0	0	-1	5000001	525769
29	11	7	0	0	-1	5000001	550182
29	10	9	0	0	-1	5000001	536602
29	11	7	0	0	-1	5000001	582107
29	11	7	0	0	1	5000001	506297
29	10	9	0	0	0	5000001	529665
29	11	7	0	0	1	5000001	541857
29	11	7	0	0	1	5000001	561588
29	10	9	0	0	1	5000001	541489
29	11	7	0	0	0	5000001	571896
29	10	9	0	0	1	5000001	581301
29	11	7	0	0	1	5000001	494325
29	11	7	0	0	1	5000001	499177
29	10	9	0	0	0	5000001	504218
29	11	7	0	0	-1	5000001	547397
29	11	7	0	0	1	5000001	513068
29	11	7	0	0	-1	5000001	522230
29	10	9	0	0	-1	5000001	445423
29	11	7	1	-1	-1	3896816	435759
29	11	7	0	0	0	5000001	506821
29	12	5	0	0	-1	5000001	457622
29	10	9	0	0	-1	5000001	484682
29	8	13	1	1	1	331568	35165
29	10	9	0	0	-1	5000001	525894
29	11	7	0	0	1	5000001	499079
29	11	7	0	0	1	5000001	484870
29	10	9	0	0	-1	5000001	479727
29	12	5	0	0	-1	5000001	473913
29	11	7	0	0	1	5000001	449913
29	10	9	1	1	1	706223	70576
29	10	9	0	0	1	5000001	404807
29	12	5	0	0	1	5000001	458733
29	11	7	0	0	1	5000001	463114
29	11	7	0	0	-1	5000001	450623
29	11	7	0	0	-1	5000001	464645
29	9	11	0	0	-1	5000001	437722
29	10	9	0	0	-1	5000001	473603
29	12	5	0	0	1	5000001	443691
29	11	7	0	0	1	5000001	553736
29	10	9	0	0	-1	5000001	597455
29	11	7	0	0	1	5000001	634631
29	10	9	0	0	1	5000001	638435
29	9	11	1	1	1	1611707	211639
29	11	7	0	0	-1	5000001	547950
29	11	7	0	0	1	5000001	477973
29	10	9	1	1	1	1198031	128322
29	10	9	0	0	-1	5000001	547743
29	11	7	0	0	-1	5000001	517952
29	11	7	0	0	1	5000001	512690
29	11	7	0	0	1	5000001	449003
29	11	7	0	0	1	5000001	456486
29	10	9	0	0	-1	5000001	465368
29	10	9	0	0	1	5000001	484720
29	11	7	0	0	-1	5000001	445825
29	11	7	0	0	1	5000001	465615
29	10	9	0	0	1	5000001	444084
29	10	9	0	0	1	5000001	445602
29	11	7	0	0	-1	5000001	443654
29	11	7	0	0	-1	5000001	477280
29	11	7	0	0	1	5000001	431986
29	10	9	1	1	1	1418975	122925
29	11	7	0	0	1	5000001	482134
29	10	9	0	0	-1	5000001	432067
29	11	7	0	0	1	5000001	467373
29	11	7	0	0	-1	5000001	433457
29	10	9	0	0	-1	5000001	501244
29	11	7	0	0	-1	5000001	463060
29	10	9	1	-1	-1	2966588	257565
29	9	11	0	0	1	5000001	461160
29	11	7	0	0	1	5000001	475035
29	10	9	0	0	-1	5000001	437551
29	12	5	0	0	-1	5000001	458671
29	11	7	0	0	-1	5000001	480067
29	12	5	0	0	1	5000001	432717
29	11	7	0	0	1	5000001	473104
29	11	7	0	0	1	5000001	440234
29	11	7	0	0	1	5000001	466053
29	11	7	0	0	1	5000001	443028
29	12	5	0	0	-1	5000001	481829
29	11	7	1	1	1	1297769	114592
29	11	7	0	0	-1	5000001	460968
29	11	7	0	0	1	5000001	414549
29	10	9	0	0	1	5000001	413127
29	11	7	0	0	1	5000001	408100
29	11	7	0	0	-1	5000001	437413
29	11	7	0	0	0	5000001	451196
29	11	7	0	0	-1	5000001	397942
29	11	7	0	0	1	5000001	436870
29	11	7	0	0	-1	5000001	2253251
29	11	7	0	0	1	5000001	3185031
29	11	7	0	0	1	5000001	719978
29	10	9	0	0	1	5000001	718119
29	11	7	0	0	1	5000001	734872
29	11	7	0	0	-1	5000001	778518
29	10	9	0	0	-1	5000001	713726
29	11	7	0	0	1	5000001	696156
29	11	7	0	0	-1	5000001	738086
29	11	7	0	0	1	5000001	771800
29	12	5	0	0	-1	5000001	751229
29	11	7	0	0	-1	5000001	783512
29	11	7	0	0	-1	5000001	790884
29	11	7	0	0	-1	5000001	751924
29	10	9	0	0	-1	5000001	800497
29	11	7	1	1	-1	374615	52906
29	10	9	1	1	1	24722	1546
29	11	7	0	0	-1	5000001	744460
29	10	9	0	0	1	5000001	751027
29	10	9	0	0	1	5000001	743433
29	11	7	0	0	1	5000001	727723
29	10	9	0	0	-1	5000001	728981
29	11	7	0	0	1	5000001	693949
29	10	9	0	0	1	5000001	673840
29	12	5	0	0	1	5000001	704993
29	9	11	0	0	1	5000001	754733
29	11	7	0	0	1	5000001	725111
29	10	9	0	0	-1	5000001	772658
29	9	11	0	0	-1	5000001	794127
29	10	9	0	0	-1	5000001	757093
29	11	7	0	0	1	5000001	741069
29	11	7	0	0	1	5000001	752268
29	11	7	0	0	-1	5000001	706393
29	10	9	0	0	-1	5000001	730359
29	11	7	0	0	-1	5000001	734931
29	9	11	1	-1	-1	12314	1196
29	10	9	0	0	1	5000001	643697
29	11	7	0	0	-1	5000001	722570
29	11	7	0	0	-1	5000001	723097
29	10	9	0	0	1	5000001	752608
29	9	11	0	0	1	5000001	685013
29	12	5	0	0	1	5000001	702465
29	11	7	0	0	1	5000001	731416
29	12	5	0	0	-1	5000001	672740
29	9	11	0	0	-1	5000001	719881
29	11	7	0	0	-1	5000001	673579
29	11	7	0	0	1	5000001	670004
29	12	5	0	0	1	5000001	732127
29	11	7	0	0	-1	5000001	745490
29	12	5	0	0	0	5000001	683593
29	11	7	0	0	1	5000001	720247
29	10	9	0	0	1	5000001	729866
29	11	7	0	0	1	5000001	744995
29	10	9	1	1	1	760796	114109
29	11	7	0	0	1	5000001	736245
29	11	7	0	0	-1	5000001	688059
29	11	7	0	0	-1	5000001	676831
29	10	9	0	0	1	5000001	699116
29	10	9	1	1	1	422317	62749
29	11	7	0	0	1	5000001	748885
29	10	9	0	0	1	5000001	696417
29	11	7	0	0	1	5000001	786872
29	11	7	0	0	-1	5000001	758582
29	11	7	0	0	1	5000001	742713
29	11	7	1	1	-1	142607	19869
29	11	7	0	0	-1	5000001	701982
29	11	7	0	0	1	5000001	702311
29	12	5	0	0	-1	5000001	732823
29	11	7	0	0	1	5000001	711047
29	11	7	1	-1	-1	5	1
29	10	9	1	1	1	4003105	573428
29	11	7	0	0	1	5000001	714956
29	11	7	0	0	-1	5000001	766501
29	11	7	0	0	-1	5000001	698986
29	11	7	0	0	1	5000001	737392
29	10	9	0	0	1	5000001	781704
29	10	9	0	0	1	5000001	684081
29	11	7	0	0	1	5000001	713231
29	11	7	0	0	1	5000001	706543
29	11	7	0	0	1	5000001	768871
29	10	9	0	0	-1	5000001	768523
29	11	7	0	0	1	5000001	672631
29	10	9	0	0	-1	5000001	713940
29	11	7	0	0	0	5000001	683747
29	12	5	0	0	-1	5000001	727653
29	11	7	0	0	1	5000001	690201
29	11	7	0	0	1	5000001	680796
29	9	11	0	0	-1	5000001	691451
29	11	7	0	0	-1	5000001	693675
29	11	7	0	0	-1	5000001	638521
29	12	5	0	0	-1	5000001	598074
29	11	7	0	0	1	5000001	646097
29	10	9	0	0	-1	5000001	583657
29	11	7	0	0	1	5000001	618276
29	10	9	1	1	-1	2051399	261945
29	11	7	0	0	1	5000001	645136
29	10	9	0	0	1	5000001	709620
29	10	9	0	0	1	5000001	663827
29	11	7	0	0	-1	5000001	652960
29	11	7	0	0	-1	5000001	605608
29	10	9	0	0	-1	5000001	691196
29	11	7	0	0	-1	5000001	577442
29	11	7	0	0	1	5000001	651459
29	11	7	0	0	1	5000001	634777
29	11	7	0	0	-1	5000001	613450
29	11	7	0	0	1	5000001	603684
30	12	6	0	0	1	5000001	618463
30	10	10	0	0	1	5000001	619062
30	11	8	0	0	-1	5000001	593978
30	11	8	0	0	-1	5000001	610566
30	11	8	0	0	1	5000001	513221
30	10	10	0	0	-1	5000001	511447
30	11	8	0	0	0	5000001	491279
30	12	6	0	0	-1	5000001	502762
30	11	8	0	0	-1	5000001	526725
30	12	6	0	0	1	5000001	460896
30	12	6	0	0	-1	5000001	504120
30	12	6	0	0	-1	5000001	517488
30	12	6	0	0	-1	5000001	495533
30	11	8	0	0	1	5000001	526246
30	12	6	0	0	1	5000001	490706
30	12	6	0	0	-1	5000001	518729
30	12	6	0	0	-1	5000001	528501
30	11	8	0	0	-1	5000001	517065
30	12	6	0	0	1	5000001	500837
30	9	12	0	0	-1	5000001	609062
30	10	10	0	0	-1	5000001	561726
30	12	6	0	0	-1	5000001	529439
30	12	6	0	0	1	5000001	537997
30	11	8	0	0	-1	5000001	566636
30	11	8	0	0	1	5000001	574007
30	12	6	0	0	-1	5000001	551678
30	12	6	0	0	-1	5000001	527693
30	12	6	0	0	-1	5000001	487362
30	11	8	0	0	-1	5000001	471036
30	12	6	0	0	-1	5000001	623171
30	11	8	0	0	-1	5000001	585441
30	12	6	0	0	-1	5000001	645750
30	10	10	0	0	-1	5000001	626604
30	11	8	0	0	-1	5000001	572945
30	12	6	0	0	-1	5000001	603367
30	11	8	1	1	1	4987058	559748
30	12	6	0	0	-1	5000001	620634
30	11	8	0	0	-1	5000001	639199
30	12	6	0	0	-1	5000001	557812
30	11	8	0	0	1	5000001	581592
30	12	6	0	0	-1	5000001	674993
30	12	6	0	0	1	5000001	688462
30	11	8	0	0	-1	5000001	718270
30	12	6	0	0	-1	5000001	682498
30	12	6	0	0	1	5000001	637632
30	10	10	0	0	1	5000001	748806
30	11	8	0	0	-1	5000001	668237
30	12	6	0	0	-1	5000001	641846
30	10	10	0	0	1	5000001	666457
30	12	6	0	0	-1	5000001	661623
30	10	10	0	0	1	5000001	602617
30	12	6	0	0	-1	5000001	613127
30	11	8	0	0	1	5000001	576424
30	12	6	0	0	1	5000001	594552
30	12	6	0	0	-1	5000001	626367
30	12	6	0	0	1	5000001	638141
30	12	6	0	0	-1	5000001	601476
30	11	8	0	0	-1	5000001	610188
30	12	6	0	0	-1	5000001	541454
30	12	6	0	0	1	5000001	749940
30	12	6	0	0	-1	5000001	689494
30	11	8	0	0	-1	5000001	759572
30	11	8	0	0	-1	5000001	762249
30	12	6	0	0	1	5000001	708904
30	12	6	0	0	1	5000001	730573
30	11	8	0	0	-1	5000001	732417
30	12	6	0	0	1	5000001	766206
30	12	6	0	0	-1	5000001	745331
30	12	6	0	0	1	5000001	729588
30	12	6	0	0	-1	5000001	729185
30	12	6	0	0	-1	5000001	651662
30	12	6	0	0	1	5000001	672001
30	13	4	0	0	-1	5000001	667443
30	12	6	0	0	1	5000001	702186
30	11	8	0	0	1	5000001	714212
30	11	8	0	0	1	5000001	611824
30	12	6	0	0	-1	5000001	684949
30	11	8	0	0	1	5000001	693556
30	11	8	0	0	1	5000001	719054
30	11	8	0	0	1	5000001	733339
30	11	8	0	0	1	5000001	655238
30	12	6	0	0	-1	5000001	653875
30	11	8	0	0	-1	5000001	658553
30	10	10	0	0	-1	5000001	627836
30	12	6	0	0	-1	5000001	655791
30	11	8	0	0	1	5000001	663654
30	12	6	0	0	-1	5000001	685030
30	11	8	0	0	1	5000001	648394
30	12	6	0	0	-1	5000001	632120
30	12	6	0	0	-1	5000001	639427
30	11	8	0	0	1	5000001	678375
30	11	8	0	0	1	5000001	634910
30	12	6	0	0	-1	5000001	749118
30	12	6	0	0	1	5000001	703239
30	12	6	0	0	-1	5000001	792409
30	11	8	0	0	1	5000001	795594
30	12	6	0	0	-1	5000001	676677
30	12	6	0	0	-1	5000001	642622
30	12	6	0	0	-1	5000001	733543
30	12	6	0	0	1	5000001	711850
30	11	8	0	0	-1	5000001	771057
30	12	6	0	0	1	5000001	626967
30	12	6	0	0	-1	5000001	640083
30	13	4	0	0	-1	5000001	675278
30	12	6	0	0	1	5000001	725769
30	12	6	1	1	1	4563349	647744
30	11	8	0	0	1	5000001	724723
30	12	6	0	0	1	5000001	779063
30	12	6	0	0	-1	5000001	709979
30	10	10	0	0	-1	5000001	753694
30	12	6	0	0	-1	5000001	734810
30	12	6	0	0	1	5000001	657956
30	12	6	0	0	-1	5000001	728977
30	12	6	0	0	1	5000001	741273
30	12	6	0	0	-1	5000001	753069
30	12	6	0	0	1	5000001	762342
30	12	6	0	0	-1	5000001	732958
30	11	8	0	0	1	5000001	733712
30	11	8	0	0	-1	5000001	836645
30	12	6	0	0	-1	5000001	704178
30	12	6	0	0	-1	5000001	674396
30	11	8	1	1	1	241084	24722
30	12	6	0	0	-1	5000001	751551
30	12	6	0	0	-1	5000001	729059
30	11	8	0	0	1	5000001	723353
30	10	10	0	0	1	5000001	612015
30	12	6	0	0	-1	5000001	740903
30	12	6	0	0	1	5000001	688657
30	12	6	0	0	-1	5000001	724808
30	12	6	0	0	-1	5000001	757694
30	11	8	0	0	1	5000001	766639
30	11	8	0	0	-1	5000001	738978
30	11	8	0	0	-1	5000001	664646
30	11	8	0	0	-1	5000001	710289
30	12	6	0	0	-1	5000001	747061
30	11	8	0	0	-1	5000001	732169
30	11	8	0	0	1	5000001	716096
30	12	6	0	0	-1	5000001	734261
30	12	6	0	0	1	5000001	707129
30	11	8	0	0	1	5000001	783332
30	12	6	0	0	1	5000001	692682
30	12	6	0	0	1	5000001	697297
30	12	6	0	0	-1	5000001	692825
30	13	4	0	0	0	5000001	723026
30	12	6	0	0	-1	5000001	700783
30	12	6	0	0	-1	5000001	707851
30	12	6	0	0	1	5000001	785939
30	11	8	0	0	-1	5000001	715979
30	12	6	0	0	-1	5000001	738491
30	11	8	0	0	1	5000001	734302
30	12	6	0	0	-1	5000001	784752
30	11	8	0	0	1	5000001	701577
30	12	6	0	0	-1	5000001	755849
30	12	6	0	0	-1	5000001	716138
30	11	8	0	0	-1	5000001	771765
30	11	8	0	0	1	5000001	609539
30	11	8	0	0	1	5000001	737056
30	12	6	0	0	-1	5000001	737620
30	9	12	0	0	1	5000001	799670
30	12	6	0	0	-1	5000001	817211
30	12	6	0	0	1	5000001	823407
30	10	10	0	0	1	5000001	720668
30	11	8	0	0	-1	5000001	702005
30	12	6	0	0	1	5000001	692163
30	11	8	0	0	1	5000001	740734
30	12	6	0	0	1	5000001	658853
30	11	8	0	0	-1	5000001	741226
30	12	6	0	0	1	5000001	695744
30	12	6	0	0	-1	5000001	728565
30	11	8	0	0	1	5000001	709884
30	11	8	0	0	-1	5000001	762076
30	12	6	0	0	1	5000001	757962
30	12	6	0	0	-1	5000001	791340
30	11	8	0	0	-1	5000001	780993
30	12	6	0	0	1	5000001	792589
30	11	8	0	0	1	5000001	762818
30	11	8	0	0	-1	5000001	745366
30	12	6	0	0	0	5000001	706149
30	12	6	0	0	-1	5000001	715389
30	12	6	0	0	-1	5000001	700758
30	12	6	0	0	-1	5000001	808969
30	11	8	0	0	1	5000001	696348
30	10	10	0	0	1	5000001	773972
30	12	6	0	0	1	5000001	686260
30	12	6	0	0	-1	5000001	789396
30	12	6	0	0	-1	5000001	739393
30	13	4	0	0	1	5000001	731533
30	11	8	0	0	1	5000001	740350
30	11	8	0	0	1	5000001	774529
30	12	6	0	0	1	5000001	693615
30	12	6	0	0	1	5000001	758561
30	11	8	0	0	-1	5000001	756820
30	9	12	0	0	1	5000001	806825
30	11	8	0	0	-1	5000001	775147
30	10	10	0	0	1	5000001	707244
30	10	10	0	0	0	5000001	751373
30	10	10	0	0	-1	5000001	715159
30	10	10	0	0	-1	5000001	778583
30	12	6	0	0	1	5000001	715730
30	12	6	0	0	1	5000001	687985
30	13	4	0	0	1	5000001	713953
30	12	6	0	0	1	5000001	775089
30	11	8	0	0	1	5000001	746563
30	12	6	0	0	-1	5000001	717705
30	12	6	0	0	-1	5000001	785361
30	11	8	0	0	-1	5000001	758716
30	12	6	0	0	1	5000001	807357
30	12	6	0	0	1	5000001	748119
30	12	6	0	0	-1	5000001	727250
30	12	6	0	0	-1	5000001	769221
30	12	6	0	0	1	5000001	735803
30	12	6	0	0	1	5000001	729158
30	12	6	0	0	-1	5000001	725813
30	12	6	0	0	1	5000001	748809
30	11	8	0	0	1	5000001	757492
30	12	6	0	0	0	5000001	751818
30	12	6	0	0	1	5000001	771314
30	12	6	0	0	1	5000001	739605
30	12	6	0	0	-1	5000001	697673
30	11	8	0	0	1	5000001	734108
30	11	8	0	0	1	5000001	760327
30	12	6	0	0	-1	5000001	672739
30	11	8	0	0	-1	5000001	794890
30	11	8	0	0	1	5000001	606763
30	11	8	0	0	1	5000001	736380
30	11	8	0	0	1	5000001	702574
30	10	10	0	0	1	5000001	731900
30	11	8	0	0	1	5000001	743572
30	10	10	0	0	-1	5000001	648369
30	12	6	0	0	-1	5000001	691533
30	11	8	1	1	1	1210800	177020
30	11	8	0	0	-1	5000001	724363
30	12	6	0	0	-1	5000001	715479
30	11	8	0	0	1	5000001	721832
30	12	6	0	0	-1	5000001	726370
30	12	6	0	0	1	5000001	763079
30	11	8	0	0	-1	5000001	691082
30	10	10	0	0	1	5000001	744849
30	10	10	0	0	1	5000001	674061
30	10	10	0	0	-1	5000001	681253
30	11	8	0	0	-1	5000001	705606
30	11	8	0	0	-1	5000001	680267
30	12	6	0	0	-1	5000001	688348
30	12	6	0	0	1	5000001	710079
30	12	6	0	0	-1	5000001	753459
30	11	8	0	0	0	5000001	602958
30	12	6	0	0	-1	5000001	630148
30	13	4	0	0	1	5000001	649601
30	12	6	0	0	-1	5000001	631032
30	12	6	0	0	1	5000001	709697
30	10	10	0	0	1	5000001	730225
30	11	8	0	0	1	5000001	769746
30	11	8	0	0	1	5000001	871465
30	11	8	0	0	-1	5000001	897369
30	11	8	0	0	1	5000001	1048080
30	10	10	0	0	1	5000001	1080058
30	12	6	0	0	-1	5000001	1260722
30	11	8	0	0	-1	5000001	1967680
30	12	6	0	0	-1	5000001	2241827
30	11	8	0	0	1	5000001	1632327
30	12	6	0	0	-1	5000001	1740369
30	11	8	0	0	-1	5000001	1885702
30	11	8	0	0	1	5000001	2276480
30	11	8	0	0	1	5000001	1667085
30	12	6	0	0	1	5000001	1497986
30	10	10	0	0	1	5000001	2437386
30	12	6	0	0	-1	5000001	2690811
30	12	6	0	0	-1	5000001	2758444
30	11	8	0	0	-1	5000001	2767847
30	13	4	0	0	1	5000001	3017442
30	12	6	0	0	-1	5000001	2800307
30	12	6	0	0	1	5000001	3213810
30	11	8	0	0	-1	5000001	3022912
30	11	8	0	0	1	5000001	2723145
30	11	8	0	0	1	5000001	2275347
30	11	8	0	0	-1	5000001	1774284
30	12	6	0	0	-1	5000001	1582881
30	10	10	0	0	-1	5000001	1683101
30	12	6	0	0	-1	5000001	1550837
30	11	8	0	0	0	5000001	1494845
30	11	8	1	1	1	2755183	907272
30	11	8	0	0	1	5000001	1698629
30	11	8	0	0	-1	5000001	1478454
30	11	8	0	0	-1	5000001	1521333
30	11	8	0	0	1	5000001	1635838
30	11	8	0	0	1	5000001	1471276
30	11	8	0	0	1	5000001	1545033
30	12	6	0	0	1	5000001	1385534
30	12	6	0	0	0	5000001	1322609
30	12	6	0	0	-1	5000001	1445518
30	12	6	0	0	-1	5000001	1408850
30	12	6	0	0	1	5000001	1480061
30	11	8	0	0	1	5000001	1435910
30	10	10	0	0	1	5000001	1534230
30	12	6	0	0	-1	5000001	1465715
30	10	10	0	0	1	5000001	1549176
30	11	8	0	0	-1	5000001	1636406
30	11	8	0	0	-1	5000001	1724821
30	12	6	0	0	-1	5000001	2515410
30	11	8	0	0	1	5000001	2930364
31	13	5	0	0	1	5000001	2568602
31	12	7	0	0	-1	5000001	2406594
31	13	5	0	0	1	5000001	2160260
31	12	7	0	0	-1	5000001	1671962
31	12	7	0	0	1	5000001	1225638
31	11	9	0	0	1	5000001	1071884
31	13	5	0	0	1	5000001	1019298
31	11	9	0	0	1	5000001	1285246
31	12	7	0	0	-1	5000001	2009185
31	12	7	0	0	1	5000001	1034157
31	11	9	0	0	1	5000001	857674
31	12	7	0	0	-1	5000001	640243
31	11	9	0	0	1	5000001	606026
31	13	5	0	0	1	5000001	597596
31	11	9	0	0	-1	5000001	622207
31	12	7	0	0	-1	5000001	642290
31	12	7	0	0	1	5000001	549585
31	13	5	0	0	-1	5000001	567381
31	13	5	0	0	1	5000001	594698
31	12	7	0	0	-1	5000001	605666
31	12	7	0	0	-1	5000001	548022
31	13	5	0	0	1	5000001	516182
31	13	5	0	0	-1	5000001	494884
31	12	7	0	0	-1	5000001	543443
31	12	7	0	0	-1	5000001	536827
31	11	9	0	0	-1	5000001	510721
31	13	5	0	0	1	5000001	494158
31	11	9	0	0	1	5000001	539524
31	13	5	0	0	-1	5000001	542265
31	12	7	0	0	-1	5000001	529517
31	13	5	0	0	1	5000001	577548
31	11	9	0	0	-1	5000001	606421
31	12	7	1	1	1	1807056	222619
31	12	7	0	0	1	5000001	546006
31	12	7	0	0	-1	5000001	543505
31	13	5	0	0	1	5000001	599465
31	13	5	0	0	0	5000001	567457
31	12	7	0	0	1	5000001	586709
31	12	7	0	0	-1	5000001	604619
31	13	5	0	0	1	5000001	581828
31	12	7	0	0	1	5000001	588243
31	13	5	0	0	1	5000001	606372
31	12	7	0	0	1	5000001	655625
31	12	7	0	0	1	5000001	603002
31	13	5	0	0	1	5000001	637801
31	12	7	0	0	-1	5000001	603024
31	11	9	0	0	-1	5000001	588821
31	13	5	0	0	1	5000001	634861
31	13	5	0	0	1	5000001	654706
31	12	7	0	0	-1	5000001	615683
31	12	7	0	0	1	5000001	620467
31	12	7	0	0	1	5000001	592274
31	12	7	0	0	1	5000001	620217
31	12	7	0	0	-1	5000001	676332
31	13	5	0	0	1	5000001	667160
31	12	7	0	0	-1	5000001	655433
31	11	9	0	0	-1	5000001	616632
31	10	11	0	0	0	5000001	615475
31	12	7	0	0	-1	5000001	634737
31	12	7	0	0	-1	5000001	628401
31	13	5	0	0	0	5000001	619523
31	13	5	0	0	1	5000001	636570
31	13	5	0	0	1	5000001	628711
31	13	5	0	0	1	5000001	594674
31	13	5	0	0	1	5000001	581798
31	12	7	0	0	-1	5000001	604703
31	11	9	0	0	1	5000001	629892
31	13	5	0	0	1	5000001	566616
31	11	9	0	0	1	5000001	599330
31	12	7	0	0	1	5000001	594292
31	13	5	0	0	-1	5000001	570112
31	10	11	0	0	-1	5000001	587178
31	11	9	0	0	1	5000001	628396
31	11	9	0	0	-1	5000001	595879
31	13	5	0	0	1	5000001	615433
31	13	5	0	0	1	5000001	603572
31	12	7	0	0	-1	5000001	608536
31	11	9	0	0	1	5000001	663399
31	13	5	0	0	1	5000001	664258
31	12	7	0	0	-1	5000001	659712
31	11	9	0	0	0	5000001	663666
31	13	5	0	0	1	5000001	589501
31	12	7	0	0	-1	5000001	566574
31	12	7	0	0	-1	5000001	565699
31	13	5	0	0	-1	5000001	585838
31	12	7	0	0	-1	5000001	574907
31	11	9	0	0	-1	5000001	594934
31	13	5	0	0	1	5000001	558681
31	12	7	0	0	1	5000001	581804
31	11	9	0	0	0	5000001	578873
31	13	5	0	0	1	5000001	581535
31	13	5	0	0	1	5000001	602006
31	11	9	0	0	-1	5000001	569679
31	13	5	0	0	1	5000001	554842
31	13	5	0	0	-1	5000001	555029
31	12	7	0	0	1	5000001	582566
31	12	7	0	0	-1	5000001	548024
31	13	5	0	0	-1	5000001	604721
31	12	7	0	0	-1	5000001	520559
31	12	7	0	0	1	5000001	548543
31	11	9	0	0	1	5000001	572829
31	12	7	0	0	-1	5000001	589333
31	11	9	0	0	-1	5000001	600211
31	12	7	0	0	1	5000001	599871
31	12	7	0	0	1	5000001	541478
31	12	7	0	0	1	5000001	544174
31	13	5	0	0	-1	5000001	514701
31	12	7	0	0	1	5000001	523993
31	12	7	0	0	1	5000001	525944
31	12	7	0	0	-1	5000001	509634
31	11	9	0	0	1	5000001	489702
31	13	5	0	0	1	5000001	486449
31	11	9	0	0	1	5000001	468798
31	13	5	0	0	-1	5000001	493851
31	11	9	0	0	-1	5000001	509119
31	12	7	0	0	-1	5000001	502566
31	13	5	0	0	-1	5000001	481686
31	12	7	0	0	1	5000001	611475
31	12	7	0	0	-1	5000001	566383
31	12	7	0	0	1	5000001	523804
31	11	9	0	0	1	5000001	545235
31	13	5	0	0	0	5000001	563398
31	12	7	0	0	-1	5000001	516785
31	11	9	0	0	1	5000001	578008
31	11	9	0	0	-1	5000001	545704
31	13	5	0	0	-1	5000001	548579
31	11	9	0	0	-1	5000001	491648
31	12	7	0	0	1	5000001	490270
31	12	7	0	0	-1	5000001	508086
31	13	5	0	0	1	5000001	552289
31	12	7	0	0	-1	5000001	536097
31	13	5	0	0	1	5000001	531090
31	12	7	0	0	0	5000001	519796
31	11	9	0	0	1	5000001	550202
31	12	7	0	0	-1	5000001	557436
31	11	9	0	0	-1	5000001	538516
31	13	5	0	0	-1	5000001	527342
31	13	5	0	0	1	5000001	575996
31	12	7	0	0	1	5000001	542440
31	13	5	0	0	1	5000001	527357
31	13	5	0	0	-1	5000001	585096
31	12	7	0	0	1	5000001	504909
31	11	9	0	0	-1	5000001	572393
31	13	5	0	0	1	5000001	569280
31	12	7	0	0	-1	5000001	526563
31	12	7	0	0	-1	5000001	488361
31	12	7	0	0	1	5000001	475836
31	13	5	0	0	1	5000001	565766
31	13	5	0	0	1	5000001	521985
31	10	11	0	0	-1	5000001	503416
31	13	5	0	0	1	5000001	575569
31	12	7	0	0	1	5000001	589943
31	11	9	0	0	-1	5000001	528544
31	12	7	0	0	1	5000001	530861
31	12	7	0	0	-1	5000001	532745
31	12	7	0	0	-1	5000001	530756
31	12	7	0	0	-1	5000001	501066
31	11	9	0	0	-1	5000001	623593
31	11	9	1	-1	-1	4434862	555317
31	11	9	0	0	1	5000001	570014
31	12	7	0	0	-1	5000001	617556
31	11	9	0	0	-1	5000001	605597
31	13	5	0	0	-1	5000001	530463
31	13	5	0	0	0	5000001	491637
31	11	9	0	0	-1	5000001	483179
31	13	5	0	0	1	5000001	496491
31	12	7	0	0	-1	5000001	496456
31	12	7	0	0	1	5000001	524553
31	11	9	0	0	-1	5000001	510307
31	13	5	0	0	1	5000001	505191
31	13	5	0	0	-1	5000001	496394
31	13	5	0	0	1	5000001	493978
31	12	7	0	0	1	5000001	497113
31	12	7	0	0	-1	5000001	470635
31	13	5	0	0	1	5000001	458964
31	13	5	0	0	1	5000001	432657
31	11	9	0	0	-1	5000001	464389
31	12	7	0	0	-1	5000001	438595
31	12	7	0	0	1	5000001	456766
31	12	7	0	0	-1	5000001	458199
31	12	7	0	0	-1	5000001	467332
31	11	9	0	0	1	5000001	482375
31	13	5	0	0	-1	5000001	465311
31	13	5	0	0	1	5000001	473718
31	12	7	0	0	0	5000001	481883
31	12	7	0	0	1	5000001	489773
31	12	7	0	0	-1	5000001	496823
31	13	5	0	0	1	5000001	498495
31	12	7	0	0	-1	5000001	504261
31	13	5	0	0	1	5000001	518733
31	13	5	0	0	-1	5000001	502653
31	11	9	0	0	1	5000001	538459
31	12	7	0	0	1	5000001	546028
31	12	7	0	0	1	5000001	533606
31	11	9	0	0	1	5000001	423650
31	13	5	0	0	1	5000001	475101
31	13	5	0	0	1	5000001	444856
31	13	5	0	0	1	5000001	452176
31	13	5	0	0	-1	5000001	490555
31	12	7	0	0	-1	5000001	477008
31	12	7	0	0	0	5000001	451114
31	11	9	0	0	-1	5000001	452169
31	12	7	0	0	1	5000001	432007
31	13	5	0	0	1	5000001	439197
31	12	7	0	0	-1	5000001	479605
31	12	7	0	0	-1	5000001	465743
31	12	7	0	0	1	5000001	468784
31	13	5	0	0	1	5000001	423055
31	13	5	0	0	1	5000001	474706
31	13	5	0	0	-1	5000001	464816
31	12	7	0	0	-1	5000001	459329
31	11	9	0	0	-1	5000001	416551
31	13	5	0	0	-1	5000001	463074
31	11	9	1	-1	-1	3	0
31	12	7	0	0	-1	5000001	386134
31	12	7	0	0	1	5000001	493874
31	12	7	0	0	-1	5000001	446918
31	11	9	0	0	1	5000001	456208
31	13	5	0	0	1	5000001	471868
31	12	7	0	0	-1	5000001	463685
31	13	5	0	0	1	5000001	451967
31	13	5	0	0	1	5000001	425824
31	12	7	0	0	-1	5000001	449390
31	13	5	0	0	1	5000001	447847
31	12	7	0	0	1	5000001	433996
31	11	9	0	0	-1	5000001	490625
31	12	7	0	0	1	5000001	455173
31	12	7	0	0	1	5000001	486785
31	11	9	0	0	1	5000001	384333
31	12	7	0	0	1	5000001	446346
31	13	5	0	0	-1	5000001	484755
31	13	5	0	0	-1	5000001	477950
31	13	5	0	0	-1	5000001	497750
31	13	5	0	0	1	5000001	467874
31	11	9	0	0	1	5000001	461327
31	12	7	0	0	-1	5000001	427450
31	12	7	0	0	-1	5000001	475240
31	13	5	0	0	1	5000001	462082
31	13	5	0	0	1	5000001	433134
31	11	9	1	1	1	4069608	369606
31	12	7	0	0	-1	5000001	482892
31	11	9	0	0	1	5000001	396282
31	13	5	0	0	-1	5000001	477542
31	13	5	0	0	1	5000001	448902
31	12	7	0	0	-1	5000001	473134
31	12	7	0	0	-1	5000001	449515
31	13	5	0	0	1	5000001	463107
31	13	5	0	0	-1	5000001	417550
31	13	5	0	0	1	5000001	464939
31	11	9	0	0	1	5000001	455496
31	11	9	0	0	0	5000001	468164
31	13	5	0	0	1	5000001	466012
31	12	7	0	0	1	5000001	452227
31	13	5	0	0	1	5000001	496756
31	13	5	0	0	-1	5000001	459063
31	12	7	0	0	-1	5000001	466920
31	13	5	0	0	1	5000001	443774
31	12	7	0	0	-1	5000001	485971
31	12	7	0	0	1	5000001	432134
31	12	7	0	0	-1	5000001	497695
31	12	7	0	0	1	5000001	438707
31	12	7	0	0	1	5000001	437042
31	13	5	0	0	1	5000001	476005
31	12	7	0	0	1	5000001	454791
31	10	11	0	0	-1	5000001	450715
31	12	7	0	0	-1	5000001	466649
31	11	9	0	0	1	5000001	460361
31	13	5	0	0	1	5000001	496501
31	13	5	0	0	-1	5000001	454413
31	11	9	0	0	-1	5000001	474734
31	13	5	0	0	1	5000001	414545
31	13	5	0	0	1	5000001	449547
31	12	7	0	0	-1	5000001	423222
31	12	7	0	0	1	5000001	466998
31	13	5	0	0	1	5000001	432822
31	12	7	0	0	1	5000001	497046
31	13	5	0	0	1	5000001	462356
31	11	9	0	0	-1	5000001	453077
31	12	7	0	0	-1	5000001	484629
31	11	9	0	0	1	5000001	475511
31	12	7	0	0	1	5000001	478848
31	11	9	0	0	1	5000001	492248
31	11	9	0	0	-1	5000001	478495
31	12	7	0	0	-1	5000001	448294
31	13	5	0	0	1	5000001	507092
31	11	9	1	1	1	2350044	231292
31	13	5	0	0	1	5000001	486493
31	11	9	0	0	1	5000001	456669
31	13	5	0	0	1	5000001	671117
31	12	7	0	0	-1	5000001	644747
31	12	7	0	0	1	5000001	622675
31	12	7	0	0	-1	5000001	607285
31	12	7	0	0	-1	5000001	479642
31	13	5	0	0	-1	5000001	478323
31	13	5	0	0	1	5000001	448709
31	13	5	0	0	1	5000001	486163
31	13	5	0	0	0	5000001	461678
31	13	5	0	0	1	5000001	468782
31	12	7	0	0	-1	5000001	447751
31	11	9	0	0	1	5000001	464727
32	11	10	0	0	1	5000001	458645
32	12	8	0	0	1	5000001	477444
32	14	4	0	0	-1	5000001	443138
32	14	4	0	0	-1	5000001	443551
32	12	8	0	0	-1	5000001	509400
32	12	8	0	0	1	5000001	482643
32	13	6	0	0	-1	5000001	464324
32	13	6	0	0	-1	5000001	469054
32	14	4	0	0	-1	5000001	468516
32	13	6	0	0	-1	5000001	456718
32	13	6	0	0	1	5000001	426649
32	13	6	0	0	1	5000001	482673
32	11	10	0	0	1	5000001	624105
32	13	6	0	0	-1	5000001	531068
32	12	8	0	0	-1	5000001	479291
32	14	4	0	0	1	5000001	550393
32	13	6	0	0	-1	5000001	488893
32	12	8	0	0	-1	5000001	494301
32	13	6	0	0	-1	5000001	509629
32	13	6	0	0	1	5000001	459116
32	12	8	0	0	1	5000001	493166
32	13	6	0	0	-1	5000001	448829
32	12	8	0	0	1	5000001	416831
32	13	6	0	0	-1	5000001	471246
32	12	8	0	0	1	5000001	468148
32	13	6	0	0	-1	5000001	466761
32	12	8	0	0	1	5000001	495147
32	13	6	0	0	-1	5000001	495242
32	13	6	0	0	1	5000001	476056
32	14	4	0	0	-1	5000001	440149
32	14	4	0	0	-1	5000001	445686
32	12	8	0	0	-1	5000001	467736
32	11	10	0	0	-1	5000001	456577
32	13	6	0	0	1	5000001	460045
32	14	4	0	0	1	5000001	479093
32	12	8	0	0	1	5000001	437828
32	12	8	0	0	1	5000001	474478
32	13	6	0	0	-1	5000001	485310
32	13	6	0	0	-1	5000001	478583
32	11	10	0	0	1	5000001	512228
32	14	4	0	0	-1	5000001	483359
32	12	8	0	0	-1	5000001	481655
32	13	6	0	0	-1	5000001	467743
32	12	8	0	0	-1	5000001	483442
32	13	6	0	0	-1	5000001	449251
32	14	4	0	0	1	5000001	466436
32	13	6	0	0	-1	5000001	485299
32	13	6	0	0	1	5000001	476374
32	14	4	0	0	1	5000001	453222
32	14	4	0	0	-1	5000001	485587
32	12	8	0	0	1	5000001	495108
32	12	8	0	0	-1	5000001	490446
32	12	8	0	0	-1	5000001	467595
32	12	8	0	0	-1	5000001	458989
32	12	8	0	0	-1	5000001	464829
32	11	10	1	1	1	4170568	366744
32	13	6	0	0	1	5000001	463431
32	12	8	0	0	-1	5000001	426428
32	13	6	0	0	-1	5000001	444397
32	13	6	0	0	1	5000001	432994
32	13	6	0	0	-1	5000001	491388
32	12	8	0	0	1	5000001	463047
32	12	8	0	0	-1	5000001	463565
32	13	6	0	0	-1	5000001	470087
32	14	4	0	0	-1	5000001	452578
32	13	6	0	0	1	5000001	471112
32	12	8	0	0	-1	5000001	498775
32	14	4	0	0	-1	5000001	467770
32	13	6	0	0	1	5000001	440257
32	13	6	0	0	1	5000001	446932
32	12	8	0	0	-1	5000001	473617
32	14	4	0	0	-1	5000001	464260
32	12	8	0	0	1	5000001	431494
32	12	8	0	0	-1	5000001	447186
32	13	6	0	0	1	5000001	474580
32	12	8	0	0	1	5000001	449843
32	11	10	0	0	-1	5000001	483887
32	13	6	0	0	1	5000001	449789
32	12	8	1	1	1	2	0
32	12	8	0	0	-1	5000001	474324
32	14	4	0	0	-1	5000001	451548
32	12	8	0	0	1	5000001	439382
32	13	6	0	0	-1	5000001	470815
32	12	8	0	0	-1	5000001	478677
32	13	6	0	0	1	5000001	474414
32	13	6	0	0	1	5000001	469663
32	13	6	0	0	-1	5000001	468102
32	12	8	0	0	1	5000001	489120
32	13	6	0	0	-1	5000001	452671
32	13	6	0	0	1	5000001	485859
32	13	6	0	0	-1	5000001	477106
32	14	4	0	0	-1	5000001	441844
32	14	4	0	0	-1	5000001	448106
32	14	4	0	0	1	5000001	466755
32	14	4	0	0	-1	5000001	437941
32	13	6	0	0	-1	5000001	467252
32	12	8	0	0	1	5000001	471464
32	12	8	0	0	1	5000001	544225
32	13	6	0	0	1	5000001	562001
32	13	6	0	0	1	5000001	631497
32	13	6	0	0	1	5000001	588934
32	13	6	0	0	1	5000001	616155
32	12	8	0	0	1	5000001	561477
32	14	4	0	0	1	5000001	599641
32	13	6	0	0	1	5000001	625075
32	14	4	0	0	-1	5000001	633546
32	13	6	0	0	-1	5000001	615827
32	14	4	0	0	1	5000001	593509
32	13	6	0	0	-1	5000001	625527
32	14	4	0	0	-1	5000001	615980
32	11	10	0	0	-1	5000001	568943
32	14	4	0	0	1	5000001	601028
32	12	8	0	0	1	5000001	582038
32	13	6	0	0	-1	5000001	589921
32	14	4	0	0	-1	5000001	646335
32	12	8	0	0	-1	5000001	665190
32	13	6	0	0	1	5000001	628000
32	14	4	0	0	1	5000001	623396
32	12	8	0	0	1	5000001	673227
32	13	6	0	0	-1	5000001	664640
32	12	8	0	0	-1	5000001	661088
32	13	6	0	0	1	5000001	645858
32	13	6	0	0	-1	5000001	705593
32	14	4	0	0	-1	5000001	640344
32	13	6	0	0	-1	5000001	589400
32	13	6	0	0	1	5000001	739481
32	13	6	0	0	0	5000001	667866
32	14	4	0	0	-1	5000001	673525
32	12	8	0	0	-1	5000001	710300
32	12	8	0	0	1	5000001	673925
32	14	4	0	0	-1	5000001	682171
32	12	8	0	0	-1	5000001	702276
32	12	8	0	0	-1	5000001	644793
32	13	6	0	0	-1	5000001	664479
32	13	6	0	0	-1	5000001	710327
32	12	8	0	0	1	5000001	722203
32	14	4	0	0	-1	5000001	733437
32	13	6	0	0	1	5000001	2098673
32	12	8	0	0	-1	5000001	2270669
32	12	8	0	0	-1	5000001	2853653
32	13	6	0	0	-1	5000001	2795568
32	12	8	0	0	-1	5000001	1850117
32	14	4	0	0	-1	5000001	3215717
32	12	8	0	0	-1	5000001	714854
32	13	6	0	0	-1	5000001	717654
32	14	4	0	0	-1	5000001	692145
32	13	6	0	0	-1	5000001	689590
32	12	8	0	0	1	5000001	680575
32	12	8	0	0	1	5000001	733909
32	11	10	0	0	-1	5000001	718987
32	14	4	0	0	-1	5000001	671954
32	13	6	0	0	1	5000001	762270
32	13	6	0	0	-1	5000001	733334
32	12	8	0	0	1	5000001	669036
32	12	8	0	0	1	5000001	736710
32	14	4	0	0	-1	5000001	720846
32	13	6	0	0	1	5000001	732576
32	14	4	0	0	-1	5000001	678487
32	13	6	0	0	1	5000001	663076
32	13	6	0	0	-1	5000001	740701
32	12	8	0	0	0	5000001	729983
32	11	10	0	0	-1	5000001	757085
32	14	4	0	0	-1	5000001	740529
32	12	8	0	0	-1	5000001	765303
32	12	8	0	0	1	5000001	781272
32	14	4	0	0	1	5000001	711403
32	14	4	0	0	-1	5000001	675219
32	12	8	0	0	1	5000001	772172
32	12	8	0	0	-1	5000001	772121
32	13	6	0	0	-1	5000001	735071
32	13	6	0	0	-1	5000001	745589
32	14	4	0	0	-1	5000001	700566
32	13	6	0	0	1	5000001	693671
32	13	6	0	0	1	5000001	706174
32	11	10	0	0	1	5000001	694710
32	12	8	0	0	-1	5000001	695075
32	14	4	0	0	1	5000001	743724
32	12	8	0	0	-1	5000001	738697
32	13	6	0	0	-1	5000001	731801
32	13	6	0	0	-1	5000001	712444
32	13	6	0	0	-1	5000001	733560
32	14	4	0	0	-1	5000001	835603
32	12	8	0	0	1	5000001	773173
32	14	4	0	0	1	5000001	595501
32	12	8	0	0	-1	5000001	614353
32	13	6	0	0	0	5000001	536748
32	14	4	0	0	-1	5000001	641873
32	13	6	0	0	1	5000001	663062
32	12	8	0	0	-1	5000001	618098
32	14	4	0	0	-1	5000001	625642
32	13	6	0	0	1	5000001	680867
32	12	8	0	0	-1	5000001	661385
32	13	6	0	0	1	5000001	671012
32	12	8	0	0	1	5000001	683061
32	11	10	0	0	-1	5000001	671789
32	12	8	0	0	-1	5000001	644279
32	12	8	0	0	1	5000001	691886
32	13	6	0	0	-1	5000001	710975
32	12	8	0	0	-1	5000001	670491
32	13	6	0	0	-1	5000001	651269
32	13	6	0	0	-1	5000001	686309
32	14	4	0	0	-1	5000001	669444
32	13	6	0	0	-1	5000001	659267
32	11	10	0	0	1	5000001	716861
32	13	6	0	0	1	5000001	562697
32	12	8	0	0	-1	5000001	700848
32	13	6	0	0	1	5000001	594585
32	14	4	0	0	-1	5000001	611856
32	12	8	0	0	-1	5000001	597021
32	13	6	0	0	1	5000001	586699
32	13	6	0	0	1	5000001	619835
32	11	10	0	0	-1	5000001	665998
32	11	10	0	0	1	5000001	631414
32	14	4	0	0	-1	5000001	646485
32	14	4	0	0	-1	5000001	658312
32	14	4	0	0	1	5000001	658352
32	12	8	0	0	1	5000001	661729
32	12	8	0	0	-1	5000001	634928
32	11	10	0	0	-1	5000001	653501
32	12	8	0	0	-1	5000001	705964
32	14	4	0	0	-1	5000001	680162
32	14	4	0	0	1	5000001	694289
32	12	8	0	0	1	5000001	674978
32	13	6	0	0	1	5000001	697006
32	13	6	0	0	-1	5000001	687619
32	12	8	0	0	-1	5000001	678040
32	12	8	0	0	1	5000001	716900
32	13	6	0	0	-1	5000001	646485
32	12	8	0	0	1	5000001	690024
32	13	6	0	0	1	5000001	676182
32	13	6	0	0	-1	5000001	687690
32	13	6	0	0	-1	5000001	717743
32	14	4	0	0	-1	5000001	671532
32	12	8	0	0	-1	5000001	723653
32	13	6	0	0	-1	5000001	703238
32	14	4	0	0	1	5000001	705337
32	13	6	0	0	1	5000001	723640
32	14	4	0	0	-1	5000001	777268
32	13	6	0	0	-1	5000001	466193
32	13	6	0	0	-1	5000001	477485
32	13	6	0	0	-1	5000001	442731
32	14	4	0	0	-1	5000001	446069
32	11	10	0	0	1	5000001	477540
32	13	6	0	0	1	5000001	461999
32	14	4	0	0	0	5000001	467726
32	14	4	0	0	0	5000001	432063
32	13	6	0	0	1	5000001	470520
32	13	6	0	0	-1	5000001	476596
32	12	8	0	0	1	5000001	426762
32	13	6	0	0	-1	5000001	461664
32	14	4	0	0	-1	5000001	503762
32	13	6	0	0	-1	5000001	544798
32	12	8	0	0	1	5000001	579577
32	13	6	0	0	0	5000001	617409
32	12	8	0	0	1	5000001	616396
32	13	6	0	0	1	5000001	613342
32	12	8	0	0	-1	5000001	640428
32	12	8	0	0	1	5000001	658752
32	13	6	0	0	-1	5000001	639472
32	13	6	0	0	-1	5000001	590429
32	14	4	0	0	-1	5000001	611452
32	13	6	0	0	-1	5000001	600859
32	14	4	0	0	-1	5000001	594334
32	12	8	0	0	1	5000001	619322
32	14	4	0	0	1	5000001	614084
32	14	4	0	0	-1	5000001	584318
32	14	4	0	0	-1	5000001	609423
32	14	4	0	0	-1	5000001	596048
32	12	8	0	0	1	5000001	567973
32	13	6	0	0	-1	5000001	648132
32	12	8	0	0	1	5000001	616555
32	13	6	0	0	1	5000001	567202
32	12	8	0	0	1	5000001	560911
32	13	6	0	0	-1	5000001	583329
32	12	8	0	0	1	5000001	621014
32	13	6	0	0	-1	5000001	622405
32	12	8	0	0	-1	5000001	593362
32	13	6	0	0	1	5000001	470480
32	13	6	0	0	1	5000001	429304
32	14	4	0	0	-1	5000001	424349
32	13	6	0	0	-1	5000001	429828
32	13	6	0	0	-1	5000001	493621
32	13	6	0	0	1	5000001	476884
32	12	8	0	0	-1	5000001	432120
32	13	6	0	0	1	5000001	487898
32	14	4	0	0	-1	5000001	462730
32	12	8	0	0	-1	5000001	426431
32	14	4	0	0	-1	5000001	448344
32	14	4	0	0	1	5000001	467890
32	12	8	0	0	-1	5000001	468036
32	13	6	0	0	1	5000001	430979
32	12	8	0	0	-1	5000001	443602
32	12	8	0	0	1	5000001	492602
32	14	4	0	0	1	5000001	461812
32	14	4	0	0	-1	5000001	438083
32	12	8	0	0	-1	5000001	476662
32	14	4	0	0	0	5000001	483150
32	11	10	0	0	-1	5000001	497944
32	13	6	0	0	-1	5000001	478723
32	12	8	0	0	1	5000001	465401
33	13	7	0	0	-1	5000001	442512
33	13	7	0	0	-1	5000001	444693
33	14	5	0	0	1	5000001	469116
33	14	5	0	0	-1	5000001	453018
33	13	7	0	0	1	5000001	466246
33	13	7	0	0	0	5000001	469201
33	13	7	0	0	1	5000001	483901
33	14	5	0	0	-1	5000001	474882
33	15	3	0	0	1	5000001	448294
33	14	5	0	0	1	5000001	464107
33	14	5	0	0	-1	5000001	440391
33	14	5	0	0	1	5000001	472032
33	14	5	0	0	1	5000001	453975
33	13	7	0	0	-1	5000001	477744
33	14	5	0	0	-1	5000001	469133
33	12	9	0	0	-1	5000001	469666
33	14	5	0	0	-1	5000001	452852
33	14	5	0	0	1	5000001	441256
33	14	5	0	0	1	5000001	487397
33	14	5	0	0	-1	5000001	436977
33	14	5	0	0	1	5000001	438265
33	14	5	0	0	1	5000001	462883
33	13	7	0	0	-1	5000001	435951
33	14	5	0	0	1	5000001	445062
33	14	5	0	0	-1	5000001	444948
33	14	5	0	0	-1	5000001	451407
33	14	5	0	0	1	5000001	477250
33	14	5	0	0	-1	5000001	451526
33	13	7	0	0	1	5000001	463924
33	13	7	0	0	1	5000001	458660
33	14	5	0	0	-1	5000001	438205
33	13	7	0	0	0	5000001	481842
33	13	7	0	0	-1	5000001	427708
33	13	7	0	0	1	5000001	429206
33	14	5	0	0	1	5000001	474128
33	13	7	0	0	1	5000001	476623
33	14	5	0	0	1	5000001	445748
33	14	5	0	0	-1	5000001	452718
33	14	5	0	0	-1	5000001	444160
33	14	5	0	0	1	5000001	459041
33	13	7	0	0	1	5000001	387838
33	14	5	0	0	0	5000001	437724
33	12	9	0	0	-1	5000001	461548
33	12	9	0	0	-1	5000001	467430
33	14	5	0	0	1	5000001	460115
33	12	9	0	0	-1	5000001	456608
33	14	5	0	0	-1	5000001	457236
33	14	5	0	0	-1	5000001	451835
33	14	5	0	0	-1	5000001	476105
33	13	7	0	0	1	5000001	431073
33	14	5	0	0	1	5000001	455075
33	14	5	0	0	0	5000001	447439
33	14	5	0	0	1	5000001	447772
33	14	5	0	0	1	5000001	358496
33	13	7	0	0	-1	5000001	458189
33	13	7	0	0	1	5000001	481820
33	13	7	0	0	-1	5000001	494848
33	13	7	0	0	-1	5000001	499473
33	13	7	0	0	1	5000001	469248
33	12	9	0	0	-1	5000001	485961
33	13	7	0	0	0	5000001	493943
33	14	5	0	0	1	5000001	491743
33	14	5	0	0	0	5000001	435804
33	12	9	0	0	1	5000001	485480
33	14	5	0	0	1	5000001	462704
33	14	5	0	0	1	5000001	465169
33	13	7	0	0	-1	5000001	463587
33	13	7	0	0	-1	5000001	483819
33	13	7	0	0	1	5000001	448186
33	14	5	0	0	-1	5000001	455741
33	14	5	0	0	-1	5000001	477139
33	15	3	0	0	-1	5000001	443607
33	14	5	0	0	-1	5000001	429960
33	12	9	1	-1	-1	1615457	119970
33	12	9	0	0	1	5000001	432267
33	13	7	0	0	1	5000001	463173
33	13	7	0	0	-1	5000001	442579
33	12	9	0	0	1	5000001	462694
33	14	5	0	0	1	5000001	484375
33	12	9	0	0	1	5000001	540985
33	13	7	0	0	1	5000001	469132
33	14	5	0	0	1	5000001	468195
33	14	5	0	0	1	5000001	489705
33	13	7	0	0	-1	5000001	458179
33	14	5	0	0	1	5000001	503698
33	14	5	0	0	1	5000001	467875
33	13	7	0	0	1	5000001	505557
33	14	5	0	0	-1	5000001	479820
33	13	7	0	0	1	5000001	468304
33	14	5	0	0	1	5000001	491368
33	13	7	0	0	-1	5000001	459123
33	13	7	0	0	-1	5000001	450616
33	12	9	0	0	-1	5000001	469030
33	14	5	0	0	-1	5000001	481201
33	13	7	0	0	1	5000001	485909
33	13	7	0	0	1	5000001	458803
33	14	5	0	0	1	5000001	466509
33	13	7	0	0	1	5000001	416114
33	13	7	0	0	-1	5000001	501509
33	14	5	0	0	-1	5000001	474086
33	14	5	0	0	1	5000001	497793
33	14	5	0	0	1	5000001	446136
33	13	7	0	0	1	5000001	425999
33	14	5	0	0	-1	5000001	468097
33	13	7	0	0	-1	5000001	473570
33	13	7	0	0	-1	5000001	421374
33	14	5	0	0	1	5000001	365364
33	14	5	0	0	1	5000001	450899
33	13	7	0	0	-1	5000001	459162
33	13	7	0	0	-1	5000001	440559
33	13	7	0	0	-1	5000001	494808
33	13	7	0	0	1	5000001	459710
33	13	7	0	0	1	5000001	488412
33	12	9	0	0	1	5000001	456091
33	13	7	0	0	-1	5000001	445235
33	14	5	0	0	1	5000001	477184
33	13	7	0	0	1	5000001	478396
33	13	7	0	0	1	5000001	465436
33	14	5	0	0	-1	5000001	438927
33	13	7	0	0	1	5000001	468817
33	13	7	0	0	1	5000001	447928
33	13	7	0	0	1	5000001	460175
33	14	5	0	0	-1	5000001	471006
33	12	9	0	0	1	5000001	542628
33	13	7	0	0	1	5000001	588777
33	13	7	0	0	1	5000001	593635
33	13	7	0	0	1	5000001	572962
33	14	5	0	0	1	5000001	598032
33	12	9	0	0	1	5000001	648146
33	13	7	0	0	1	5000001	644559
33	14	5	0	0	1	5000001	661488
33	13	7	0	0	1	5000001	611280
33	14	5	0	0	1	5000001	586111
33	13	7	0	0	1	5000001	619612
33	13	7	0	0	1	5000001	585919
33	14	5	0	0	1	5000001	594193
33	14	5	0	0	1	5000001	605530
33	14	5	0	0	1	5000001	624093
33	14	5	0	0	1	5000001	579403
33	14	5	0	0	1	5000001	622663
33	13	7	0	0	1	5000001	1273671
33	14	5	0	0	-1	5000001	1019037
33	14	5	0	0	-1	5000001	643257
33	13	7	0	0	0	5000001	626232
33	13	7	0	0	1	5000001	649532
33	14	5	0	0	1	5000001	651402
33	14	5	0	0	1	5000001	653149
33	14	5	0	0	-1	5000001	659179
33	12	9	0	0	-1	5000001	683373
33	14	5	0	0	-1	5000001	734434
33	14	5	0	0	1	5000001	710290
33	13	7	0	0	1	5000001	702269
33	13	7	0	0	1	5000001	730033
33	12	9	0	0	1	5000001	674543
33	13	7	0	0	1	5000001	624633
33	14	5	0	0	1	5000001	629443
33	13	7	0	0	1	5000001	706896
33	13	7	0	0	1	5000001	677008
33	14	5	0	0	1	5000001	746002
33	13	7	0	0	1	5000001	674634
33	13	7	0	0	-1	5000001	707435
33	13	7	0	0	-1	5000001	680034
33	13	7	0	0	-1	5000001	734180
33	14	5	0	0	-1	5000001	666990
33	14	5	0	0	1	5000001	727726
33	13	7	0	0	1	5000001	746669
33	14	5	0	0	-1	5000001	753041
33	14	5	0	0	1	5000001	751269
33	14	5	0	0	1	5000001	783800
33	13	7	0	0	1	5000001	739723
33	13	7	0	0	1	5000001	686442
33	13	7	0	0	1	5000001	813283
33	13	7	0	0	-1	5000001	711303
33	13	7	0	0	1	5000001	765172
33	13	7	0	0	-1	5000001	700447
33	13	7	0	0	1	5000001	682875
33	14	5	0	0	-1	5000001	728721
33	12	9	0	0	1	5000001	725550
33	14	5	0	0	-1	5000001	474013
33	13	7	0	0	-1	5000001	488698
33	13	7	0	0	-1	5000001	475724
33	12	9	0	0	-1	5000001	463941
33	14	5	0	0	-1	5000001	450447
33	14	5	0	0	-1	5000001	467831
33	12	9	0	0	1	5000001	418775
33	13	7	0	0	1	5000001	481557
33	13	7	0	0	1	5000001	482187
33	14	5	0	0	1	5000001	471138
33	14	5	0	0	-1	5000001	418378
33	13	7	0	0	-1	5000001	422047
33	13	7	0	0	-1	5000001	433114
33	14	5	0	0	1	5000001	468577
33	14	5	0	0	-1	5000001	449513
33	14	5	0	0	-1	5000001	465233
33	12	9	0	0	-1	5000001	472422
33	14	5	0	0	-1	5000001	453409
33	14	5	0	0	-1	5000001	432696
33	12	9	0	0	1	5000001	427572
33	15	3	0	0	1	5000001	433122
33	13	7	0	0	1	5000001	368930
33	13	7	0	0	1	5000001	492224
33	13	7	0	0	-1	5000001	485599
33	14	5	0	0	-1	5000001	399330
33	14	5	0	0	1	5000001	547260
33	14	5	0	0	1	5000001	486817
33	14	5	0	0	1	5000001	506186
33	13	7	0	0	1	5000001	471399
33	13	7	0	0	1	5000001	507805
33	12	9	0	0	-1	5000001	516140
33	14	5	0	0	1	5000001	498030
33	13	7	0	0	1	5000001	488560
33	13	7	0	0	-1	5000001	437026
33	13	7	0	0	1	5000001	477797
33	13	7	0	0	-1	5000001	494357
33	14	5	0	0	1	5000001	462379
33	13	7	0	0	1	5000001	476223
33	14	5	0	0	1	5000001	474321
33	13	7	0	0	-1	5000001	435129
33	12	9	0	0	1	5000001	458278
33	12	9	0	0	-1	5000001	446068
33	13	7	0	0	1	5000001	437411
33	14	5	0	0	-1	5000001	449662
33	12	9	0	0	1	5000001	457582
33	14	5	0	0	1	5000001	463990
33	13	7	0	0	-1	5000001	442543
33	13	7	0	0	-1	5000001	512586
33	13	7	0	0	1	5000001	463118
33	13	7	0	0	1	5000001	475982
33	13	7	0	0	-1	5000001	398066
33	14	5	0	0	1	5000001	468648
33	14	5	0	0	-1	5000001	469679
33	14	5	0	0	1	5000001	423197
33	14	5	0	0	-1	5000001	464862
33	14	5	0	0	1	5000001	411876
33	13	7	0	0	-1	5000001	475853
33	13	7	0	0	1	5000001	452744
33	14	5	0	0	1	5000001	498147
33	13	7	0	0	1	5000001	454672
33	15	3	0	0	1	5000001	454624
33	14	5	0	0	-1	5000001	483133
33	13	7	0	0	-1	5000001	479036
33	12	9	0	0	-1	5000001	452270
33	14	5	0	0	1	5000001	463636
33	14	5	0	0	1	5000001	464811
33	14	5	0	0	-1	5000001	473390
33	13	7	0	0	1	5000001	427734
33	13	7	0	0	1	5000001	424147
33	13	7	0	0	1	5000001	499601
33	14	5	0	0	1	5000001	427460
33	13	7	0	0	1	5000001	415319
33	13	7	0	0	-1	5000001	448936
33	13	7	0	0	-1	5000001	463775
33	13	7	0	0	1	5000001	468986
33	13	7	0	0	-1	5000001	501626
33	13	7	0	0	-1	5000001	480356
33	13	7	0	0	1	5000001	481419
33	14	5	0	0	-1	5000001	508853
33	13	7	0	0	1	5000001	486658
33	14	5	0	0	1	5000001	465188
33	14	5	0	0	-1	5000001	454943
33	14	5	0	0	0	5000001	462381
33	13	7	0	0	-1	5000001	461968
33	13	7	0	0	1	5000001	454411
33	14	5	0	0	1	5000001	487274
33	13	7	0	0	1	5000001	443769
33	13	7	0	0	0	5000001	438869
33	14	5	0	0	1	5000001	452707
33	14	5	0	0	1	5000001	426626
33	14	5	0	0	1	5000001	388503
33	14	5	0	0	1	5000001	444500
33	14	5	0	0	1	5000001	469979
33	14	5	0	0	1	5000001	474200
33	13	7	0	0	-1	5000001	440219
33	14	5	0	0	1	5000001	457509
33	13	7	0	0	-1	5000001	468445
33	13	7	0	0	1	5000001	459090
33	13	7	0	0	1	5000001	440883
33	13	7	0	0	1	5000001	423075
33	13	7	0	0	1	5000001	467020
33	14	5	0	0	-1	5000001	455972
33	14	5	0	0	0	5000001	449353
33	13	7	0	0	-1	5000001	444947
33	14	5	0	0	1	5000001	468551
33	13	7	0	0	1	5000001	444909
33	12	9	0	0	1	5000001	460503
33	13	7	0	0	1	5000001	472155
33	13	7	0	0	-1	5000001	479425
33	14	5	0	0	1	5000001	469941
33	13	7	1	1	1	2	0
33	13	7	0	0	1	5000001	454059
33	14	5	0	0	1	5000001	415691
33	12	9	0	0	-1	5000001	477878
33	14	5	0	0	1	5000001	471777
33	14	5	0	0	-1	5000001	492173
33	14	5	0	0	1	5000001	442823
33	14	5	0	0	-1	5000001	539822
33	14	5	0	0	-1	5000001	484666
33	14	5	0	0	1	5000001	459870
33	13	7	0	0	-1	5000001	513590
33	13	7	0	0	-1	5000001	454855
34	14	6	0	0	-1	5000001	447385
34	15	4	0	0	-1	5000001	490254
34	14	6	0	0	1	5000001	474851
34	15	4	0	0	1	5000001	436539
34	15	4	0	0	-1	5000001	464110
34	14	6	0	0	0	5000001	459974
34	14	6	0	0	-1	5000001	431726
34	14	6	0	0	1	5000001	392055
34	13	8	0	0	1	5000001	457905
34	15	4	0	0	-1	5000001	454019
34	14	6	0	0	-1	5000001	426404
34	13	8	0	0	1	5000001	472768
34	14	6	0	0	1	5000001	461922
34	12	10	0	0	1	5000001	485498
34	14	6	0	0	-1	5000001	456229
34	13	8	0	0	-1	5000001	475713
34	14	6	0	0	-1	5000001	455393
34	14	6	0	0	-1	5000001	443614
34	14	6	0	0	1	5000001	466704
34	15	4	0	0	-1	5000001	436021
34	14	6	0	0	-1	5000001	440955
34	14	6	0	0	-1	5000001	439874
34	14	6	0	0	1	5000001	481382
34	14	6	0	0	-1	5000001	456086
34	13	8	0	0	-1	5000001	495698
34	14	6	0	0	-1	5000001	497677
34	14	6	0	0	1	5000001	485784
34	14	6	0	0	1	5000001	480372
34	15	4	0	0	-1	5000001	484897
34	14	6	0	0	1	5000001	467024
34	13	8	0	0	-1	5000001	510863
34	15	4	0	0	1	5000001	475608
34	14	6	0	0	-1	5000001	467884
34	14	6	0	0	-1	5000001	430630
34	14	6	0	0	1	5000001	461833
34	14	6	0	0	-1	5000001	424933
34	13	8	0	0	-1	5000001	449594
34	14	6	0	0	0	5000001	430952
34	14	6	0	0	-1	5000001	493443
34	14	6	0	0	1	5000001	421154
34	13	8	0	0	1	5000001	479378
34	14	6	0	0	-1	5000001	447643
34	15	4	0	0	1	5000001	507275
34	14	6	0	0	-1	5000001	466978
34	14	6	0	0	-1	5000001	463997
34	14	6	0	0	-1	5000001	472232
34	14	6	0	0	1	5000001	442159
34	15	4	0	0	1	5000001	442312
34	14	6	0	0	-1	5000001	462552
34	12	10	0	0	1	5000001	452728
34	14	6	0	0	-1	5000001	414454
34	14	6	0	0	-1	5000001	458367
34	14	6	0	0	1	5000001	442285
34	14	6	0	0	-1	5000001	506538
34	15	4	0	0	-1	5000001	467232
34	14	6	0	0	-1	5000001	478584
34	14	6	0	0	-1	5000001	472939
34	15	4	0	0	1	5000001	473012
34	14	6	0	0	-1	5000001	471911
34	14	6	0	0	1	5000001	441584
34	13	8	0	0	-1	5000001	458658
34	14	6	0	0	-1	5000001	453219
34	14	6	0	0	-1	5000001	523458
34	13	8	0	0	1	5000001	471600
34	14	6	0	0	-1	5000001	644145
34	15	4	0	0	1	5000001	482402
34	14	6	0	0	-1	5000001	502028
34	14	6	0	0	-1	5000001	484064
34	14	6	0	0	-1	5000001	517690
34	13	8	0	0	-1	5000001	488999
34	13	8	0	0	-1	5000001	400063
34	14	6	0	0	-1	5000001	498967
34	15	4	0	0	1	5000001	498007
34	14	6	0	0	1	5000001	475963
34	13	8	0	0	-1	5000001	528139
34	14	6	0	0	-1	5000001	495099
34	13	8	0	0	-1	5000001	549077
34	14	6	0	0	-1	5000001	496829
34	14	6	0	0	1	5000001	484442
34	14	6	0	0	-1	5000001	491701
34	13	8	0	0	-1	5000001	575338
34	13	8	0	0	-1	5000001	609433
34	13	8	0	0	-1	5000001	613008
34	13	8	0	0	-1	5000001	622014
34	14	6	0	0	1	5000001	647672
34	13	8	0	0	-1	5000001	634626
34	15	4	0	0	1	5000001	539804
34	13	8	0	0	1	5000001	477511
34	13	8	0	0	1	5000001	486252
34	14	6	0	0	-1	5000001	493821
34	15	4	0	0	1	5000001	482086
34	13	8	0	0	-1	5000001	467260
34	14	6	0	0	-1	5000001	443518
34	14	6	0	0	-1	5000001	475679
34	14	6	0	0	1	5000001	464139
34	13	8	0	0	-1	5000001	463107
34	14	6	0	0	-1	5000001	472442
34	14	6	0	0	-1	5000001	435498
34	15	4	0	0	-1	5000001	511795
34	14	6	0	0	1	5000001	436142
34	14	6	0	0	1	5000001	495263
34	14	6	0	0	-1	5000001	472189
34	14	6	0	0	1	5000001	480932
34	14	6	0	0	-1	5000001	490362
34	15	4	0	0	1	5000001	513490
34	14	6	0	0	1	5000001	467310
34	14	6	0	0	1	5000001	474552
34	14	6	0	0	-1	5000001	515541
34	14	6	0	0	-1	5000001	469452
34	14	6	0	0	-1	5000001	437114
34	14	6	0	0	-1	5000001	489929
34	13	8	0	0	1	5000001	482116
34	15	4	0	0	-1	5000001	468217
34	14	6	0	0	-1	5000001	456759
34	14	6	0	0	-1	5000001	473649
34	14	6	0	0	1	5000001	466822
34	14	6	0	0	-1	5000001	464860
34	14	6	0	0	-1	5000001	492364
34	13	8	0	0	-1	5000001	438520
34	13	8	0	0	1	5000001	496037
34	14	6	0	0	0	5000001	461453
34	15	4	0	0	1	5000001	459446
34	14	6	0	0	1	5000001	477501
34	14	6	0	0	-1	5000001	461737
34	14	6	0	0	-1	5000001	431176
34	14	6	0	0	-1	5000001	511931
34	13	8	0	0	-1	5000001	486517
34	14	6	0	0	-1	5000001	477679
34	14	6	0	0	1	5000001	439081
34	14	6	0	0	-1	5000001	467076
34	13	8	0	0	-1	5000001	476679
34	12	10	0	0	1	5000001	464351
34	14	6	0	0	1	5000001	641561
34	14	6	0	0	-1	5000001	626340
34	14	6	0	0	-1	5000001	591547
34	14	6	0	0	-1	5000001	467587
34	14	6	0	0	-1	5000001	492134
34	14	6	0	0	0	5000001	456848
34	14	6	0	0	-1	5000001	466281
34	13	8	0	0	-1	5000001	517793
34	14	6	0	0	-1	5000001	477127
34	14	6	0	0	-1	5000001	532485
34	13	8	0	0	1	5000001	579467
34	15	4	0	0	-1	5000001	584216
34	14	6	0	0	-1	5000001	609906
34	13	8	0	0	-1	5000001	533777
34	15	4	0	0	-1	5000001	609639
34	13	8	0	0	-1	5000001	635590
34	14	6	0	0	-1	5000001	658645
34	13	8	0	0	1	5000001	613676
34	14	6	0	0	-1	5000001	626541
34	13	8	0	0	0	5000001	637634
34	14	6	0	0	-1	5000001	633529
34	14	6	0	0	1	5000001	581728
34	14	6	0	0	-1	5000001	606532
34	12	10	0	0	1	5000001	642513
34	13	8	0	0	1	5000001	659115
34	14	6	0	0	-1	5000001	650500
34	14	6	0	0	-1	5000001	671112
34	13	8	0	0	-1	5000001	688789
34	14	6	0	0	-1	5000001	674693
34	14	6	0	0	-1	5000001	635179
34	13	8	0	0	-1	5000001	679080
34	14	6	0	0	1	5000001	641672
34	12	10	0	0	-1	5000001	716469
34	14	6	0	0	-1	5000001	630168
34	14	6	0	0	1	5000001	658100
34	14	6	0	0	-1	5000001	1477570
34	14	6	0	0	1	5000001	1537127
34	14	6	0	0	-1	5000001	1473602
34	14	6	0	0	-1	5000001	1329216
34	14	6	0	0	-1	5000001	1427070
34	13	8	0	0	1	5000001	1692974
34	14	6	0	0	1	5000001	2195246
34	14	6	0	0	-1	5000001	2500099
34	14	6	0	0	-1	5000001	2774113
34	14	6	0	0	-1	5000001	2686143
34	15	4	0	0	-1	5000001	1824618
34	14	6	0	0	-1	5000001	1507315
34	15	4	0	0	-1	5000001	734609
34	14	6	0	0	-1	5000001	767747
34	14	6	0	0	-1	5000001	726507
34	14	6	0	0	1	5000001	713386
34	14	6	0	0	-1	5000001	770937
34	14	6	0	0	-1	5000001	709122
34	13	8	0	0	1	5000001	729810
34	14	6	0	0	1	5000001	733873
34	15	4	0	0	1	5000001	771599
34	14	6	0	0	1	5000001	718088
34	13	8	0	0	1	5000001	742447
34	14	6	0	0	-1	5000001	724815
34	15	4	0	0	-1	5000001	583570
34	14	6	0	0	-1	5000001	819998
34	14	6	0	0	-1	5000001	688944
34	14	6	0	0	1	5000001	739916
34	15	4	0	0	-1	5000001	761235
34	14	6	0	0	-1	5000001	711435
34	14	6	0	0	1	5000001	783031
34	15	4	0	0	1	5000001	813521
34	14	6	0	0	-1	5000001	751477
34	15	4	0	0	1	5000001	731708
34	14	6	0	0	0	5000001	723278
34	14	6	0	0	-1	5000001	717312
34	14	6	0	0	-1	5000001	666258
34	14	6	0	0	-1	5000001	721459
34	14	6	0	0	-1	5000001	770670
34	15	4	0	0	-1	5000001	788801
34	15	4	0	0	-1	5000001	789417
34	14	6	0	0	-1	5000001	794539
34	14	6	0	0	-1	5000001	764271
34	14	6	0	0	-1	5000001	775848
34	15	4	0	0	1	5000001	746192
34	15	4	0	0	-1	5000001	759225
34	13	8	0	0	-1	5000001	779954
34	14	6	0	0	-1	5000001	743193
34	14	6	0	0	-1	5000001	748329
34	15	4	0	0	1	5000001	721053
34	14	6	0	0	0	5000001	807884
34	15	4	0	0	-1	5000001	777721
34	13	8	0	0	0	5000001	764279
34	14	6	0	0	1	5000001	803109
34	14	6	0	0	1	5000001	789193
34	14	6	0	0	1	5000001	751869
34	14	6	0	0	-1	5000001	728341
34	14	6	0	0	1	5000001	704205
34	15	4	0	0	1	5000001	777889
34	14	6	0	0	-1	5000001	760508
34	14	6	0	0	1	5000001	726418
34	14	6	0	0	1	5000001	763581
34	15	4	0	0	-1	5000001	750585
34	14	6	0	0	-1	5000001	703522
34	14	6	0	0	-1	5000001	747166
34	14	6	0	0	-1	5000001	765306
34	14	6	0	0	-1	5000001	708357
34	15	4	0	0	-1	5000001	715646
34	15	4	0	0	1	5000001	740498
34	15	4	0	0	-1	5000001	726638
34	14	6	0	0	-1	5000001	772156
34	13	8	0	0	-1	5000001	761839
34	14	6	0	0	-1	5000001	762275
34	13	8	0	0	-1	5000001	779866
34	14	6	0	0	-1	5000001	734034
34	13	8	0	0	1	5000001	2522098
34	15	4	0	0	1	5000001	2575278
34	14	6	0	0	1	5000001	1247720
34	14	6	0	0	-1	5000001	714972
34	14	6	0	0	-1	5000001	690730
34	13	8	0	0	-1	5000001	744723
34	14	6	0	0	-1	5000001	716634
34	15	4	0	0	-1	5000001	719686
34	15	4	0	0	-1	5000001	728712
34	15	4	0	0	-1	5000001	725032
34	14	6	0	0	1	5000001	736639
34	14	6	0	0	1	5000001	700762
34	15	4	0	0	-1	5000001	700197
34	14	6	0	0	-1	5000001	439192
34	14	6	0	0	1	5000001	450550
34	14	6	0	0	-1	5000001	450746
34	14	6	0	0	1	5000001	478063
34	14	6	0	0	-1	5000001	445280
34	15	4	0	0	1	5000001	455573
34	14	6	0	0	1	5000001	464949
34	15	4	0	0	1	5000001	454202
34	14	6	0	0	1	5000001	379019
34	14	6	0	0	-1	5000001	423278
34	13	8	0	0	1	5000001	462373
34	14	6	0	0	-1	5000001	454338
34	14	6	0	0	-1	5000001	443681
34	14	6	0	0	1	5000001	494001
34	15	4	0	0	-1	5000001	451963
34	14	6	0	0	1	5000001	463985
34	13	8	0	0	-1	5000001	453256
34	13	8	0	0	1	5000001	458794
34	15	4	0	0	1	5000001	453752
34	14	6	0	0	-1	5000001	469114
34	14	6	0	0	-1	5000001	458056
34	14	6	0	0	-1	5000001	440267
34	14	6	0	0	-1	5000001	455730
34	14	6	0	0	1	5000001	442055
34	15	4	0	0	-1	5000001	425443
34	13	8	0	0	0	5000001	445923
34	13	8	0	0	1	5000001	482743
34	14	6	0	0	1	5000001	469115
34	14	6	0	0	-1	5000001	434726
34	15	4	0	0	1	5000001	462081
34	13	8	0	0	-1	5000001	444018
34	15	4	0	0	-1	5000001	459318
34	13	8	0	0	-1	5000001	485203
34	12	10	0	0	-1	5000001	481767
34	13	8	0	0	-1	5000001	467480
34	14	6	0	0	1	5000001	477338
34	14	6	0	0	-1	5000001	459972
34	13	8	0	0	-1	5000001	475260
34	15	4	0	0	1	5000001	432905
34	14	6	0	0	1	5000001	382563
34	14	6	1	1	1	2	0
34	14	6	0	0	-1	5000001	441171
34	13	8	0	0	-1	5000001	441488
34	14	6	0	0	-1	5000001	421371
34	14	6	0	0	1	5000001	434428
35	15	5	0	0	1	5000001	451025
35	14	7	0	0	1	5000001	445407
35	15	5	0	0	-1	5000001	453427
35	13	9	0	0	1	5000001	457880
35	15	5	0	0	1	5000001	492533
35	15	5	0	0	-1	5000001	449802
35	14	7	0	0	1	5000001	441168
35	14	7	0	0	1	5000001	464401
35	14	7	0	0	-1	5000001	472329
35	14	7	0	0	1	5000001	463877
35	15	5	0	0	1	5000001	435799
35	15	5	0	0	1	5000001	426983
35	14	7	0	0	1	5000001	431946
35	15	5	0	0	1	5000001	467161
35	15	5	0	0	1	5000001	475686
35	15	5	0	0	-1	5000001	463094
35	15	5	0	0	-1	5000001	448205
35	15	5	0	0	-1	5000001	451695
35	15	5	0	0	1	5000001	468913
35	15	5	0	0	1	5000001	461997
35	15	5	0	0	1	5000001	478779
35	15	5	0	0	1	5000001	463038
35	15	5	0	0	1	5000001	445518
35	15	5	0	0	1	5000001	424080
35	14	7	0	0	-1	5000001	417952
35	14	7	0	0	-1	5000001	443747
35	14	7	0	0	1	5000001	492584
35	15	5	0	0	1	5000001	467276
35	15	5	0	0	1	5000001	432131
35	15	5	0	0	1	5000001	462984
35	14	7	0	0	1	5000001	485498
35	14	7	0	0	-1	5000001	468677
35	14	7	0	0	-1	5000001	456732
35	14	7	0	0	1	5000001	417825
35	15	5	0	0	-1	5000001	455839
35	15	5	0	0	-1	5000001	444371
35	15	5	0	0	-1	5000001	430786
35	15	5	0	0	0	5000001	521153
35	15	5	0	0	-1	5000001	503704
35	15	5	0	0	1	5000001	519338
35	15	5	0	0	1	5000001	464797
35	14	7	0	0	1	5000001	493794
35	15	5	0	0	1	5000001	473818
35	14	7	0	0	1	5000001	513507
35	13	9	0	0	1	5000001	500949
35	15	5	0	0	-1	5000001	498770
35	15	5	0	0	1	5000001	519139
35	14	7	0	0	1	5000001	506995
35	14	7	0	0	1	5000001	484229
35	15	5	0	0	1	5000001	564297
35	14	7	0	0	-1	5000001	516081
35	14	7	0	0	-1	5000001	477538
35	15	5	0	0	1	5000001	445726
35	15	5	0	0	1	5000001	499398
35	14	7	0	0	1	5000001	484987
35	13	9	0	0	1	5000001	538438
35	15	5	0	0	-1	5000001	497821
35	15	5	0	0	1	5000001	433160
35	15	5	0	0	1	5000001	429255
35	15	5	0	0	-1	5000001	449276
35	15	5	0	0	1	5000001	505351
35	14	7	0	0	-1	5000001	457856
35	14	7	0	0	1	5000001	515495
35	13	9	0	0	1	5000001	483774
35	15	5	0	0	1	5000001	488129
35	15	5	0	0	1	5000001	418158
35	15	5	0	0	-1	5000001	454138
35	15	5	0	0	1	5000001	480470
35	14	7	0	0	1	5000001	442777
35	15	5	0	0	-1	5000001	456312
35	13	9	0	0	1	5000001	440260
35	15	5	0	0	1	5000001	470505
35	15	5	0	0	-1	5000001	441934
35	15	5	0	0	1	5000001	490608
35	15	5	0	0	-1	5000001	447852
35	15	5	0	0	1	5000001	467981
35	14	7	0	0	1	5000001	439119
35	15	5	0	0	1	5000001	471882
35	14	7	0	0	1	5000001	427999
35	15	5	0	0	1	5000001	470895
35	15	5	0	0	-1	5000001	472909
35	15	5	0	0	1	5000001	451604
35	15	5	0	0	-1	5000001	481198
35	16	3	0	0	-1	5000001	450281
35	14	7	0	0	1	5000001	457154
35	14	7	0	0	1	5000001	449900
35	15	5	0	0	1	5000001	460423
35	14	7	0	0	1	5000001	402351
35	15	5	0	0	-1	5000001	448210
35	15	5	0	0	1	5000001	463524
35	15	5	0	0	1	5000001	492566
35	15	5	0	0	1	5000001	431309
35	15	5	0	0	-1	5000001	433131
35	15	5	0	0	1	5000001	414931
35	14	7	0	0	1	5000001	489836
35	14	7	0	0	-1	5000001	508904
35	15	5	0	0	1	5000001	504003
35	14	7	0	0	1	5000001	458505
35	14	7	0	0	1	5000001	434181
35	15	5	0	0	-1	5000001	446304
35	14	7	0	0	1	5000001	491189
35	15	5	0	0	1	5000001	453466
35	13	9	0	0	1	5000001	435849
35	15	5	0	0	-1	5000001	441294
35	13	9	0	0	1	5000001	468122
35	15	5	0	0	0	5000001	437927
35	13	9	0	0	1	5000001	451336
35	14	7	0	0	-1	5000001	455691
35	15	5	0	0	-1	5000001	434001
35	15	5	0	0	1	5000001	484912
35	15	5	0	0	1	5000001	452650
35	15	5	0	0	-1	5000001	447777
35	15	5	0	0	-1	5000001	461004
35	14	7	0	0	-1	5000001	432144
35	15	5	0	0	-1	5000001	444645
35	15	5	0	0	1	5000001	459350
35	15	5	0	0	1	5000001	494676
35	15	5	0	0	0	5000001	439897
35	14	7	0	0	1	5000001	474239
35	15	5	0	0	-1	5000001	461784
35	14	7	0	0	1	5000001	461391
35	15	5	0	0	1	5000001	438379
35	15	5	0	0	1	5000001	455755
35	15	5	0	0	-1	5000001	485489
35	15	5	0	0	1	5000001	469276
35	16	3	0	0	1	5000001	462014
35	15	5	0	0	-1	5000001	439427
35	15	5	0	0	-1	5000001	429830
35	15	5	0	0	1	5000001	476126
35	14	7	0	0	1	5000001	473160
35	14	7	0	0	1	5000001	492099
35	15	5	0	0	1	5000001	456520
35	15	5	0	0	1	5000001	473529
35	14	7	0	0	1	5000001	471243
35	15	5	0	0	1	5000001	574559
35	15	5	0	0	-1	5000001	620581
35	14	7	0	0	1	5000001	636209
35	15	5	0	0	-1	5000001	606784
35	15	5	0	0	1	5000001	633232
35	15	5	0	0	1	5000001	587020
35	15	5	0	0	-1	5000001	614418
35	14	7	0	0	1	5000001	629817
35	15	5	0	0	1	5000001	615380
35	15	5	0	0	0	5000001	603584
35	15	5	0	0	-1	5000001	602764
35	15	5	0	0	-1	5000001	616392
35	15	5	0	0	-1	5000001	624588
35	14	7	0	0	-1	5000001	596913
35	15	5	0	0	1	5000001	604292
35	13	9	0	0	-1	5000001	640977
35	15	5	0	0	1	5000001	605417
35	15	5	0	0	1	5000001	596251
35	13	9	0	0	-1	5000001	604872
35	14	7	0	0	1	5000001	549704
35	13	9	0	0	-1	5000001	473797
35	16	3	0	0	-1	5000001	455464
35	15	5	0	0	-1	5000001	439367
35	15	5	0	0	1	5000001	475237
35	15	5	0	0	-1	5000001	468238
35	15	5	0	0	1	5000001	493395
35	15	5	0	0	1	5000001	428796
35	15	5	0	0	1	5000001	493413
35	14	7	0	0	1	5000001	421930
35	14	7	0	0	-1	5000001	441510
35	15	5	0	0	-1	5000001	459319
35	15	5	0	0	-1	5000001	478585
35	13	9	0	0	1	5000001	485197
35	15	5	0	0	1	5000001	478968
35	15	5	0	0	1	5000001	470717
35	13	9	0	0	-1	5000001	484839
35	14	7	0	0	-1	5000001	452336
35	15	5	0	0	-1	5000001	450816
35	14	7	0	0	1	5000001	464256
35	15	5	0	0	1	5000001	473523
35	14	7	0	0	1	5000001	392840
35	15	5	0	0	-1	5000001	456248
35	15	5	0	0	-1	5000001	446171
35	14	7	0	0	-1	5000001	469162
35	14	7	0	0	-1	5000001	471143
35	14	7	0	0	1	5000001	471930
35	15	5	0	0	0	5000001	453939
35	15	5	0	0	0	5000001	451155
35	15	5	0	0	-1	5000001	459466
35	15	5	0	0	1	5000001	475182
35	15	5	0	0	-1	5000001	426400
35	14	7	0	0	1	5000001	416248
35	15	5	0	0	0	5000001	462278
35	14	7	0	0	-1	5000001	463693
35	14	7	0	0	1	5000001	472360
35	14	7	0	0	1	5000001	475561
35	14	7	0	0	1	5000001	435184
35	15	5	0	0	-1	5000001	470784
35	15	5	0	0	1	5000001	484919
35	15	5	0	0	1	5000001	471296
35	15	5	0	0	1	5000001	441063
35	14	7	0	0	1	5000001	481608
35	15	5	0	0	1	5000001	430973
35	15	5	0	0	1	5000001	471371
35	14	7	0	0	-1	5000001	482544
35	15	5	0	0	1	5000001	439866
35	15	5	0	0	1	5000001	463981
35	14	7	0	0	1	5000001	453694
35	15	5	0	0	-1	5000001	464585
35	15	5	0	0	0	5000001	445479
35	13	9	0	0	-1	5000001	483976
35	15	5	0	0	1	5000001	464043
35	14	7	0	0	-1	5000001	440452
35	15	5	0	0	1	5000001	486692
35	13	9	0	0	1	5000001	464607
35	14	7	0	0	-1	5000001	468554
35	15	5	0	0	-1	5000001	429404
35	15	5	0	0	-1	5000001	462497
35	15	5	0	0	1	5000001	457885
35	13	9	0	0	1	5000001	452397
35	15	5	0	0	-1	5000001	486854
35	15	5	0	0	0	5000001	457015
35	13	9	0	0	1	5000001	458945
35	14	7	0	0	-1	5000001	471808
35	15	5	0	0	1	5000001	447680
35	15	5	0	0	-1	5000001	478163
35	15	5	0	0	-1	5000001	441017
35	15	5	0	0	1	5000001	445452
35	14	7	0	0	-1	5000001	461889
35	15	5	0	0	1	5000001	471416
35	14	7	0	0	-1	5000001	442637
35	15	5	0	0	1	5000001	442627
35	15	5	0	0	1	5000001	459525
35	15	5	0	0	-1	5000001	435602
35	15	5	0	0	-1	5000001	429070
35	15	5	0	0	1	5000001	442940
35	15	5	0	0	1	5000001	440856
35	15	5	0	0	1	5000001	410279
35	15	5	0	0	1	5000001	439235
35	15	5	0	0	1	5000001	451107
35	14	7	0	0	1	5000001	438423
35	15	5	0	0	1	5000001	441325
35	15	5	0	0	1	5000001	442320
35	14	7	0	0	-1	5000001	474726
35	15	5	0	0	-1	5000001	447907
35	15	5	0	0	1	5000001	429263
35	15	5	0	0	1	5000001	438964
35	15	5	0	0	-1	5000001	450569
35	15	5	0	0	1	5000001	465323
35	15	5	0	0	1	5000001	460163
35	14	7	0	0	1	5000001	490278
35	14	7	0	0	-1	5000001	468083
35	15	5	0	0	-1	5000001	465029
35	14	7	0	0	1	5000001	459660
35	15	5	0	0	-1	5000001	382267
35	15	5	0	0	1	5000001	480848
35	15	5	0	0	0	5000001	450921
35	14	7	0	0	1	5000001	436384
35	14	7	0	0	-1	5000001	438385
35	15	5	0	0	-1	5000001	449447
35	15	5	0	0	1	5000001	448779
35	15	5	0	0	-1	5000001	441948
35	15	5	0	0	1	5000001	453468
35	15	5	0	0	1	5000001	438060
35	14	7	0	0	-1	5000001	445258
35	15	5	0	0	1	5000001	446171
35	14	7	0	0	-1	5000001	453098
35	15	5	0	0	1	5000001	464791
35	14	7	0	0	1	5000001	444032
35	15	5	0	0	1	5000001	490421
35	15	5	0	0	-1	5000001	456954
35	14	7	0	0	-1	5000001	461665
35	15	5	0	0	-1	5000001	447382
35	15	5	0	0	-1	5000001	459367
35	15	5	0	0	1	5000001	453267
35	15	5	0	0	1	5000001	445794
35	14	7	0	0	1	5000001	454721
35	16	3	0	0	1	5000001	441119
35	15	5	0	0	-1	5000001	597582
35	15	5	0	0	1	5000001	587436
35	15	5	0	0	-1	5000001	615054
35	15	5	0	0	1	5000001	588411
35	15	5	0	0	1	5000001	625348
35	15	5	0	0	-1	5000001	599540
35	14	7	0	0	1	5000001	641145
35	15	5	0	0	1	5000001	666921
35	14	7	0	0	0	5000001	697686
35	14	7	0	0	-1	5000001	671224
35	15	5	0	0	1	5000001	634978
35	14	7	0	0	-1	5000001	684713
35	15	5	0	0	-1	5000001	654673
35	15	5	0	0	1	5000001	720569
35	14	7	0	0	1	5000001	710269
35	15	5	0	0	1	5000001	790451
35	15	5	0	0	1	5000001	696427
35	15	5	0	0	1	5000001	682369
35	15	5	0	0	1	5000001	662098
35	15	5	0	0	1	5000001	693595
35	14	7	0	0	1	5000001	647193
35	15	5	0	0	1	5000001	691415
35	15	5	0	0	-1	5000001	690454
35	14	7	0	0	1	5000001	707820
35	15	5	0	0	-1	5000001	706666
35	15	5	0	0	-1	5000001	754942
35	15	5	0	0	1	5000001	680713
35	15	5	0	0	1	5000001	743398
36	15	6	0	0	-1	5000001	728468
36	14	8	0	0	-1	5000001	739592
36	15	6	0	0	-1	5000001	767971
36	16	4	0	0	1	5000001	751526
36	15	6	0	0	-1	5000001	718040
36	16	4	0	0	-1	5000001	710507
36	15	6	0	0	1	5000001	736629
36	16	4	0	0	-1	5000001	711570
36	16	4	0	0	-1	5000001	682368
36	15	6	0	0	1	5000001	760890
36	15	6	0	0	-1	5000001	696142
36	15	6	0	0	1	5000001	774538
36	14	8	0	0	1	5000001	742639
36	16	4	0	0	-1	5000001	735474
36	15	6	0	0	1	5000001	780483
36	15	6	0	0	1	5000001	716466
36	16	4	0	0	-1	5000001	781333
36	16	4	0	0	-1	5000001	753241
36	16	4	0	0	1	5000001	801482
36	15	6	0	0	-1	5000001	747250
36	15	6	0	0	-1	5000001	713478
36	16	4	0	0	-1	5000001	778931
36	16	4	0	0	-1	5000001	822018
36	15	6	0	0	1	5000001	773797
36	16	4	0	0	-1	5000001	778693
36	15	6	0	0	-1	5000001	771744
36	15	6	0	0	1	5000001	794190
36	15	6	0	0	1	5000001	761884
36	16	4	0	0	0	5000001	792389
36	16	4	0	0	-1	5000001	828340
36	15	6	0	0	-1	5000001	783572
36	15	6	0	0	1	5000001	836628
36	15	6	0	0	-1	5000001	732824
36	14	8	0	0	-1	5000001	649626
36	15	6	0	0	-1	5000001	688918
36	15	6	0	0	-1	5000001	718170
36	15	6	0	0	-1	5000001	761546
36	16	4	0	0	-1	5000001	715305
36	16	4	0	0	-1	5000001	750309
36	16	4	0	0	1	5000001	726841
36	15	6	0	0	-1	5000001	744502
36	15	6	0	0	1	5000001	760548
36	15	6	0	0	-1	5000001	754171
36	15	6	0	0	-1	5000001	830190
36	14	8	0	0	-1	5000001	763659
36	15	6	0	0	1	5000001	713835
36	16	4	0	0	1	5000001	738276
36	15	6	0	0	-1	5000001	728742
36	15	6	0	0	1	5000001	720156
36	15	6	0	0	-1	5000001	715019
36	16	4	0	0	-1	5000001	720210
36	16	4	0	0	1	5000001	764360
36	15	6	0	0	1	5000001	740485
36	15	6	0	0	-1	5000001	717930
36	15	6	0	0	1	5000001	740090
36	16	4	0	0	-1	5000001	791009
36	16	4	0	0	-1	5000001	763175
36	15	6	0	0	1	5000001	698790
36	16	4	0	0	-1	5000001	729356
36	15	6	0	0	0	5000001	736329
36	16	4	0	0	1	5000001	762985
36	16	4	0	0	1	5000001	776355
36	16	4	0	0	-1	5000001	751764
36	14	8	0	0	0	5000001	705064
36	16	4	0	0	1	5000001	742397
36	15	6	0	0	1	5000001	717718
36	15	6	0	0	-1	5000001	742369
36	15	6	0	0	1	5000001	713654
36	15	6	0	0	-1	5000001	721994
36	15	6	0	0	1	5000001	727048
36	16	4	0	0	-1	5000001	705860
36	15	6	0	0	1	5000001	712398
36	15	6	0	0	1	5000001	728253
36	16	4	0	0	-1	5000001	677170
36	14	8	0	0	1	5000001	710558
36	16	4	0	0	-1	5000001	719986
36	15	6	0	0	1	5000001	820365
36	15	6	0	0	1	5000001	1416512
36	15	6	0	0	-1	5000001	1583382
36	16	4	0	0	-1	5000001	1490369
36	16	4	0	0	-1	5000001	1396629
36	16	4	0	0	-1	5000001	1696754
36	16	4	0	0	-1	5000001	1682663
36	15	6	0	0	-1	5000001	1744513
36	15	6	0	0	-1	5000001	1073580
36	15	6	0	0	-1	5000001	744553
36	15	6	0	0	-1	5000001	722816
36	16	4	0	0	0	5000001	713512
36	16	4	0	0	-1	5000001	720241
36	14	8	0	0	-1	5000001	752331
36	16	4	0	0	-1	5000001	761114
36	16	4	0	0	-1	5000001	717664
36	14	8	0	0	1	5000001	746100
36	16	4	0	0	-1	5000001	703527
36	15	6	0	0	1	5000001	736631
36	16	4	0	0	-1	5000001	725605
36	15	6	0	0	-1	5000001	711014
36	16	4	0	0	-1	5000001	712672
36	14	8	0	0	-1	5000001	728595
36	15	6	0	0	-1	5000001	745795
36	15	6	0	0	1	5000001	725559
36	15	6	0	0	1	5000001	685442
36	16	4	0	0	-1	5000001	698819
36	16	4	0	0	-1	5000001	691975
36	15	6	0	0	1	5000001	686318
36	15	6	0	0	-1	5000001	715552
36	15	6	0	0	-1	5000001	699801
36	15	6	0	0	-1	5000001	702779
36	16	4	0	0	1	5000001	908828
36	15	6	0	0	1	5000001	1811147
36	15	6	0	0	1	5000001	1555259
36	14	8	0	0	1	5000001	1031832
36	16	4	0	0	-1	5000001	806628
36	15	6	0	0	1	5000001	594497
36	16	4	0	0	-1	5000001	629339
36	16	4	0	0	-1	5000001	606208
36	16	4	0	0	-1	5000001	645879
36	15	6	0	0	-1	5000001	563208
36	15	6	0	0	1	5000001	577532
36	15	6	0	0	-1	5000001	579871
36	15	6	0	0	-1	5000001	562401
36	15	6	0	0	-1	5000001	589685
36	16	4	0	0	1	5000001	575285
36	15	6	0	0	1	5000001	538231
36	16	4	0	0	-1	5000001	521216
36	16	4	0	0	-1	5000001	424842
36	16	4	0	0	1	5000001	517242
36	16	4	0	0	-1	5000001	498964
36	15	6	0	0	-1	5000001	538133
36	16	4	0	0	-1	5000001	509198
36	16	4	0	0	-1	5000001	500095
36	16	4	0	0	1	5000001	566531
36	16	4	0	0	-1	5000001	561567
36	16	4	0	0	-1	5000001	676645
36	16	4	0	0	-1	5000001	650444
36	16	4	0	0	-1	5000001	644295
36	15	6	0	0	-1	5000001	612684
36	16	4	0	0	-1	5000001	611183
36	16	4	0	0	1	5000001	553752
36	15	6	0	0	1	5000001	606194
36	14	8	0	0	1	5000001	621637
36	15	6	0	0	-1	5000001	686171
36	16	4	0	0	1	5000001	603182
36	14	8	0	0	1	5000001	621498
36	15	6	0	0	-1	5000001	660554
36	16	4	0	0	0	5000001	688875
36	16	4	0	0	-1	5000001	622781
36	14	8	0	0	1	5000001	658958
36	14	8	0	0	1	5000001	640831
36	15	6	0	0	1	5000001	608985
36	15	6	0	0	-1	5000001	592743
36	15	6	0	0	-1	5000001	596042
36	15	6	0	0	-1	5000001	645727
36	16	4	0	0	1	5000001	644657
36	16	4	0	0	-1	5000001	627576
36	15	6	0	0	-1	5000001	647489
36	16	4	0	0	-1	5000001	615005
36	15	6	0	0	0	5000001	623103
36	15	6	0	0	-1	5000001	636295
36	16	4	0	0	-1	5000001	610839
36	16	4	0	0	1	5000001	647288
36	16	4	0	0	1	5000001	642855
36	16	4	0	0	1	5000001	694592
36	15	6	0	0	-1	5000001	643336
36	15	6	0	0	-1	5000001	649634
36	14	8	0	0	-1	5000001	634274
36	14	8	0	0	-1	5000001	606860
36	15	6	0	0	1	5000001	599083
36	14	8	0	0	-1	5000001	634840
36	15	6	0	0	1	5000001	617566
36	14	8	0	0	-1	5000001	585301
36	15	6	0	0	1	5000001	617423
36	14	8	0	0	1	5000001	567075
36	15	6	0	0	0	5000001	624530
36	16	4	0	0	-1	5000001	599472
36	15	6	0	0	1	5000001	600239
36	15	6	0	0	-1	5000001	733933
36	15	6	0	0	1	5000001	737909
36	16	4	0	0	-1	5000001	626480
36	15	6	0	0	-1	5000001	661319
36	15	6	0	0	1	5000001	544708
36	15	6	0	0	-1	5000001	609005
36	16	4	0	0	1	5000001	604602
36	16	4	0	0	-1	5000001	555601
36	15	6	0	0	-1	5000001	566885
36	16	4	0	0	-1	5000001	560624
36	16	4	0	0	-1	5000001	568243
36	15	6	0	0	-1	5000001	600187
36	14	8	0	0	1	5000001	626940
36	15	6	0	0	-1	5000001	569149
36	15	6	0	0	-1	5000001	591362
36	15	6	0	0	1	5000001	575024
36	16	4	0	0	-1	5000001	626641
36	16	4	0	0	1	5000001	573740
36	15	6	0	0	-1	5000001	587759
36	14	8	0	0	-1	5000001	584001
36	15	6	0	0	-1	5000001	592419
36	15	6	0	0	-1	5000001	578980
36	15	6	0	0	0	5000001	578695
36	15	6	0	0	-1	5000001	615481
36	15	6	0	0	-1	5000001	619442
36	16	4	0	0	-1	5000001	576010
36	16	4	0	0	-1	5000001	584435
36	16	4	0	0	1	5000001	578636
36	15	6	0	0	1	5000001	535481
36	14	8	0	0	1	5000001	559647
36	15	6	0	0	1	5000001	545307
36	15	6	0	0	1	5000001	537519
36	15	6	0	0	1	5000001	557178
36	16	4	0	0	-1	5000001	459866
36	16	4	0	0	-1	5000001	469949
36	16	4	0	0	-1	5000001	479533
36	14	8	0	0	-1	5000001	491100
36	14	8	0	0	-1	5000001	508533
36	16	4	0	0	-1	5000001	521058
36	16	4	0	0	-1	5000001	535702
36	16	4	0	0	-1	5000001	574969
36	15	6	0	0	1	5000001	499694
36	15	6	0	0	-1	5000001	582914
36	16	4	0	0	-1	5000001	558388
36	14	8	0	0	-1	5000001	575505
36	14	8	0	0	-1	5000001	541916
36	16	4	0	0	-1	5000001	581076
36	15	6	0	0	-1	5000001	524523
36	16	4	0	0	1	5000001	614850
36	16	4	0	0	-1	5000001	585445
36	15	6	0	0	-1	5000001	569043
36	16	4	0	0	-1	5000001	565523
36	15	6	0	0	-1	5000001	547610
36	15	6	0	0	1	5000001	585962
36	16	4	0	0	1	5000001	568464
36	16	4	0	0	1	5000001	513713
36	15	6	0	0	-1	5000001	551144
36	15	6	0	0	-1	5000001	549896
36	15	6	0	0	-1	5000001	554482
36	14	8	0	0	1	5000001	584934
36	15	6	0	0	-1	5000001	537557
36	15	6	0	0	-1	5000001	553578
36	15	6	0	0	1	5000001	582563
36	15	6	0	0	-1	5000001	504131
36	15	6	0	0	-1	5000001	502441
36	15	6	0	0	-1	5000001	589092
36	14	8	0	0	-1	5000001	575060
36	15	6	0	0	1	5000001	562629
36	16	4	0	0	-1	5000001	543596
36	14	8	0	0	-1	5000001	563999
36	14	8	0	0	-1	5000001	539682
36	14	8	0	0	1	5000001	529178
36	15	6	0	0	1	5000001	576676
36	15	6	0	0	-1	5000001	541450
36	16	4	0	0	1	5000001	526908
36	15	6	0	0	-1	5000001	549719
36	16	4	0	0	-1	5000001	558462
36	14	8	0	0	1	5000001	586850
36	16	4	0	0	-1	5000001	564995
36	16	4	0	0	-1	5000001	663470
36	15	6	0	0	-1	5000001	582571
36	16	4	0	0	-1	5000001	508514
36	15	6	0	0	1	5000001	490854
36	14	8	0	0	1	5000001	458693
36	16	4	0	0	-1	5000001	600417
36	15	6	0	0	1	5000001	505231
36	15	6	0	0	1	5000001	536732
36	15	6	0	0	-1	5000001	519423
36	15	6	0	0	-1	5000001	496664
36	14	8	0	0	-1	5000001	491060
36	14	8	0	0	0	5000001	515009
36	16	4	0	0	-1	5000001	497900
36	16	4	0	0	-1	5000001	509506
36	16	4	0	0	1	5000001	485000
36	15	6	0	0	-1	5000001	495555
36	16	4	0	0	1	5000001	499949
36	14	8	0	0	-1	5000001	583537
36	15	6	0	0	1	5000001	545541
36	16	4	0	0	-1	5000001	541886
36	14	8	0	0	1	5000001	617654
36	16	4	0	0	1	5000001	600429
36	15	6	0	0	0	5000001	570183
36	15	6	0	0	-1	5000001	593744
36	16	4	0	0	-1	5000001	587761
36	15	6	0	0	0	5000001	433870
36	14	8	0	0	-1	5000001	462701
36	15	6	0	0	0	5000001	498728
36	14	8	0	0	-1	5000001	505715
36	16	4	0	0	-1	5000001	494434
36	16	4	0	0	-1	5000001	536418
36	15	6	0	0	1	5000001	496617
36	16	4	0	0	-1	5000001	506010
36	16	4	0	0	1	5000001	489289
36	16	4	0	0	-1	5000001	506547
36	16	4	0	0	1	5000001	482718
36	16	4	0	0	1	5000001	460914
36	15	6	0	0	-1	5000001	437427
36	15	6	0	0	-1	5000001	394202
36	15	6	0	0	1	5000001	383155
36	16	4	0	0	1	5000001	440505
36	15	6	0	0	1	5000001	452664
36	16	4	0	0	0	5000001	448483
36	16	4	0	0	-1	5000001	450985
36	14	8	0	0	1	5000001	459616
37	16	5	0	0	1	5000001	466583
37	16	5	0	0	1	5000001	453448
37	16	5	0	0	1	5000001	472047
37	17	3	0	0	0	5000001	459185
37	16	5	0	0	1	5000001	461259
37	16	5	0	0	1	5000001	455454
37	15	7	0	0	1	5000001	484976
37	16	5	0	0	1	5000001	466241
37	16	5	0	0	-1	5000001	441737
37	16	5	0	0	-1	5000001	418511
37	16	5	0	0	1	5000001	448079
37	16	5	0	0	1	5000001	463167
37	16	5	0	0	1	5000001	436613
37	16	5	0	0	1	5000001	460719
37	15	7	0	0	-1	5000001	461821
37	16	5	0	0	-1	5000001	452835
37	15	7	0	0	1	5000001	455705
37	17	3	0	0	1	5000001	434149
37	15	7	0	0	-1	5000001	480361
37	16	5	0	0	0	5000001	442547
37	17	3	0	0	1	5000001	448026
37	15	7	0	0	-1	5000001	462688
37	15	7	0	0	1	5000001	445331
37	16	5	0	0	-1	5000001	480219
37	15	7	0	0	-1	5000001	444800
37	16	5	0	0	-1	5000001	468566
37	15	7	0	0	-1	5000001	472034
37	15	7	0	0	0	5000001	454466
37	15	7	0	0	1	5000001	464157
37	16	5	0	0	1	5000001	452423
37	16	5	0	0	1	5000001	462232
37	16	5	0	0	-1	5000001	458897
37	16	5	0	0	1	5000001	445047
37	15	7	0	0	-1	5000001	481134
37	15	7	0	0	-1	5000001	470944
37	15	7	0	0	1	5000001	475261
37	16	5	0	0	1	5000001	466664
37	16	5	0	0	-1	5000001	431091
37	16	5	0	0	1	5000001	440079
37	15	7	0	0	-1	5000001	464547
37	15	7	0	0	-1	5000001	446562
37	15	7	0	0	1	5000001	426091
37	16	5	0	0	1	5000001	440624
37	16	5	0	0	-1	5000001	469262
37	16	5	0	0	1	5000001	445166
37	17	3	0	0	1	5000001	432421
37	16	5	0	0	1	5000001	458989
37	15	7	0	0	1	5000001	462317
37	16	5	0	0	1	5000001	448302
37	16	5	0	0	-1	5000001	479426
37	16	5	0	0	1	5000001	450607
37	17	3	0	0	1	5000001	468170
37	16	5	0	0	1	5000001	473924
37	17	3	0	0	1	5000001	457191
37	16	5	0	0	1	5000001	443697
37	15	7	0	0	-1	5000001	435860
37	16	5	0	0	-1	5000001	453263
37	16	5	0	0	1	5000001	445964
37	17	3	0	0	1	5000001	451947
37	16	5	0	0	1	5000001	461649
37	16	5	0	0	-1	5000001	446923
37	15	7	0	0	1	5000001	444682
37	16	5	0	0	-1	5000001	457916
37	16	5	0	0	-1	5000001	466627
37	14	9	0	0	1	5000001	446249
37	17	3	0	0	-1	5000001	437647
37	14	9	0	0	1	5000001	436422
37	16	5	0	0	1	5000001	470175
37	17	3	0	0	1	5000001	460483
37	16	5	0	0	-1	5000001	452776
37	17	3	0	0	-1	5000001	437847
37	16	5	0	0	-1	5000001	378208
37	15	7	0	0	1	5000001	467763
37	15	7	0	0	-1	5000001	465752
37	17	3	0	0	1	5000001	464823
37	16	5	0	0	1	5000001	446049
37	15	7	0	0	1	5000001	456941
37	17	3	0	0	1	5000001	452276
37	16	5	0	0	1	5000001	431840
37	16	5	0	0	-1	5000001	442572
37	17	3	0	0	0	5000001	425437
37	14	9	0	0	1	5000001	450278
37	16	5	0	0	-1	5000001	476291
37	15	7	0	0	1	5000001	465965
37	15	7	0	0	1	5000001	485843
37	17	3	0	0	1	5000001	469659
37	17	3	0	0	1	5000001	481983
37	16	5	0	0	-1	5000001	486969
37	15	7	0	0	-1	5000001	537167
37	15	7	0	0	-1	5000001	442949
37	17	3	0	0	1	5000001	469271
37	15	7	0	0	-1	5000001	469728
37	16	5	0	0	-1	5000001	446029
37	15	7	0	0	-1	5000001	469807
37	15	7	0	0	1	5000001	449769
37	16	5	0	0	1	5000001	481130
37	17	3	0	0	-1	5000001	446953
37	16	5	0	0	-1	5000001	448068
37	16	5	0	0	-1	5000001	473228
37	16	5	0	0	-1	5000001	480956
37	16	5	0	0	1	5000001	442601
37	16	5	0	0	1	5000001	473612
37	17	3	0	0	-1	5000001	466205
37	15	7	0	0	1	5000001	466699
37	16	5	0	0	-1	5000001	427059
37	15	7	0	0	1	5000001	517161
37	15	7	0	0	1	5000001	480271
37	16	5	0	0	1	5000001	396181
37	15	7	0	0	1	5000001	434246
37	16	5	0	0	1	5000001	440143
37	16	5	0	0	-1	5000001	497583
37	16	5	0	0	1	5000001	471635
37	15	7	0	0	-1	5000001	423732
37	16	5	0	0	-1	5000001	505493
37	17	3	0	0	1	5000001	497805
37	15	7	0	0	-1	5000001	524905
37	17	3	0	0	1	5000001	475582
37	15	7	0	0	-1	5000001	478149
37	16	5	0	0	1	5000001	505068
37	16	5	0	0	1	5000001	498473
37	17	3	0	0	1	5000001	473530
37	16	5	0	0	1	5000001	459839
37	16	5	0	0	1	5000001	431476
37	17	3	0	0	1	5000001	468300
37	16	5	0	0	-1	5000001	458358
37	17	3	0	0	1	5000001	445133
37	15	7	0	0	1	5000001	468440
37	16	5	0	0	-1	5000001	417959
37	15	7	0	0	-1	5000001	447706
37	17	3	0	0	1	5000001	444626
37	17	3	0	0	1	5000001	420741
37	15	7	0	0	0	5000001	442418
37	16	5	0	0	-1	5000001	459928
37	15	7	0	0	1	5000001	424999
37	15	7	0	0	1	5000001	481034
37	16	5	0	0	1	5000001	471538
37	17	3	0	0	1	5000001	484835
37	14	9	0	0	-1	5000001	436202
37	16	5	0	0	0	5000001	492766
37	16	5	0	0	1	5000001	455470
37	15	7	0	0	1	5000001	479920
37	15	7	0	0	1	5000001	427232
37	16	5	0	0	1	5000001	422687
37	16	5	0	0	-1	5000001	470567
37	15	7	0	0	1	5000001	480939
37	16	5	0	0	-1	5000001	472706
37	16	5	0	0	-1	5000001	464003
37	17	3	0	0	1	5000001	464825
37	16	5	0	0	-1	5000001	474392
37	16	5	0	0	-1	5000001	488772
37	17	3	0	0	1	5000001	511699
37	15	7	0	0	-1	5000001	480871
37	17	3	0	0	1	5000001	475203
37	15	7	0	0	-1	5000001	494015
37	15	7	0	0	1	5000001	460858
37	16	5	0	0	-1	5000001	434999
37	16	5	0	0	1	5000001	439410
37	16	5	0	0	1	5000001	478235
37	17	3	0	0	1	5000001	494032
37	16	5	0	0	1	5000001	440544
37	15	7	0	0	-1	5000001	496416
37	16	5	0	0	-1	5000001	454281
37	17	3	0	0	1	5000001	439501
37	16	5	0	0	1	5000001	457908
37	16	5	0	0	-1	5000001	463221
37	15	7	0	0	1	5000001	475616
37	16	5	0	0	1	5000001	478316
37	16	5	0	0	1	5000001	478241
37	16	5	0	0	1	5000001	444088
37	17	3	0	0	1	5000001	466461
37	15	7	0	0	1	5000001	425596
37	15	7	0	0	1	5000001	483242
37	17	3	0	0	-1	5000001	466485
37	14	9	0	0	1	5000001	439300
37	17	3	0	0	1	5000001	457866
37	16	5	0	0	1	5000001	442469
37	16	5	0	0	1	5000001	406798
37	16	5	0	0	1	5000001	472665
37	16	5	0	0	1	5000001	478208
37	16	5	0	0	-1	5000001	493048
37	16	5	0	0	-1	5000001	465529
37	16	5	0	0	-1	5000001	474395
37	16	5	0	0	-1	5000001	442298
37	17	3	0	0	1	5000001	470535
37	17	3	0	0	1	5000001	448934
37	16	5	0	0	1	5000001	453663
37	17	3	0	0	1	5000001	504267
37	15	7	0	0	1	5000001	462812
37	15	7	0	0	-1	5000001	430404
37	16	5	0	0	1	5000001	443319
37	15	7	0	0	-1	5000001	455159
37	16	5	0	0	-1	5000001	451935
37	16	5	0	0	1	5000001	441192
37	16	5	0	0	1	5000001	475296
37	17	3	0	0	-1	5000001	498970
37	16	5	0	0	-1	5000001	567235
37	16	5	0	0	-1	5000001	570469
37	16	5	0	0	-1	5000001	594854
37	16	5	0	0	1	5000001	621698
37	16	5	0	0	-1	5000001	597374
37	15	7	0	0	1	5000001	602236
37	15	7	0	0	-1	5000001	599704
37	16	5	0	0	-1	5000001	647797
37	16	5	0	0	-1	5000001	663142
37	17	3	0	0	-1	5000001	569382
37	17	3	0	0	-1	5000001	634549
37	16	5	0	0	1	5000001	618269
37	17	3	0	0	-1	5000001	594363
37	16	5	0	0	-1	5000001	661096
37	15	7	0	0	1	5000001	636194
37	16	5	0	0	1	5000001	577474
37	17	3	0	0	-1	5000001	612163
37	16	5	0	0	1	5000001	676938
37	15	7	0	0	1	5000001	639444
37	17	3	0	0	1	5000001	632222
37	15	7	0	0	1	5000001	695565
37	15	7	0	0	1	5000001	678491
37	16	5	0	0	1	5000001	673439
37	17	3	0	0	1	5000001	633620
37	15	7	0	0	-1	5000001	616528
37	16	5	0	0	-1	5000001	613506
37	16	5	0	0	1	5000001	677840
37	16	5	0	0	1	5000001	701982
37	16	5	0	0	1	5000001	683526
37	16	5	0	0	1	5000001	681378
37	16	5	0	0	-1	5000001	680981
37	16	5	0	0	0	5000001	699897
37	17	3	0	0	1	5000001	676715
37	17	3	0	0	1	5000001	654136
37	16	5	0	0	1	5000001	720310
37	15	7	0	0	1	5000001	748475
37	16	5	0	0	-1	5000001	743147
37	16	5	0	0	1	5000001	762419
37	14	9	0	0	1	5000001	837824
37	16	5	0	0	1	5000001	709789
37	15	7	0	0	1	5000001	711170
37	16	5	0	0	1	5000001	705738
37	16	5	0	0	0	5000001	720681
37	16	5	0	0	1	5000001	741667
37	16	5	0	0	-1	5000001	726391
37	17	3	0	0	1	5000001	748552
37	17	3	0	0	1	5000001	724518
37	15	7	0	0	1	5000001	661404
37	16	5	0	0	-1	5000001	735904
37	16	5	0	0	-1	5000001	765130
37	16	5	0	0	-1	5000001	726814
37	16	5	0	0	-1	5000001	730735
37	16	5	0	0	-1	5000001	708744
37	17	3	0	0	-1	5000001	743678
37	16	5	0	0	1	5000001	719053
37	17	3	0	0	1	5000001	710060
37	15	7	0	0	-1	5000001	684044
37	15	7	0	0	1	5000001	731229
37	15	7	0	0	-1	5000001	712724
37	15	7	0	0	1	5000001	733387
37	16	5	0	0	-1	5000001	761559
37	16	5	0	0	-1	5000001	694900
37	15	7	0	0	1	5000001	740265
37	16	5	0	0	1	5000001	729767
37	16	5	0	0	1	5000001	751990
37	17	3	0	0	1	5000001	705526
37	16	5	0	0	1	5000001	737344
37	17	3	0	0	1	5000001	749384
37	16	5	0	0	-1	5000001	732576
37	17	3	0	0	-1	5000001	695751
37	16	5	0	0	1	5000001	546627
37	15	7	0	0	-1	5000001	782476
37	16	5	0	0	0	5000001	750136
37	16	5	0	0	-1	5000001	780790
37	15	7	0	0	1	5000001	758284
37	16	5	0	0	1	5000001	747935
37	16	5	0	0	1	5000001	767903
37	17	3	0	0	1	5000001	756121
37	16	5	0	0	-1	5000001	787697
37	15	7	0	0	-1	5000001	750713
37	17	3	0	0	1	5000001	758423
37	15	7	0	0	1	5000001	622885
37	17	3	0	0	-1	5000001	698031
37	17	3	0	0	-1	5000001	756886
37	16	5	0	0	-1	5000001	766383
37	15	7	0	0	-1	5000001	748140
37	16	5	0	0	-1	5000001	769579
37	15	7	0	0	-1	5000001	766105
37	17	3	0	0	1	5000001	763688
37	15	7	0	0	-1	5000001	753985
37	17	3	0	0	-1	5000001	776110
37	16	5	0	0	-1	5000001	761851
37	15	7	0	0	1	5000001	742764
37	15	7	0	0	1	5000001	724978
37	16	5	0	0	-1	5000001	738312
37	15	7	0	0	-1	5000001	742788
37	16	5	0	0	-1	5000001	772413
37	16	5	0	0	-1	5000001	748678
37	14	9	0	0	-1	5000001	768178
37	15	7	0	0	1	5000001	774881
37	16	5	0	0	1	5000001	744488
37	15	7	0	0	-1	5000001	775547
37	17	3	0	0	1	5000001	731774
37	17	3	0	0	0	5000001	775385
37	15	7	0	0	-1	5000001	747738
38	16	6	0	0	-1	5000001	769432
38	16	6	0	0	-1	5000001	760924
38	17	4	0	0	-1	5000001	706614
38	17	4	0	0	-1	5000001	754140
38	17	4	0	0	-1	5000001	735342
38	17	4	0	0	1	5000001	739280
38	18	2	0	0	-1	5000001	753507
38	17	4	0	0	-1	5000001	739849
38	17	4	0	0	-1	5000001	761943
38	17	4	0	0	1	5000001	754833
38	17	4	0	0	1	5000001	739412
38	17	4	0	0	-1	5000001	736503
38	16	6	0	0	-1	5000001	778515
38	17	4	0	0	-1	5000001	768422
38	16	6	0	0	-1	5000001	753101
38	17	4	0	0	-1	5000001	752424
38	16	6	0	0	1	5000001	734738
38	16	6	0	0	-1	5000001	746662
38	17	4	0	0	1	5000001	790116
38	17	4	0	0	1	5000001	760118
38	17	4	0	0	-1	5000001	758012
38	17	4	0	0	-1	5000001	765458
38	16	6	0	0	-1	5000001	781832
38	17	4	0	0	-1	5000001	696125
38	16	6	0	0	-1	5000001	701641
38	17	4	0	0	-1	5000001	704083
38	16	6	0	0	-1	5000001	718007
38	16	6	0	0	1	5000001	686835
38	16	6	0	0	1	5000001	752457
38	16	6	0	0	-1	5000001	739651
38	17	4	0	0	1	5000001	682904
38	16	6	0	0	1	5000001	672142
38	18	2	0	0	-1	5000001	705172
38	16	6	0	0	-1	5000001	651602
38	16	6	0	0	-1	5000001	687599
38	18	2	0	0	1	5000001	713699
38	16	6	0	0	0	5000001	677581
38	16	6	0	0	-1	5000001	700879
38	17	4	0	0	1	5000001	704428
38	17	4	0	0	1	5000001	682739
38	17	4	0	0	1	5000001	668319
38	17	4	0	0	-1	5000001	715212
38	17	4	0	0	1	5000001	694759
38	17	4	0	0	-1	5000001	672384
38	18	2	0	0	-1	5000001	668129
38	16	6	0	0	-1	5000001	669435
38	17	4	0	0	-1	5000001	640461
38	17	4	0	0	-1	5000001	671621
38	17	4	0	0	1	5000001	692953
38	18	2	0	0	-1	5000001	646420
38	16	6	0	0	-1	5000001	626480
38	16	6	0	0	-1	5000001	635005
38	16	6	0	0	-1	5000001	647758
38	16	6	0	0	1	5000001	615677
38	16	6	0	0	0	5000001	588507
38	17	4	0	0	-1	5000001	618008
38	17	4	0	0	-1	5000001	634218
38	16	6	0	0	1	5000001	542432
38	16	6	0	0	1	5000001	544562
38	16	6	0	0	-1	5000001	621787
38	15	8	0	0	1	5000001	573664
38	17	4	0	0	1	5000001	553430
38	16	6	0	0	-1	5000001	537288
38	17	4	0	0	-1	5000001	481343
38	17	4	0	0	-1	5000001	501736
38	16	6	0	0	-1	5000001	559063
38	16	6	0	0	-1	5000001	587459
38	16	6	0	0	1	5000001	609515
38	15	8	0	0	-1	5000001	620623
38	16	6	0	0	1	5000001	580826
38	17	4	0	0	1	5000001	578391
38	16	6	0	0	1	5000001	582857
38	17	4	0	0	-1	5000001	628851
38	16	6	0	0	-1	5000001	625472
38	17	4	0	0	-1	5000001	617281
38	17	4	0	0	1	5000001	638267
38	18	2	0	0	-1	5000001	648041
38	17	4	0	0	1	5000001	677073
38	16	6	0	0	-1	5000001	732034
38	18	2	0	0	-1	5000001	689973
38	16	6	0	0	-1	5000001	727994
38	17	4	0	0	1	5000001	679665
38	16	6	0	0	-1	5000001	738006
38	18	2	0	0	-1	5000001	716560
38	17	4	0	0	1	5000001	714918
38	15	8	0	0	1	5000001	685513
38	17	4	0	0	-1	5000001	756874
38	16	6	0	0	1	5000001	717924
38	15	8	0	0	1	5000001	729433
38	18	2	0	0	-1	5000001	741006
38	18	2	0	0	-1	5000001	741016
38	16	6	0	0	-1	5000001	743114
38	16	6	0	0	1	5000001	717480
38	18	2	0	0	-1	5000001	705765
38	16	6	0	0	-1	5000001	697531
38	16	6	0	0	1	5000001	724766
38	18	2	0	0	-1	5000001	704968
38	17	4	0	0	1	5000001	745940
38	16	6	0	0	-1	5000001	764989
38	16	6	0	0	1	5000001	756176
38	17	4	0	0	1	5000001	728755
38	17	4	0	0	-1	5000001	728453
38	16	6	0	0	-1	5000001	718193
38	16	6	0	0	1	5000001	779471
38	17	4	0	0	-1	5000001	768560
38	18	2	0	0	-1	5000001	763925
38	16	6	0	0	-1	5000001	745392
38	18	2	0	0	-1	5000001	766210
38	17	4	0	0	1	5000001	788640
38	16	6	0	0	-1	5000001	769236
38	18	2	0	0	-1	5000001	752348
38	17	4	0	0	-1	5000001	806077
38	18	2	0	0	-1	5000001	765556
38	15	8	0	0	-1	5000001	784030
38	15	8	0	0	1	5000001	773767
38	16	6	0	0	1	5000001	696551
38	18	2	0	0	-1	5000001	649689
38	17	4	0	0	-1	5000001	688196
38	17	4	0	0	-1	5000001	671567
38	17	4	0	0	-1	5000001	754426
38	17	4	0	0	-1	5000001	757676
38	15	8	0	0	1	5000001	702344
38	17	4	0	0	-1	5000001	835083
38	16	6	0	0	-1	5000001	734918
38	16	6	0	0	-1	5000001	755543
38	18	2	0	0	-1	5000001	753861
38	17	4	0	0	-1	5000001	790675
38	16	6	0	0	1	5000001	777757
38	16	6	0	0	-1	5000001	741651
38	16	6	0	0	1	5000001	1918012
38	17	4	0	0	1	5000001	2277656
38	16	6	0	0	-1	5000001	2565915
38	16	6	0	0	1	5000001	2688717
38	16	6	0	0	1	5000001	3428898
38	16	6	0	0	1	5000001	722094
38	17	4	0	0	1	5000001	726608
38	17	4	0	0	-1	5000001	756069
38	16	6	0	0	-1	5000001	754419
38	16	6	0	0	-1	5000001	729616
38	16	6	0	0	0	5000001	743554
38	17	4	0	0	-1	5000001	724532
38	17	4	0	0	-1	5000001	686946
38	15	8	0	0	-1	5000001	662084
38	16	6	0	0	1	5000001	754461
38	17	4	0	0	1	5000001	687510
38	17	4	0	0	-1	5000001	722526
38	16	6	0	0	1	5000001	713100
38	18	2	0	0	-1	5000001	733031
38	16	6	0	0	-1	5000001	786996
38	18	2	0	0	-1	5000001	734886
38	17	4	0	0	-1	5000001	929548
38	16	6	0	0	1	5000001	857947
38	17	4	0	0	1	5000001	832867
38	18	2	0	0	1	5000001	932954
38	18	2	0	0	-1	5000001	983026
38	17	4	0	0	-1	5000001	933326
38	17	4	0	0	-1	5000001	956133
38	16	6	0	0	1	5000001	1007236
38	17	4	0	0	0	5000001	928837
38	16	6	0	0	-1	5000001	725808
38	16	6	0	0	-1	5000001	746996
38	17	4	0	0	-1	5000001	659133
38	18	2	0	0	-1	5000001	704502
38	17	4	0	0	1	5000001	733034
38	17	4	0	0	-1	5000001	718863
38	17	4	0	0	-1	5000001	727938
38	17	4	0	0	1	5000001	731583
38	16	6	0	0	1	5000001	740187
38	16	6	0	0	-1	5000001	729713
38	17	4	0	0	-1	5000001	736146
38	17	4	0	0	-1	5000001	763796
38	18	2	0	0	-1	5000001	763287
38	18	2	0	0	-1	5000001	743122
38	17	4	0	0	-1	5000001	765506
38	15	8	0	0	-1	5000001	666030
38	17	4	0	0	-1	5000001	689342
38	16	6	0	0	-1	5000001	690560
38	17	4	0	0	-1	5000001	721007
38	17	4	0	0	-1	5000001	691156
38	17	4	0	0	0	5000001	703743
38	17	4	0	0	1	5000001	742562
38	17	4	0	0	1	5000001	834087
38	16	6	0	0	1	5000001	1060544
38	17	4	0	0	-1	5000001	1087630
38	17	4	0	0	-1	5000001	1197081
38	17	4	0	0	-1	5000001	1222182
38	18	2	0	0	-1	5000001	1171383
38	16	6	0	0	-1	5000001	1211831
38	16	6	0	0	-1	5000001	1265830
38	16	6	0	0	-1	5000001	1277029
38	16	6	0	0	-1	5000001	1465190
38	17	4	0	0	-1	5000001	1756953
38	16	6	0	0	1	5000001	2006065
38	18	2	0	0	-1	5000001	2331950
38	15	8	0	0	-1	5000001	1322930
38	18	2	0	0	-1	5000001	757636
38	16	6	0	0	-1	5000001	818066
38	17	4	0	0	1	5000001	762964
38	16	6	0	0	1	5000001	683590
38	17	4	0	0	1	5000001	744120
38	16	6	0	0	1	5000001	721250
38	18	2	0	0	-1	5000001	714926
38	16	6	0	0	1	5000001	667472
38	17	4	0	0	1	5000001	708190
38	17	4	0	0	-1	5000001	664228
38	17	4	0	0	1	5000001	787276
38	15	8	0	0	1	5000001	775276
38	16	6	0	0	-1	5000001	755848
38	16	6	0	0	-1	5000001	733477
38	16	6	0	0	1	5000001	730707
38	16	6	0	0	1	5000001	727877
38	17	4	0	0	-1	5000001	710740
38	17	4	0	0	-1	5000001	671172
38	17	4	0	0	-1	5000001	663932
38	16	6	0	0	1	5000001	606630
38	17	4	0	0	-1	5000001	619361
38	17	4	0	0	1	5000001	578670
38	16	6	0	0	-1	5000001	686620
38	17	4	0	0	-1	5000001	603514
38	16	6	0	0	1	5000001	625939
38	18	2	0	0	-1	5000001	571520
38	17	4	0	0	0	5000001	591056
38	18	2	0	0	-1	5000001	612796
38	16	6	0	0	1	5000001	638829
38	16	6	0	0	-1	5000001	637256
38	16	6	0	0	1	5000001	650360
38	17	4	0	0	-1	5000001	660678
38	18	2	0	0	-1	5000001	781595
38	16	6	0	0	-1	5000001	819892
38	18	2	0	0	-1	5000001	828553
38	17	4	0	0	1	5000001	696505
38	16	6	0	0	1	5000001	687630
38	18	2	0	0	-1	5000001	637874
38	16	6	0	0	-1	5000001	651789
38	16	6	0	0	0	5000001	657804
38	17	4	0	0	1	5000001	624628
38	17	4	0	0	-1	5000001	624996
38	17	4	0	0	1	5000001	582812
38	16	6	0	0	-1	5000001	603994
38	17	4	0	0	-1	5000001	616332
38	16	6	0	0	-1	5000001	594444
38	18	2	0	0	-1	5000001	677885
38	18	2	0	0	1	5000001	698008
38	16	6	0	0	1	5000001	775261
38	17	4	0	0	-1	5000001	742565
38	17	4	0	0	-1	5000001	681576
38	17	4	0	0	1	5000001	727977
38	17	4	0	0	1	5000001	707438
38	17	4	0	0	-1	5000001	712702
38	17	4	0	0	1	5000001	708166
38	17	4	0	0	-1	5000001	706279
38	17	4	0	0	-1	5000001	652702
38	18	2	0	0	-1	5000001	481500
38	17	4	0	0	-1	5000001	529014
38	17	4	0	0	-1	5000001	587505
38	17	4	0	0	1	5000001	3324859
38	16	6	0	0	-1	5000001	3216403
38	16	6	0	0	-1	5000001	760500
38	17	4	0	0	-1	5000001	716473
38	18	2	0	0	-1	5000001	730923
38	17	4	0	0	-1	5000001	741587
38	16	6	0	0	-1	5000001	754841
38	16	6	0	0	-1	5000001	775188
38	14	10	0	0	-1	5000001	726012
38	16	6	0	0	0	5000001	749708
38	16	6	0	0	-1	5000001	768365
38	16	6	0	0	0	5000001	768800
38	18	2	0	0	-1	5000001	775666
38	18	2	0	0	-1	5000001	751511
38	18	2	0	0	-1	5000001	740397
38	17	4	0	0	-1	5000001	678451
38	18	2	0	0	-1	5000001	743916
38	16	6	0	0	-1	5000001	786583
38	17	4	0	0	-1	5000001	762766
38	17	4	0	0	-1	5000001	767068
38	18	2	0	0	-1	5000001	770303
38	16	6	0	0	-1	5000001	781435
38	16	6	0	0	1	5000001	700471
38	17	4	0	0	-1	5000001	748307
38	16	6	0	0	-1	5000001	734987
38	17	4	0	0	-1	5000001	747665
38	17	4	0	0	-1	5000001	699134
38	17	4	0	0	1	5000001	750652
38	17	4	0	0	-1	5000001	763615
38	17	4	0	0	-1	5000001	753838
38	17	4	0	0	1	5000001	767730
38	17	4	0	0	1	5000001	731557
38	16	6	0	0	1	5000001	780291
38	17	4	0	0	-1	5000001	767594
38	16	6	0	0	-1	5000001	772883
38	16	6	0	0	1	5000001	695912
38	17	4	0	0	1	5000001	813742
38	15	8	0	0	1	5000001	769696
38	15	8	0	0	1	5000001	748790
38	17	4	0	0	1	5000001	657945
38	16	6	0	0	1	5000001	765430
38	18	2	0	0	-1	5000001	733015
38	16	6	0	0	-1	5000001	690562
38	16	6	0	0	1	5000001	685693
38	17	4	0	0	-1	5000001	739960
39	16	7	0	0	0	5000001	739189
39	17	5	0	0	1	5000001	740671
39	18	3	0	0	1	5000001	734652
39	17	5	0	0	1	5000001	782765
39	18	3	0	0	1	5000001	753504
39	16	7	0	0	1	5000001	721431
39	17	5	0	0	1	5000001	726988
39	17	5	0	0	1	5000001	733634
39	18	3	0	0	1	5000001	738400
39	17	5	0	0	1	5000001	722626
39	17	5	0	0	1	5000001	804152
39	18	3	0	0	-1	5000001	777305
39	17	5	0	0	-1	5000001	681039
39	17	5	0	0	1	5000001	767507
39	17	5	0	0	1	5000001	745396
39	17	5	0	0	1	5000001	765781
39	18	3	0	0	1	5000001	733907
39	17	5	0	0	1	5000001	703939
39	18	3	0	0	-1	5000001	709481
39	18	3	0	0	1	5000001	1295330
39	18	3	0	0	1	5000001	2045389
39	17	5	0	0	1	5000001	1962084
39	16	7	0	0	-1	5000001	1474179
39	17	5	0	0	1	5000001	1186398
39	18	3	0	0	1	5000001	969707
39	17	5	0	0	-1	5000001	900118
39	16	7	0	0	1	5000001	879760
39	16	7	0	0	1	5000001	906762
39	17	5	0	0	1	5000001	871355
39	18	3	0	0	1	5000001	855633
39	17	5	0	0	1	5000001	851726
39	18	3	0	0	1	5000001	766764
39	17	5	0	0	1	5000001	827063
39	17	5	0	0	1	5000001	796187
39	18	3	0	0	-1	5000001	755832
39	16	7	0	0	1	5000001	749147
39	18	3	0	0	1	5000001	737647
39	17	5	0	0	1	5000001	731958
39	18	3	0	0	1	5000001	651652
39	17	5	0	0	1	5000001	649977
39	18	3	0	0	1	5000001	661167
39	17	5	0	0	-1	5000001	636280
39	17	5	0	0	1	5000001	639357
39	17	5	0	0	-1	5000001	695490
39	18	3	0	0	0	5000001	665404
39	17	5	0	0	-1	5000001	663144
39	16	7	0	0	1	5000001	685199
39	18	3	0	0	-1	5000001	706369
39	17	5	0	0	-1	5000001	699307
39	17	5	0	0	-1	5000001	678725
39	17	5	0	0	-1	5000001	663098
39	18	3	0	0	1	5000001	677549
39	17	5	0	0	1	5000001	710361
39	16	7	0	0	-1	5000001	726870
39	17	5	0	0	-1	5000001	736004
39	17	5	0	0	1	5000001	671379
39	18	3	0	0	1	5000001	729625
39	17	5	0	0	1	5000001	703249
39	18	3	0	0	1	5000001	711888
39	17	5	0	0	1	5000001	723993
39	18	3	0	0	1	5000001	710674
39	16	7	0	0	-1	5000001	756749
39	18	3	0	0	1	5000001	688676
39	17	5	0	0	0	5000001	697186
39	17	5	0	0	1	5000001	740414
39	18	3	0	0	1	5000001	664952
39	16	7	0	0	-1	5000001	742976
39	18	3	0	0	1	5000001	753296
39	17	5	0	0	-1	5000001	766296
39	17	5	0	0	-1	5000001	711749
39	17	5	0	0	1	5000001	742914
39	18	3	0	0	1	5000001	744956
39	18	3	0	0	1	5000001	774243
39	18	3	0	0	-1	5000001	755832
39	17	5	0	0	1	5000001	801234
39	17	5	0	0	1	5000001	708332
39	16	7	0	0	-1	5000001	774329
39	18	3	0	0	1	5000001	702443
39	17	5	0	0	-1	5000001	737047
39	16	7	0	0	1	5000001	721529
39	17	5	0	0	1	5000001	743965
39	18	3	0	0	-1	5000001	782167
39	16	7	0	0	-1	5000001	816553
39	17	5	0	0	1	5000001	745696
39	17	5	0	0	0	5000001	745734
39	16	7	0	0	1	5000001	782975
39	17	5	0	0	-1	5000001	751694
39	17	5	0	0	1	5000001	746505
39	18	3	0	0	1	5000001	2072108
39	17	5	0	0	-1	5000001	838613
39	17	5	0	0	1	5000001	756307
39	17	5	0	0	-1	5000001	781268
39	17	5	0	0	1	5000001	757086
39	17	5	0	0	1	5000001	792640
39	17	5	0	0	1	5000001	761084
39	17	5	0	0	1	5000001	767524
39	17	5	0	0	0	5000001	751333
39	17	5	0	0	1	5000001	756713
39	18	3	0	0	1	5000001	729034
39	18	3	0	0	1	5000001	791806
39	17	5	0	0	1	5000001	770336
39	18	3	0	0	-1	5000001	723400
39	17	5	0	0	1	5000001	749836
39	17	5	0	0	-1	5000001	711897
39	18	3	0	0	-1	5000001	756316
39	17	5	0	0	-1	5000001	720221
39	17	5	0	0	-1	5000001	755717
39	17	5	0	0	-1	5000001	747865
39	17	5	0	0	-1	5000001	794219
39	17	5	0	0	-1	5000001	744933
39	17	5	0	0	1	5000001	775408
39	17	5	0	0	-1	5000001	756644
39	18	3	0	0	-1	5000001	729044
39	18	3	0	0	1	5000001	746615
39	17	5	0	0	1	5000001	752876
39	17	5	0	0	-1	5000001	807391
39	17	5	0	0	1	5000001	761080
39	17	5	0	0	1	5000001	722470
39	17	5	0	0	1	5000001	746322
39	17	5	0	0	1	5000001	740196
39	17	5	0	0	-1	5000001	749556
39	16	7	0	0	1	5000001	734508
39	16	7	0	0	-1	5000001	709876
39	17	5	0	0	-1	5000001	631213
39	17	5	0	0	1	5000001	686055
39	17	5	0	0	1	5000001	737884
39	17	5	0	0	-1	5000001	741267
39	17	5	0	0	1	5000001	754867
39	17	5	0	0	-1	5000001	758734
39	17	5	0	0	1	5000001	732276
39	16	7	0	0	-1	5000001	686818
39	17	5	0	0	1	5000001	727118
39	17	5	0	0	1	5000001	683423
39	17	5	0	0	1	5000001	675328
39	18	3	0	0	-1	5000001	690058
39	16	7	0	0	-1	5000001	687942
39	17	5	0	0	1	5000001	691057
39	17	5	0	0	1	5000001	648997
39	16	7	0	0	1	5000001	658986
39	18	3	0	0	1	5000001	658987
39	18	3	0	0	-1	5000001	697384
39	17	5	0	0	1	5000001	683726
39	17	5	0	0	1	5000001	664500
39	17	5	0	0	1	5000001	685251
39	15	9	0	0	-1	5000001	686426
39	17	5	0	0	-1	5000001	637071
39	17	5	0	0	1	5000001	642699
39	17	5	0	0	-1	5000001	662290
39	17	5	0	0	1	5000001	626218
39	18	3	0	0	1	5000001	656979
39	18	3	0	0	-1	5000001	640550
39	17	5	0	0	1	5000001	656295
39	16	7	0	0	1	5000001	631515
39	17	5	0	0	-1	5000001	628998
39	17	5	0	0	1	5000001	636555
39	17	5	0	0	1	5000001	585477
39	17	5	0	0	-1	5000001	594975
39	17	5	0	0	1	5000001	579716
39	17	5	0	0	1	5000001	582991
39	17	5	0	0	1	5000001	552272
39	17	5	0	0	1	5000001	511120
39	17	5	0	0	-1	5000001	582620
39	18	3	0	0	-1	5000001	491023
39	17	5	0	0	1	5000001	528801
39	17	5	0	0	1	5000001	558177
39	16	7	0	0	1	5000001	577823
39	17	5	0	0	1	5000001	597777
39	17	5	0	0	1	5000001	605841
39	17	5	0	0	0	5000001	587351
39	17	5	0	0	-1	5000001	605816
39	17	5	0	0	1	5000001	601064
39	17	5	0	0	-1	5000001	617804
39	18	3	0	0	1	5000001	611951
39	17	5	0	0	-1	5000001	672570
39	17	5	0	0	1	5000001	673537
39	17	5	0	0	1	5000001	685986
39	17	5	0	0	1	5000001	726744
39	17	5	0	0	-1	5000001	699184
39	18	3	0	0	1	5000001	695977
39	17	5	0	0	-1	5000001	747136
39	18	3	0	0	1	5000001	686830
39	17	5	0	0	1	5000001	724082
39	16	7	0	0	1	5000001	722459
39	17	5	0	0	-1	5000001	716532
39	17	5	0	0	1	5000001	702630
39	17	5	0	0	-1	5000001	768933
39	18	3	0	0	-1	5000001	792354
39	17	5	0	0	1	5000001	755191
39	17	5	0	0	1	5000001	743236
39	17	5	0	0	-1	5000001	706883
39	17	5	0	0	1	5000001	754121
39	17	5	0	0	-1	5000001	727168
39	16	7	0	0	1	5000001	741247
39	17	5	0	0	-1	5000001	728364
39	17	5	0	0	-1	5000001	751875
39	17	5	0	0	1	5000001	760047
39	17	5	0	0	-1	5000001	711077
39	18	3	0	0	-1	5000001	755420
39	18	3	0	0	1	5000001	655292
39	17	5	0	0	1	5000001	750229
39	17	5	0	0	-1	5000001	717921
39	17	5	0	0	1	5000001	774008
39	17	5	0	0	1	5000001	724289
39	16	7	0	0	-1	5000001	777404
39	18	3	0	0	0	5000001	752990
39	18	3	0	0	-1	5000001	766824
39	17	5	0	0	1	5000001	787393
39	17	5	0	0	-1	5000001	775467
39	17	5	0	0	-1	5000001	748439
39	15	9	0	0	1	5000001	721715
39	16	7	0	0	0	5000001	712911
39	18	3	0	0	-1	5000001	729585
39	17	5	0	0	1	5000001	779227
39	17	5	0	0	1	5000001	764904
39	17	5	0	0	-1	5000001	749991
39	17	5	0	0	1	5000001	788526
39	16	7	0	0	1	5000001	776529
39	17	5	0	0	-1	5000001	794551
39	17	5	0	0	-1	5000001	787715
39	16	7	0	0	1	5000001	724790
39	16	7	0	0	-1	5000001	737304
39	16	7	0	0	1	5000001	716559
39	17	5	0	0	-1	5000001	747771
39	16	7	0	0	1	5000001	756180
39	17	5	0	0	-1	5000001	768633
39	18	3	0	0	-1	5000001	744923
39	17	5	0	0	-1	5000001	770872
39	18	3	0	0	1	5000001	751874
39	18	3	0	0	1	5000001	756881
39	18	3	0	0	-1	5000001	749991
39	18	3	0	0	-1	5000001	762036
39	18	3	0	0	-1	5000001	762177
39	18	3	0	0	1	5000001	748267
39	17	5	0	0	-1	5000001	731597
39	17	5	0	0	1	5000001	704825
39	17	5	0	0	1	5000001	672802
39	17	5	0	0	1	5000001	723310
39	18	3	0	0	1	5000001	751472
39	17	5	0	0	1	5000001	768891
39	18	3	0	0	1	5000001	740023
39	18	3	0	0	1	5000001	739218
39	16	7	0	0	1	5000001	758075
39	18	3	0	0	1	5000001	733733
39	17	5	0	0	1	5000001	782891
39	17	5	0	0	-1	5000001	793394
39	17	5	0	0	-1	5000001	804924
39	16	7	0	0	1	5000001	740814
39	17	5	0	0	1	5000001	777737
39	16	7	0	0	-1	5000001	897508
39	17	5	0	0	-1	5000001	2684785
39	17	5	0	0	1	5000001	2362750
39	16	7	0	0	1	5000001	2342232
39	17	5	0	0	-1	5000001	2223534
39	17	5	0	0	-1	5000001	1953915
39	18	3	0	0	1	5000001	1563667
39	17	5	0	0	-1	5000001	1244114
39	18	3	0	0	1	5000001	1081927
39	17	5	0	0	-1	5000001	937731
39	17	5	0	0	1	5000001	909556
39	17	5	0	0	1	5000001	864504
39	17	5	0	0	1	5000001	872014
39	17	5	0	0	-1	5000001	830404
39	18	3	0	0	-1	5000001	828265
39	17	5	0	0	-1	5000001	819762
39	17	5	0	0	-1	5000001	773336
39	17	5	0	0	1	5000001	744463
39	17	5	0	0	1	5000001	742075
39	17	5	0	0	-1	5000001	778329
39	18	3	0	0	1	5000001	725888
39	18	3	0	0	-1	5000001	765560
39	17	5	0	0	1	5000001	729044
39	16	7	0	0	-1	5000001	725751
39	17	5	0	0	1	5000001	721113
39	16	7	0	0	1	5000001	639958
39	17	5	0	0	1	5000001	698146
39	17	5	0	0	1	5000001	677887
39	17	5	0	0	-1	5000001	721421
39	17	5	0	0	1	5000001	697102
39	18	3	0	0	1	5000001	613877
39	17	5	0	0	1	5000001	642823
39	17	5	0	0	-1	5000001	669015
39	17	5	0	0	-1	5000001	579528
39	17	5	0	0	-1	5000001	672099
39	18	3	0	0	1	5000001	681999
39	18	3	0	0	-1	5000001	690438
39	17	5	0	0	-1	5000001	711867
39	17	5	0	0	-1	5000001	733124
39	17	5	0	0	-1	5000001	744779
39	18	3	0	0	1	5000001	757540
39	17	5	0	0	1	5000001	770732
39	16	7	0	0	1	5000001	806777
39	17	5	0	0	1	5000001	812707
39	17	5	0	0	1	5000001	864400
39	17	5	0	0	1	5000001	971722
39	17	5	0	0	0	5000001	953667
39	18	3	0	0	-1	5000001	983881
39	17	5	0	0	-1	5000001	1002926
39	18	3	0	0	-1	5000001	943371
39	16	7	0	0	1	5000001	957243
39	16	7	0	0	-1	5000001	1110260
40	18	4	0	0	1	5000001	1143705
40	18	4	0	0	-1	5000001	1174530
40	17	6	0	0	1	5000001	1151796
40	18	4	0	0	-1	5000001	1161683
40	19	2	0	0	1	5000001	1206603
40	17	6	0	0	-1	5000001	1340483
40	18	4	0	0	-1	5000001	1375348
40	17	6	0	0	-1	5000001	1552807
40	17	6	0	0	1	5000001	1938845
40	19	2	0	0	-1	5000001	765361
40	18	4	0	0	-1	5000001	803213
40	18	4	0	0	-1	5000001	785099
40	18	4	0	0	-1	5000001	754449
40	18	4	0	0	-1	5000001	748380
40	17	6	0	0	-1	5000001	803155
40	19	2	0	0	1	5000001	727777
40	18	4	0	0	-1	5000001	708573
40	17	6	0	0	1	5000001	719338
40	17	6	0	0	-1	5000001	699395
40	17	6	0	0	1	5000001	714215
40	18	4	0	0	-1	5000001	692987
40	18	4	0	0	-1	5000001	715444
40	18	4	0	0	1	5000001	728716
40	17	6	0	0	1	5000001	728287
40	18	4	0	0	1	5000001	732380
40	17	6	0	0	-1	5000001	826803
40	18	4	0	0	0	5000001	724787
40	18	4	0	0	-1	5000001	672618
40	17	6	0	0	-1	5000001	732276
40	17	6	0	0	1	5000001	741298
40	18	4	0	0	-1	5000001	723363
40	18	4	0	0	-1	5000001	701705
40	18	4	0	0	-1	5000001	656066
40	18	4	0	0	-1	5000001	720972
40	17	6	0	0	-1	5000001	745454
40	18	4	0	0	-1	5000001	688258
40	18	4	0	0	0	5000001	765655
40	18	4	0	0	-1	5000001	725526
40	18	4	0	0	-1	5000001	750266
40	18	4	0	0	1	5000001	744496
40	18	4	0	0	-1	5000001	760617
40	17	6	0	0	1	5000001	733891
40	18	4	0	0	-1	5000001	728943
40	18	4	0	0	1	5000001	734248
40	17	6	0	0	-1	5000001	748247
40	17	6	0	0	1	5000001	739292
40	17	6	0	0	-1	5000001	771133
40	17	6	0	0	1	5000001	785359
40	19	2	0	0	-1	5000001	726390
40	18	4	0	0	-1	5000001	729574
40	18	4	0	0	-1	5000001	689001
40	17	6	0	0	1	5000001	704481
40	18	4	0	0	-1	5000001	757681
40	17	6	0	0	-1	5000001	774706
40	17	6	0	0	1	5000001	1560197
40	18	4	0	0	-1	5000001	728932
40	17	6	0	0	-1	5000001	1688496
40	19	2	0	0	1	5000001	721565
40	18	4	0	0	-1	5000001	727134
40	17	6	0	0	-1	5000001	639379
40	18	4	0	0	-1	5000001	740862
40	18	4	0	0	1	5000001	724688
40	18	4	0	0	1	5000001	741639
40	18	4	0	0	-1	5000001	719810
40	18	4	0	0	1	5000001	735590
40	18	4	0	0	-1	5000001	752908
40	17	6	0	0	-1	5000001	709036
40	17	6	0	0	-1	5000001	711065
40	18	4	0	0	1	5000001	686905
40	17	6	0	0	-1	5000001	728539
40	18	4	0	0	-1	5000001	735033
40	18	4	0	0	-1	5000001	686281
40	16	8	0	0	-1	5000001	728154
40	18	4	0	0	1	5000001	715690
40	18	4	0	0	-1	5000001	738063
40	17	6	0	0	-1	5000001	762923
40	18	4	0	0	-1	5000001	711528
40	17	6	0	0	-1	5000001	746442
40	17	6	0	0	1	5000001	736417
40	18	4	0	0	1	5000001	779284
40	18	4	0	0	-1	5000001	730442
40	17	6	0	0	1	5000001	749799
40	17	6	0	0	-1	5000001	749536
40	18	4	0	0	1	5000001	749825
40	18	4	0	0	-1	5000001	735456
40	17	6	0	0	-1	5000001	751543
40	17	6	0	0	1	5000001	1208602
40	17	6	0	0	-1	5000001	2630519
40	18	4	0	0	1	5000001	1149924
40	18	4	0	0	-1	5000001	802524
40	19	2	0	0	-1	5000001	777947
40	19	2	0	0	1	5000001	741525
40	18	4	0	0	-1	5000001	749059
40	18	4	0	0	-1	5000001	713837
40	18	4	0	0	1	5000001	716813
40	18	4	0	0	-1	5000001	730921
40	18	4	0	0	1	5000001	741837
40	17	6	0	0	-1	5000001	763850
40	17	6	0	0	-1	5000001	789022
40	18	4	0	0	-1	5000001	775235
40	17	6	0	0	-1	5000001	759819
40	18	4	0	0	1	5000001	782633
40	18	4	0	0	1	5000001	777831
40	17	6	0	0	1	5000001	716893
40	18	4	0	0	1	5000001	744880
40	17	6	0	0	-1	5000001	760281
40	17	6	0	0	-1	5000001	744074
40	18	4	0	0	1	5000001	755646
40	17	6	0	0	1	5000001	748274
40	18	4	0	0	1	5000001	761428
40	18	4	0	0	-1	5000001	735153
40	17	6	0	0	-1	5000001	982972
40	17	6	0	0	-1	5000001	2325332
40	18	4	0	0	-1	5000001	738846
40	17	6	0	0	1	5000001	768503
40	18	4	0	0	-1	5000001	785290
40	17	6	0	0	1	5000001	756307
40	17	6	0	0	-1	5000001	758938
40	18	4	0	0	1	5000001	738751
40	18	4	0	0	-1	5000001	730572
40	17	6	0	0	-1	5000001	667060
40	18	4	0	0	1	5000001	778452
40	18	4	0	0	0	5000001	758055
40	18	4	0	0	-1	5000001	691177
40	17	6	0	0	0	5000001	722933
40	16	8	0	0	-1	5000001	766668
40	17	6	0	0	-1	5000001	769264
40	19	2	0	0	-1	5000001	730211
40	18	4	0	0	-1	5000001	634524
40	18	4	0	0	-1	5000001	718980
40	18	4	0	0	-1	5000001	712819
40	18	4	0	0	1	5000001	770542
40	18	4	0	0	-1	5000001	687640
40	17	6	0	0	1	5000001	756797
40	18	4	0	0	-1	5000001	744641
40	18	4	0	0	1	5000001	741705
40	18	4	0	0	1	5000001	683484
40	17	6	0	0	-1	5000001	717625
40	17	6	0	0	-1	5000001	664200
40	17	6	0	0	-1	5000001	683637
40	18	4	0	0	0	5000001	743919
40	17	6	0	0	1	5000001	708623
40	18	4	0	0	1	5000001	718529
40	17	6	0	0	-1	5000001	638437
40	18	4	0	0	-1	5000001	666230
40	18	4	0	0	-1	5000001	695638
40	18	4	0	0	-1	5000001	682420
40	18	4	0	0	1	5000001	718832
40	18	4	0	0	-1	5000001	677847
40	18	4	0	0	-1	5000001	699236
40	17	6	0	0	-1	5000001	672332
40	17	6	0	0	1	5000001	665011
40	18	4	0	0	-1	5000001	628621
40	18	4	0	0	0	5000001	641574
40	18	4	0	0	-1	5000001	623413
40	17	6	0	0	-1	5000001	664163
40	18	4	0	0	-1	5000001	602459
40	17	6	0	0	1	5000001	666624
40	17	6	0	0	-1	5000001	730313
40	17	6	0	0	1	5000001	774656
40	19	2	0	0	-1	5000001	703861
40	18	4	0	0	-1	5000001	681226
40	18	4	0	0	1	5000001	709910
40	17	6	0	0	-1	5000001	701054
40	18	4	0	0	-1	5000001	685751
40	17	6	0	0	-1	5000001	653443
40	17	6	0	0	1	5000001	612018
40	18	4	0	0	-1	5000001	643232
40	17	6	0	0	1	5000001	715553
40	18	4	0	0	1	5000001	698133
40	18	4	0	0	-1	5000001	720298
40	17	6	0	0	1	5000001	708084
40	18	4	0	0	-1	5000001	680998
40	18	4	0	0	-1	5000001	700038
40	17	6	0	0	1	5000001	742272
40	18	4	0	0	-1	5000001	765266
40	18	4	0	0	1	5000001	768364
40	18	4	0	0	-1	5000001	787825
40	17	6	0	0	-1	5000001	784269
40	18	4	0	0	-1	5000001	804185
40	17	6	0	0	1	5000001	844016
40	17	6	0	0	1	5000001	897866
40	17	6	0	0	-1	5000001	856985
40	17	6	0	0	-1	5000001	1026926
40	18	4	0	0	-1	5000001	969403
40	17	6	0	0	-1	5000001	949430
40	17	6	0	0	-1	5000001	977618
40	18	4	0	0	-1	5000001	1008212
40	18	4	0	0	-1	5000001	1076358
40	19	2	0	0	1	5000001	1207930
40	19	2	0	0	-1	5000001	1154596
40	17	6	0	0	-1	5000001	1211859
40	18	4	0	0	-1	5000001	1224928
40	17	6	0	0	1	5000001	1351050
40	17	6	0	0	-1	5000001	1354956
40	18	4	0	0	1	5000001	1555795
40	19	2	0	0	-1	5000001	1914965
40	18	4	0	0	1	5000001	2349091
40	18	4	0	0	-1	5000001	2615717
40	18	4	0	0	-1	5000001	2622188
40	17	6	0	0	-1	5000001	3346549
40	18	4	0	0	-1	5000001	2220879
40	17	6	0	0	1	5000001	976275
40	18	4	0	0	1	5000001	744872
40	18	4	0	0	-1	5000001	738024
40	18	4	0	0	-1	5000001	785729
40	18	4	0	0	1	5000001	803797
40	17	6	0	0	1	5000001	744896
40	17	6	0	0	-1	5000001	796414
40	18	4	0	0	1	5000001	758218
40	18	4	0	0	-1	5000001	799309
40	18	4	0	0	-1	5000001	741636
40	17	6	0	0	-1	5000001	727271
40	17	6	0	0	1	5000001	710690
40	17	6	0	0	-1	5000001	714306
40	18	4	0	0	-1	5000001	721563
40	17	6	0	0	1	5000001	749609
40	18	4	0	0	-1	5000001	722561
40	19	2	0	0	-1	5000001	758153
40	18	4	0	0	-1	5000001	737242
40	17	6	0	0	-1	5000001	796435
40	19	2	0	0	-1	5000001	793966
40	17	6	0	0	-1	5000001	1865322
40	19	2	0	0	-1	5000001	780976
40	18	4	0	0	-1	5000001	1806172
40	18	4	0	0	-1	5000001	775661
40	18	4	0	0	-1	5000001	765848
40	17	6	0	0	1	5000001	722280
40	18	4	0	0	1	5000001	717956
40	17	6	0	0	1	5000001	759369
40	17	6	0	0	-1	5000001	785290
40	17	6	0	0	-1	5000001	797884
40	18	4	0	0	0	5000001	735153
40	17	6	0	0	1	5000001	728393
40	17	6	0	0	1	5000001	1482570
40	18	4	0	0	-1	5000001	694362
40	18	4	0	0	-1	5000001	683374
40	18	4	0	0	-1	5000001	704849
40	17	6	0	0	-1	5000001	768702
40	17	6	0	0	1	5000001	740764
40	18	4	0	0	-1	5000001	762992
40	18	4	0	0	-1	5000001	1615195
40	18	4	0	0	-1	5000001	1517213
40	17	6	0	0	-1	5000001	1614674
40	17	6	0	0	-1	5000001	722569
40	17	6	0	0	-1	5000001	732129
40	18	4	0	0	-1	5000001	752406
40	17	6	0	0	-1	5000001	728593
40	17	6	0	0	1	5000001	759120
40	18	4	0	0	1	5000001	719769
40	18	4	0	0	-1	5000001	715924
40	18	4	0	0	-1	5000001	755204
40	18	4	0	0	-1	5000001	727278
40	17	6	0	0	-1	5000001	690079
40	17	6	0	0	1	5000001	1570946
40	17	6	0	0	-1	5000001	2219940
40	18	4	0	0	1	5000001	1608933
40	17	6	0	0	-1	5000001	1466902
40	17	6	0	0	-1	5000001	738930
40	18	4	0	0	-1	5000001	741036
40	18	4	0	0	1	5000001	758896
40	18	4	0	0	-1	5000001	715952
40	16	8	0	0	1	5000001	728606
40	17	6	0	0	-1	5000001	795725
40	17	6	0	0	-1	5000001	772168
40	17	6	0	0	1	5000001	687964
40	18	4	0	0	-1	5000001	734094
40	18	4	0	0	-1	5000001	1179760
40	18	4	0	0	1	5000001	1549692
40	18	4	0	0	1	5000001	1694929
40	18	4	0	0	1	5000001	1715229
40	18	4	0	0	1	5000001	1542070
40	18	4	0	0	-1	5000001	1698355
40	17	6	0	0	-1	5000001	1772063
40	18	4	0	0	-1	5000001	1709023
40	18	4	0	0	-1	5000001	1698295
40	18	4	0	0	1	5000001	683060
40	18	4	0	0	1	5000001	741873
40	19	2	0	0	-1	5000001	698994
40	17	6	0	0	-1	5000001	759618
40	17	6	0	0	1	5000001	749109
40	18	4	0	0	-1	5000001	726155
40	18	4	0	0	1	5000001	711523
40	17	6	0	0	-1	5000001	751417
40	18	4	0	0	-1	5000001	723350
40	17	6	0	0	-1	5000001	695710
40	18	4	0	0	-1	5000001	762781
40	18	4	0	0	-1	5000001	759725
40	17	6	0	0	1	5000001	753516
40	19	2	0	0	-1	5000001	732568
40	17	6	0	0	-1	5000001	732688
40	18	4	0	0	-1	5000001	680642
40	17	6	0	0	-1	5000001	743269
40	18	4	0	0	1	5000001	648832
40	18	4	0	0	-1	5000001	769160
40	18	4	0	0	-1	5000001	733527
40	18	4	0	0	-1	5000001	739569
40	18	4	0	0	-1	5000001	720147
40	18	4	0	0	-1	5000001	783712
40	17	6	0	0	-1	5000001	711556
