index	P	result	nodes	us
0	9	1	1	0
1	9	0	4	3
2	9	1	1	0
3	9	0	4	0
4	9	1	1	0
5	9	1	1	0
6	9	1	1	0
7	10	1	1	0
8	10	0	5	0
9	10	1	1	0
10	10	0	4	0
11	10	0	4	0
12	10	1	1	0
13	10	0	4	0
14	10	1	1	0
15	10	1	1	0
16	10	1	1	0
17	10	0	4	0
18	10	0	4	0
19	10	1	1	0
20	10	1	1	0
21	10	0	4	0
22	10	1	1	0
23	10	0	6	2
24	10	1	1	0
25	10	1	1	0
26	10	0	4	0
27	10	1	1	0
28	10	1	1	0
29	10	-1	3	0
30	10	1	1	0
31	10	1	1	0
32	10	0	4	0
33	10	-1	3	0
34	10	1	1	0
35	10	0	5	0
36	10	1	1	0
37	10	0	4	0
38	10	0	4	0
39	10	0	4	0
40	10	1	1	0
41	10	1	1	0
42	10	0	4	0
43	10	1	1	0
44	10	0	4	0
45	10	1	1	0
46	10	0	4	0
47	10	1	1	0
48	10	1	1	0
49	10	0	4	0
50	10	1	1	0
51	10	0	4	0
52	10	1	1	0
53	10	1	1	0
54	10	1	1	0
55	10	1	1	0
56	10	1	1	0
57	10	0	4	0
58	10	1	1	0
59	10	0	4	0
60	10	1	1	0
61	10	1	1	0
62	10	0	4	0
63	10	0	4	0
64	10	1	1	0
65	10	1	1	0
66	10	0	4	0
67	10	0	4	0
68	10	1	1	0
69	10	0	4	0
70	10	1	1	0
71	10	1	1	0
72	10	1	1	0
73	10	0	4	0
74	10	0	4	0
75	10	-1	3	0
76	10	0	4	0
77	10	1	1	0
78	10	0	4	0
79	10	1	1	0
80	10	1	1	0
81	10	1	1	0
82	10	1	1	0
83	10	1	1	0
84	10	1	1	0
85	10	0	4	0
86	10	1	1	0
87	10	1	1	0
88	10	0	4	0
89	10	1	1	0
90	10	1	1	0
91	10	0	4	0
92	10	1	1	0
93	10	0	4	0
94	10	1	1	0
95	10	1	1	0
96	10	1	1	0
97	10	1	1	0
98	10	1	1	0
99	10	1	1	0
100	10	1	1	0
101	10	1	1	0
102	10	1	1	0
103	10	1	1	0
104	10	1	1	0
105	10	1	1	0
106	10	-1	3	0
107	10	1	1	0
108	10	1	1	0
109	10	1	1	0
110	10	1	1	0
111	10	1	1	0
112	10	1	1	0
113	10	1	1	0
114	10	1	1	0
115	10	1	1	0
116	10	1	1	0
117	10	0	4	0
118	10	1	1	0
119	10	1	1	0
120	10	1	1	0
121	10	1	1	0
122	10	0	4	0
123	10	1	1	0
124	10	0	4	0
125	10	1	1	0
126	10	0	6	0
127	10	0	4	0
128	10	0	4	0
129	10	1	1	0
130	10	0	4	0
131	10	1	1	0
132	10	1	1	0
133	10	1	1	0
134	10	1	1	0
135	10	0	5	0
136	10	1	1	0
137	10	1	1	0
138	10	1	1	0
139	10	1	1	0
140	10	1	1	0
141	10	1	1	0
142	10	1	1	0
143	10	1	1	0
144	10	0	4	0
145	10	1	1	0
146	10	1	1	0
147	10	1	1	0
148	10	1	1	0
149	10	1	1	0
150	10	0	4	0
151	10	0	4	0
152	10	0	4	0
153	10	1	1	0
154	10	1	1	0
155	10	1	1	0
156	10	1	1	0
157	10	0	4	0
158	10	0	4	0
159	10	0	4	0
160	10	0	5	0
161	10	1	1	0
162	10	1	1	0
163	10	0	4	0
164	10	0	4	0
165	10	1	1	0
166	10	1	1	0
167	10	-1	3	0
168	10	0	4	0
169	10	1	1	0
170	10	0	4	0
171	11	1	1	0
172	11	1	1	0
173	11	1	1	0
174	11	0	4	0
175	11	1	1	0
176	11	1	1	0
177	11	-1	3	0
178	11	1	1	0
179	11	1	1	0
180	11	-1	3	0
181	11	1	1	0
182	11	1	1	0
183	11	1	1	0
184	11	1	1	0
185	11	1	1	0
186	11	-1	3	0
187	11	0	4	0
188	11	1	1	0
189	11	0	6	0
190	11	1	1	0
191	11	0	6	0
192	11	1	1	0
193	11	0	4	0
194	11	1	1	0
195	11	1	1	0
196	11	-1	3	0
197	11	1	1	0
198	11	1	1	0
199	11	1	1	0
200	11	1	1	0
201	11	-1	3	0
202	11	-1	3	0
203	11	1	1	0
204	11	-1	3	0
205	11	1	1	0
206	11	1	1	0
207	11	-1	4	0
208	11	1	1	0
209	11	1	1	0
210	11	1	1	0
211	11	1	1	0
212	11	1	1	0
213	11	1	1	0
214	11	0	4	0
215	11	1	1	0
216	11	0	6	0
217	11	1	1	0
218	11	1	1	0
219	11	1	1	0
220	11	1	1	0
221	11	0	4	0
222	11	0	4	0
223	11	0	6	0
224	11	1	1	0
225	11	1	1	0
226	11	-1	3	0
227	11	1	1	0
228	11	0	4	0
229	11	-1	3	0
230	11	1	1	0
231	11	0	7	0
232	11	0	4	0
233	11	1	1	0
234	11	1	1	0
235	11	1	1	0
236	11	0	4	0
237	11	1	1	0
238	11	1	1	0
239	11	1	1	0
240	11	1	1	0
241	11	1	1	0
242	11	1	1	0
243	11	0	4	0
244	11	1	1	0
245	11	0	4	0
246	11	0	8	0
247	11	1	1	0
248	11	1	1	0
249	11	1	1	0
250	11	1	1	0
251	11	-1	4	0
252	11	1	1	0
253	11	1	1	0
254	11	1	1	0
255	11	0	7	0
256	11	1	1	0
257	11	1	1	0
258	11	1	1	0
259	11	1	1	0
260	11	1	1	0
261	11	1	1	0
262	11	1	1	0
263	11	1	1	0
264	11	1	1	0
265	11	-1	4	0
266	11	1	1	0
267	11	1	1	0
268	11	1	1	0
269	11	1	1	0
270	11	-1	3	0
271	11	1	1	0
272	11	1	1	0
273	11	1	1	0
274	11	1	1	0
275	11	1	1	0
276	11	1	1	0
277	11	-1	3	0
278	11	1	1	0
279	11	0	4	0
280	11	1	1	0
281	11	1	1	0
282	11	1	1	0
283	11	1	1	0
284	11	0	4	0
285	11	1	1	0
286	11	1	1	0
287	11	0	11	0
288	11	1	1	0
289	11	1	1	0
290	11	1	1	0
291	11	1	1	0
292	11	1	1	0
293	11	1	1	0
294	11	1	1	0
295	11	-1	3	0
296	11	1	1	0
297	11	0	4	0
298	11	1	1	0
299	11	0	4	0
300	11	0	4	0
301	11	0	6	0
302	11	1	1	0
303	11	0	4	0
304	11	0	6	0
305	11	1	1	0
306	11	0	4	0
307	11	1	1	0
308	11	1	1	0
309	11	1	1	0
310	11	1	1	0
311	11	1	1	0
312	11	1	1	0
313	11	1	1	0
314	11	1	1	0
315	11	1	1	0
316	11	1	1	0
317	11	1	1	0
318	11	0	6	0
319	11	1	1	0
320	11	1	1	0
321	11	0	6	0
322	11	1	1	0
323	11	0	4	0
324	11	1	1	0
325	11	1	1	0
326	11	-1	3	0
327	11	1	1	0
328	11	0	4	0
329	11	0	6	0
330	11	0	4	0
331	11	1	1	0
332	11	1	1	0
333	11	0	4	0
334	11	1	1	0
335	11	1	1	0
336	11	1	1	0
337	11	1	1	0
338	11	-1	7	1
339	11	1	1	0
340	11	-1	6	1
341	11	0	4	0
342	11	1	1	0
343	11	1	1	0
344	11	1	1	0
345	11	0	9	0
346	11	1	1	0
347	11	1	1	0
348	11	-1	3	0
349	11	1	1	0
350	11	1	1	0
351	11	1	1	0
352	11	1	1	0
353	11	0	4	0
354	11	1	1	0
355	11	1	1	0
356	11	1	1	0
357	11	0	6	0
358	11	1	1	0
359	11	1	1	0
360	11	1	1	0
361	11	1	1	0
362	11	1	1	0
363	11	1	1	0
364	11	1	1	0
365	11	1	1	0
366	11	1	1	0
367	11	1	1	0
368	11	1	1	0
369	11	0	4	0
370	11	1	1	0
371	11	1	1	0
372	11	-1	4	0
373	11	1	1	0
374	11	-1	3	0
375	11	1	1	0
376	11	1	1	0
377	11	1	1	0
378	11	1	1	0
379	11	1	1	0
380	11	1	1	0
381	11	1	1	0
382	11	1	1	0
383	11	1	1	0
384	11	1	1	0
385	11	0	8	0
386	11	1	1	0
387	11	1	1	0
388	11	-1	3	0
389	11	0	4	0
390	11	1	1	0
391	11	0	4	0
392	11	-1	3	0
393	11	0	6	0
394	11	1	1	0
395	11	1	1	0
396	11	0	4	0
397	11	1	1	0
398	11	1	1	0
399	11	1	1	0
400	11	1	1	0
401	11	1	1	0
402	11	1	1	0
403	11	1	1	0
404	11	1	1	0
405	11	1	1	0
406	11	1	1	0
407	11	-1	4	0
408	11	0	4	0
409	11	1	1	0
410	11	1	1	0
411	11	1	1	0
412	11	1	1	0
413	11	0	4	0
414	11	1	1	0
415	11	0	4	0
416	11	1	1	0
417	11	0	4	0
418	11	0	4	0
419	11	1	1	0
420	11	1	1	0
421	11	1	1	0
422	11	-1	3	0
423	11	1	1	0
424	11	0	4	0
425	11	0	4	0
426	11	1	1	0
427	11	1	1	0
428	11	1	1	0
429	11	-1	3	0
430	11	1	1	0
431	11	1	1	0
432	11	1	1	0
433	11	0	4	0
434	11	0	4	0
435	11	1	1	0
436	11	0	11	0
437	11	1	1	0
438	11	1	1	0
439	11	0	4	0
440	11	0	4	0
441	11	1	1	0
442	11	1	1	0
443	11	1	1	0
444	11	1	1	0
445	11	1	1	0
446	11	0	6	0
447	11	1	1	0
448	11	1	1	0
449	11	1	1	0
450	11	1	1	0
451	11	0	5	0
452	11	-1	3	0
453	11	1	1	0
454	11	1	1	0
455	11	1	1	0
456	11	1	1	0
457	11	1	1	0
458	11	1	1	0
459	11	1	1	0
460	11	1	1	0
461	11	1	1	0
462	11	1	1	0
463	11	1	1	0
464	11	1	1	0
465	11	-1	3	0
466	11	1	1	0
467	11	-1	3	0
468	11	1	1	0
469	11	1	1	0
470	11	1	1	0
471	12	1	1	0
472	12	1	1	0
473	12	1	1	0
474	12	1	1	0
475	12	1	1	0
476	12	1	3	0
477	12	1	1	0
478	12	1	1	0
479	12	1	1	0
480	12	-1	3	0
481	12	1	1	0
482	12	1	1	0
483	12	1	1	0
484	12	1	1	0
485	12	1	1	0
486	12	0	6	0
487	12	1	1	0
488	12	1	1	0
489	12	1	1	0
490	12	1	1	0
491	12	1	1	0
492	12	1	1	0
493	12	1	1	0
494	12	1	1	0
495	12	1	1	0
496	12	-1	3	0
497	12	1	1	0
498	12	1	1	0
499	12	1	1	0
500	12	1	1	0
501	12	1	1	0
502	12	-1	3	0
503	12	1	1	0
504	12	0	4	0
505	12	1	1	0
506	12	1	1	0
507	12	-1	3	0
508	12	1	1	0
509	12	1	1	0
510	12	1	1	0
511	12	1	1	0
512	12	1	1	0
513	12	-1	4	0
514	12	1	1	0
515	12	-1	3	0
516	12	0	6	0
517	12	-1	4	0
518	12	0	6	0
519	12	1	1	0
520	12	-1	3	0
521	12	-1	3	0
522	12	1	1	0
523	12	1	1	0
524	12	0	4	0
525	12	1	1	0
526	12	1	1	0
527	12	1	1	0
528	12	1	6	2
529	12	0	4	0
530	12	1	1	0
531	12	1	1	0
532	12	1	1	0
533	12	-1	3	0
534	12	1	1	0
535	12	-1	3	0
536	12	1	1	0
537	12	1	1	0
538	12	-1	12	2
539	12	1	1	0
540	12	1	1	0
541	12	1	1	0
542	12	1	1	0
543	12	1	1	0
544	12	0	9	0
545	12	1	1	0
546	12	1	4	0
547	12	1	1	0
548	12	1	1	0
549	12	1	1	0
550	12	1	1	0
551	12	1	1	0
552	12	-1	4	0
553	12	1	1	0
554	12	1	1	0
555	12	-1	3	0
556	12	1	4	0
557	12	1	1	0
558	12	1	1	0
559	12	1	1	0
560	12	-1	3	0
561	12	-1	3	0
562	12	1	1	0
563	12	1	1	0
564	12	1	1	0
565	12	-1	3	0
566	12	0	4	0
567	12	0	4	0
568	12	1	1	0
569	12	1	1	0
570	12	1	1	0
571	12	-1	6	1
572	12	1	1	0
573	12	-1	12	2
574	12	0	4	0
575	12	-1	3	0
576	12	1	1	0
577	12	0	4	0
578	12	1	1	0
579	12	1	1	0
580	12	-1	4	0
581	12	-1	3	0
582	12	1	1	0
583	12	-1	3	0
584	12	1	1	0
585	12	1	1	0
586	12	1	1	0
587	12	-1	3	0
588	12	1	1	0
589	12	1	1	0
590	12	1	1	0
591	12	1	1	0
592	12	1	4	0
593	12	-1	3	0
594	12	-1	3	0
595	12	1	1	0
596	12	1	1	0
597	12	-1	3	0
598	12	1	1	0
599	12	1	1	0
600	12	1	1	0
601	12	1	1	0
602	12	1	1	0
603	12	0	4	0
604	12	1	1	0
605	12	1	1	0
606	12	1	1	0
607	12	1	1	0
608	12	1	1	0
609	12	-1	3	0
610	12	1	1	0
611	12	-1	4	0
612	12	1	1	0
613	12	1	1	0
614	12	-1	3	0
615	12	1	1	0
616	12	-1	3	0
617	12	0	4	0
618	12	1	1	0
619	12	-1	12	2
620	12	1	1	0
621	12	1	1	0
622	12	1	1	0
623	12	1	1	0
624	12	1	1	0
625	12	1	1	0
626	12	1	3	0
627	12	1	1	0
628	12	0	6	0
629	12	1	1	0
630	12	1	1	0
631	12	1	1	0
632	12	-1	3	0
633	12	1	1	0
634	12	1	3	0
635	12	1	1	0
636	12	1	1	0
637	12	1	1	0
638	12	1	1	0
639	12	1	1	0
640	12	-1	3	0
641	12	1	1	0
642	12	1	1	0
643	12	1	1	0
644	12	1	1	0
645	12	1	1	0
646	12	1	1	0
647	12	1	1	0
648	12	1	5	0
649	12	-1	3	0
650	12	1	1	0
651	12	1	1	0
652	12	1	1	0
653	12	1	1	0
654	12	1	1	0
655	12	-1	3	0
656	12	1	1	0
657	12	1	1	0
658	12	-1	4	0
659	12	1	1	0
660	12	-1	3	0
661	12	0	6	0
662	12	1	1	0
663	12	1	1	0
664	12	1	1	0
665	12	1	1	0
666	12	-1	3	0
667	12	0	4	0
668	12	1	1	0
669	12	-1	3	0
670	12	1	1	0
671	12	1	1	0
672	12	1	1	0
673	12	1	1	0
674	12	-1	3	0
675	12	1	1	0
676	12	1	1	0
677	12	1	1	0
678	12	0	9	0
679	12	1	1	0
680	12	1	1	0
681	12	1	1	0
682	12	1	1	0
683	12	1	1	0
684	12	0	7	0
685	12	-1	11	2
686	12	-1	3	0
687	12	1	1	0
688	12	1	1	0
689	12	1	1	0
690	12	1	1	0
691	12	1	1	0
692	12	1	1	0
693	12	0	12	0
694	12	-1	3	0
695	12	1	1	0
696	12	0	8	0
697	12	1	1	0
698	12	1	1	0
699	12	1	1	0
700	12	1	1	0
701	12	-1	3	0
702	12	1	1	0
703	12	1	1	0
704	12	-1	3	0
705	12	-1	3	0
706	12	-1	3	0
707	12	1	1	0
708	12	-1	3	0
709	12	-1	3	0
710	12	-1	3	0
711	12	-1	3	0
712	12	-1	4	0
713	12	1	1	0
714	12	-1	3	0
715	12	1	1	0
716	12	1	1	0
717	12	0	5	0
718	12	-1	3	0
719	12	1	1	0
720	12	1	1	0
721	12	-1	5	0
722	12	1	1	0
723	12	1	1	0
724	12	1	1	0
725	12	1	1	0
726	12	1	1	0
727	12	1	1	0
728	12	-1	3	0
729	12	1	1	0
730	12	1	1	0
731	12	1	1	0
732	12	1	1	0
733	12	1	1	0
734	12	1	1	0
735	12	1	1	0
736	12	1	1	0
737	12	1	1	0
738	12	-1	3	0
739	12	0	8	0
740	12	1	1	0
741	12	1	1	0
742	12	-1	12	2
743	12	1	1	0
744	12	0	4	0
745	12	1	1	0
746	12	1	1	0
747	12	-1	3	0
748	12	1	1	0
749	12	1	1	0
750	12	-1	3	0
751	12	1	1	0
752	12	1	1	0
753	12	1	1	0
754	12	1	1	0
755	12	0	18	2
756	12	1	1	0
757	12	-1	3	0
758	12	1	1	0
759	12	1	1	0
760	12	1	1	0
761	12	1	1	0
762	12	1	1	0
763	12	0	4	0
764	12	1	1	0
765	12	1	1	0
766	12	-1	3	0
767	12	-1	3	0
768	12	1	1	0
769	12	1	1	0
770	12	1	1	0
771	13	-1	6	1
772	13	1	1	0
773	13	0	7	0
774	13	1	1	0
775	13	1	1	0
776	13	1	5	1
777	13	1	1	0
778	13	0	4	0
779	13	1	1	0
780	13	-1	3	0
781	13	1	1	0
782	13	1	1	0
783	13	1	5	1
784	13	1	1	0
785	13	-1	3	0
786	13	1	1	0
787	13	-1	4	0
788	13	-1	3	0
789	13	1	1	0
790	13	-1	3	0
791	13	1	1	0
792	13	1	1	0
793	13	1	1	0
794	13	1	1	0
795	13	1	1	0
796	13	-1	3	0
797	13	1	1	0
798	13	-1	3	0
799	13	1	1	0
800	13	1	1	0
801	13	1	1	0
802	13	1	1	0
803	13	1	1	0
804	13	-1	3	0
805	13	1	1	0
806	13	1	1	0
807	13	-1	3	0
808	13	-1	3	0
809	13	-1	3	0
810	13	-1	4	0
811	13	1	1	0
812	13	0	7	0
813	13	0	16	3
814	13	1	1	0
815	13	1	1	0
816	13	1	1	1
817	13	1	1	0
818	13	-1	4	0
819	13	1	5	0
820	13	0	8	0
821	13	-1	3	0
822	13	-1	3	0
823	13	1	1	0
824	13	1	1	0
825	13	-1	5	0
826	13	1	1	0
827	13	1	1	0
828	13	0	8	0
829	13	-1	12	2
830	13	1	1	0
831	13	0	4	0
832	13	1	1	0
833	13	0	11	0
834	13	-1	3	0
835	13	1	1	0
836	13	1	1	0
837	13	1	1	0
838	13	1	1	0
839	13	1	1	0
840	13	-1	3	0
841	13	1	1	0
842	13	1	1	0
843	13	1	1	0
844	13	-1	3	0
845	13	1	1	0
846	13	1	1	0
847	13	-1	3	0
848	13	-1	11	2
849	13	1	1	0
850	13	1	1	0
851	13	-1	4	0
852	13	1	1	0
853	13	-1	3	0
854	13	1	1	0
855	13	-1	4	0
856	13	-1	3	0
857	13	1	1	0
858	13	-1	4	0
859	13	-1	3	0
860	13	-1	3	0
861	13	-1	4	0
862	13	1	1	0
863	13	-1	11	2
864	13	1	1	0
865	13	1	1	0
866	13	1	1	0
867	13	1	1	0
868	13	1	1	0
869	13	0	8	0
870	13	1	1	0
871	13	1	1	0
872	13	-1	3	0
873	13	-1	12	3
874	13	-1	13	3
875	13	1	1	0
876	13	-1	3	0
877	13	-1	3	0
878	13	1	1	0
879	13	1	1	0
880	13	1	1	0
881	13	1	3	0
882	13	1	1	0
883	13	0	6	0
884	13	1	1	0
885	13	0	9	0
886	13	1	1	0
887	13	1	1	0
888	13	-1	11	2
889	13	1	1	0
890	13	1	1	0
891	13	1	1	0
892	13	1	7	1
893	13	1	1	0
894	13	0	9	1
895	13	1	1	0
896	13	1	1	0
897	13	1	1	0
898	13	1	1	0
899	13	-1	10	1
900	13	1	1	0
901	13	1	1	0
902	13	1	3	1
903	13	1	1	0
904	13	1	1	0
905	13	1	1	0
906	13	1	1	0
907	13	-1	3	0
908	13	1	1	0
909	13	-1	3	0
910	13	1	1	0
911	13	-1	4	0
912	13	1	1	0
913	13	-1	3	0
914	13	1	1	0
915	13	-1	12	1
916	13	-1	3	0
917	13	1	1	0
918	13	1	1	0
919	13	1	1	0
920	13	-1	6	1
921	13	1	1	0
922	13	1	1	0
923	13	1	1	0
924	13	-1	3	0
925	13	1	1	0
926	13	1	3	0
927	13	-1	12	2
928	13	1	1	0
929	13	1	1	0
930	13	-1	3	0
931	13	-1	3	0
932	13	1	5	1
933	13	1	4	0
934	13	1	1	0
935	13	-1	3	0
936	13	0	5	0
937	13	1	3	0
938	13	1	1	0
939	13	-1	3	0
940	13	-1	3	0
941	13	-1	4	0
942	13	1	1	0
943	13	1	1	0
944	13	-1	3	0
945	13	-1	4	0
946	13	1	3	0
947	13	1	1	0
948	13	-1	12	1
949	13	-1	3	0
950	13	-1	3	0
951	13	1	6	6
952	13	1	1	0
953	13	0	8	0
954	13	1	1	0
955	13	1	1	0
956	13	1	1	0
957	13	1	3	0
958	13	1	1	0
959	13	-1	4	0
960	13	-1	3	0
961	13	1	1	0
962	13	0	4	0
963	13	-1	6	1
964	13	-1	3	0
965	13	1	1	0
966	13	-1	3	0
967	13	-1	13	2
968	13	-1	3	0
969	13	1	1	0
970	13	1	1	0
971	13	1	1	0
972	13	1	1	0
973	13	1	1	0
974	13	-1	4	0
975	13	1	3	0
976	13	1	1	0
977	13	1	1	0
978	13	1	1	0
979	13	1	1	0
980	13	0	16	2
981	13	1	3	0
982	13	0	4	0
983	13	1	1	0
984	13	1	4	1
985	13	-1	4	0
986	13	-1	3	0
987	13	1	1	0
988	13	-1	3	0
989	13	1	1	0
990	13	1	1	0
991	13	-1	3	0
992	13	-1	3	0
993	13	1	1	0
994	13	1	1	0
995	13	1	4	0
996	13	1	1	0
997	13	-1	19	3
998	13	-1	3	0
999	13	1	1	0
1000	13	1	1	0
1001	13	1	1	0
1002	13	-1	4	0
1003	13	-1	3	0
1004	13	1	1	0
1005	13	1	1	0
1006	13	1	3	0
1007	13	1	1	0
1008	13	1	1	0
1009	13	-1	3	0
1010	13	1	1	0
1011	13	1	1	0
1012	13	1	1	0
1013	13	1	3	0
1014	13	1	1	0
1015	13	1	1	0
1016	13	-1	3	0
1017	13	-1	4	0
1018	13	1	3	0
1019	13	1	1	0
1020	13	1	1	0
1021	13	1	1	0
1022	13	0	7	0
1023	13	1	1	0
1024	13	-1	4	0
1025	13	-1	3	0
1026	13	1	1	0
1027	13	1	1	0
1028	13	-1	3	0
1029	13	1	1	3
1030	13	-1	3	2
1031	13	-1	4	1
1032	13	-1	3	0
1033	13	1	1	0
1034	13	1	1	0
1035	13	1	1	0
1036	13	1	1	0
1037	13	1	1	0
1038	13	1	1	0
1039	13	-1	3	0
1040	13	-1	3	0
1041	13	-1	3	0
1042	13	-1	3	0
1043	13	-1	5	1
1044	13	1	1	0
1045	13	1	1	0
1046	13	1	1	0
1047	13	1	1	0
1048	13	1	1	0
1049	13	-1	3	0
1050	13	1	5	5
1051	13	0	4	0
1052	13	-1	4	1
1053	13	1	1	0
1054	13	-1	3	0
1055	13	1	1	0
1056	13	1	1	0
1057	13	1	4	1
1058	13	1	1	0
1059	13	1	1	0
1060	13	-1	3	0
1061	13	1	1	0
1062	13	1	1	0
1063	13	1	3	0
1064	13	-1	13	3
1065	13	1	6	3
1066	13	1	1	0
1067	13	1	1	0
1068	13	1	1	0
1069	13	-1	3	0
1070	13	-1	3	0
1071	14	1	1	0
1072	14	-1	3	0
1073	14	1	1	0
1074	14	1	3	0
1075	14	-1	3	0
1076	14	1	6	1
1077	14	1	4	0
1078	14	1	4	1
1079	14	-1	3	0
1080	14	-1	8	2
1081	14	1	16	3
1082	14	1	1	0
1083	14	-1	14	3
1084	14	-1	4	0
1085	14	1	1	0
1086	14	-1	3	0
1087	14	1	1	0
1088	14	-1	3	0
1089	14	1	1	0
1090	14	1	1	0
1091	14	1	1	0
1092	14	-1	4	1
1093	14	1	4	0
1094	14	1	1	0
1095	14	1	3	0
1096	14	-1	4	0
1097	14	1	1	0
1098	14	1	1	0
1099	14	-1	6	0
1100	14	1	1	0
1101	14	-1	5	0
1102	14	1	1	0
1103	14	1	1	0
1104	14	1	1	0
1105	14	-1	4	0
1106	14	0	6	0
1107	14	1	3	0
1108	14	1	1	0
1109	14	1	3	0
1110	14	-1	3	0
1111	14	1	1	0
1112	14	-1	11	2
1113	14	-1	14	3
1114	14	1	4	1
1115	14	1	1	0
1116	14	0	10	1
1117	14	1	13	3
1118	14	-1	3	0
1119	14	1	1	0
1120	14	1	1	0
1121	14	-1	3	0
1122	14	-1	11	2
1123	14	-1	17	4
1124	14	1	1	0
1125	14	-1	3	0
1126	14	-1	5	0
1127	14	1	16	3
1128	14	-1	12	3
1129	14	1	1	0
1130	14	0	9	0
1131	14	1	1	0
1132	14	-1	3	0
1133	14	1	1	0
1134	14	1	4	0
1135	14	1	1	0
1136	14	1	1	0
1137	14	-1	7	1
1138	14	-1	4	0
1139	14	-1	4	0
1140	14	-1	4	0
1141	14	-1	4	0
1142	14	1	1	0
1143	14	1	1	0
1144	14	1	3	0
1145	14	1	1	0
1146	14	0	17	3
1147	14	1	1	0
1148	14	-1	3	0
1149	14	-1	4	0
1150	14	1	1	0
1151	14	-1	11	2
1152	14	1	1	0
1153	14	1	1	0
1154	14	0	6	0
1155	14	1	1	0
1156	14	1	1	0
1157	14	-1	11	2
1158	14	1	4	0
1159	14	1	1	0
1160	14	1	3	0
1161	14	1	1	0
1162	14	1	3	0
1163	14	1	1	0
1164	14	-1	3	0
1165	14	1	1	0
1166	14	-1	4	1
1167	14	-1	3	0
1168	14	1	1	0
1169	14	1	1	0
1170	14	1	1	0
1171	14	1	1	0
1172	14	0	17	3
1173	14	1	1	0
1174	14	1	3	0
1175	14	-1	3	0
1176	14	1	1	0
1177	14	0	4	0
1178	14	1	1	0
1179	14	1	1	0
1180	14	1	1	0
1181	14	1	1	0
1182	14	1	1	0
1183	14	-1	4	0
1184	14	1	5	1
1185	14	1	1	0
1186	14	-1	3	0
1187	14	-1	4	0
1188	14	-1	4	0
1189	14	-1	4	0
1190	14	1	1	0
1191	14	1	1	0
1192	14	-1	4	0
1193	14	1	1	0
1194	14	1	3	0
1195	14	-1	3	0
1196	14	-1	17	4
1197	14	1	1	0
1198	14	1	1	0
1199	14	-1	3	0
1200	14	-1	3	0
1201	14	1	1	0
1202	14	-1	3	0
1203	14	-1	3	0
1204	14	0	21	5
1205	14	1	5	1
1206	14	-1	3	0
1207	14	-1	3	0
1208	14	1	1	0
1209	14	1	1	0
1210	14	1	3	0
1211	14	1	1	0
1212	14	1	16	3
1213	14	-1	10	1
1214	14	-1	3	0
1215	14	-1	5	1
1216	14	1	1	0
1217	14	1	1	0
1218	14	1	1	0
1219	14	-1	8	1
1220	14	0	15	3
1221	14	-1	3	0
1222	14	-1	8	1
1223	14	1	18	4
1224	14	1	1	0
1225	14	0	30	7
1226	14	0	9	0
1227	14	1	1	0
1228	14	1	1	0
1229	14	1	1	0
1230	14	1	1	0
1231	14	-1	3	0
1232	14	1	7	1
1233	14	1	1	0
1234	14	-1	4	0
1235	14	-1	3	0
1236	14	-1	3	0
1237	14	1	1	0
1238	14	-1	10	2
1239	14	1	1	0
1240	14	1	3	0
1241	14	1	4	0
1242	14	1	3	0
1243	14	-1	13	3
1244	14	1	1	0
1245	14	-1	18	4
1246	14	1	8	1
1247	14	1	1	0
1248	14	1	1	0
1249	14	-1	3	0
1250	14	1	1	0
1251	14	1	3	0
1252	14	-1	4	0
1253	14	1	1	0
1254	14	1	1	0
1255	14	-1	17	3
1256	14	1	1	0
1257	14	-1	3	0
1258	14	-1	7	1
1259	14	-1	3	0
1260	14	1	1	0
1261	14	-1	3	0
1262	14	1	1	0
1263	14	-1	4	0
1264	14	1	1	0
1265	14	-1	3	0
1266	14	-1	17	3
1267	14	0	4	0
1268	14	1	4	0
1269	14	-1	3	0
1270	14	-1	3	0
1271	14	1	1	0
1272	14	0	7	0
1273	14	-1	3	0
1274	14	1	1	0
1275	14	1	5	1
1276	14	-1	4	0
1277	14	1	3	0
1278	14	-1	4	0
1279	14	-1	13	2
1280	14	1	1	0
1281	14	1	1	0
1282	14	0	6	0
1283	14	1	4	0
1284	14	-1	3	0
1285	14	1	3	0
1286	14	1	1	0
1287	14	0	6	0
1288	14	-1	14	3
1289	14	0	33	6
1290	14	-1	4	0
1291	14	-1	3	0
1292	14	-1	4	0
1293	14	-1	3	0
1294	14	1	1	0
1295	14	1	1	0
1296	14	-1	3	0
1297	14	1	5	1
1298	14	1	1	0
1299	14	1	1	0
1300	14	1	17	4
1301	14	-1	12	2
1302	14	1	1	0
1303	14	-1	3	0
1304	14	-1	3	0
1305	14	-1	4	0
1306	14	-1	11	2
1307	14	-1	10	2
1308	14	-1	5	0
1309	14	-1	4	0
1310	14	1	1	0
1311	14	1	12	2
1312	14	-1	3	0
1313	14	-1	3	0
1314	14	1	1	0
1315	14	1	1	0
1316	14	1	4	0
1317	14	1	1	0
1318	14	-1	3	0
1319	14	1	1	0
1320	14	-1	3	0
1321	14	1	3	0
1322	14	1	1	0
1323	14	-1	11	2
1324	14	0	20	2
1325	14	1	1	0
1326	14	1	1	0
1327	14	1	5	1
1328	14	1	3	0
1329	14	1	1	0
1330	14	1	1	0
1331	14	1	4	0
1332	14	1	1	0
1333	14	1	3	1
1334	14	1	1	0
1335	14	-1	11	2
1336	14	1	3	0
1337	14	1	8	1
1338	14	1	1	0
1339	14	1	1	0
1340	14	-1	3	0
1341	14	1	3	0
1342	14	1	1	0
1343	14	-1	3	0
1344	14	-1	3	0
1345	14	1	1	0
1346	14	1	1	0
1347	14	1	9	2
1348	14	-1	14	3
1349	14	1	1	0
1350	14	1	3	0
1351	14	-1	3	0
1352	14	1	5	0
1353	14	-1	5	1
1354	14	0	19	3
1355	14	1	1	0
1356	14	1	1	0
1357	14	1	1	0
1358	14	1	1	0
1359	14	1	1	0
1360	14	1	3	0
1361	14	-1	13	2
1362	14	-1	18	3
1363	14	-1	12	2
1364	14	0	29	5
1365	14	-1	14	3
1366	14	-1	3	0
1367	14	-1	4	0
1368	14	1	1	0
1369	14	1	1	0
1370	14	1	1	0
1371	15	-1	3	0
1372	15	1	1	0
1373	15	1	1	0
1374	15	-1	3	0
1375	15	-1	11	2
1376	15	-1	14	3
1377	15	-1	4	0
1378	15	1	10	1
1379	15	1	1	0
1380	15	-1	8	1
1381	15	1	1	0
1382	15	1	51	11
1383	15	1	9	1
1384	15	0	43	8
1385	15	1	1	0
1386	15	1	15	4
1387	15	-1	3	0
1388	15	0	7	0
1389	15	1	1	0
1390	15	-1	3	0
1391	15	-1	5	0
1392	15	1	1	0
1393	15	1	23	6
1394	15	-1	28	6
1395	15	-1	3	0
1396	15	-1	16	3
1397	15	-1	5	1
1398	15	-1	4	0
1399	15	-1	3	0
1400	15	-1	10	2
1401	15	1	3	0
1402	15	-1	3	1
1403	15	1	4	1
1404	15	-1	27	5
1405	15	0	22	4
1406	15	-1	12	2
1407	15	1	1	0
1408	15	-1	11	2
1409	15	1	1	0
1410	15	-1	27	6
1411	15	1	1	0
1412	15	-1	18	4
1413	15	1	5	0
1414	15	1	1	0
1415	15	1	1	0
1416	15	-1	4	0
1417	15	1	1	0
1418	15	1	14	2
1419	15	1	1	0
1420	15	0	24	3
1421	15	-1	3	0
1422	15	-1	3	0
1423	15	1	1	0
1424	15	-1	15	3
1425	15	-1	3	0
1426	15	1	3	0
1427	15	1	1	0
1428	15	-1	3	0
1429	15	1	1	0
1430	15	-1	3	0
1431	15	-1	16	3
1432	15	-1	6	1
1433	15	-1	10	1
1434	15	-1	11	2
1435	15	1	18	3
1436	15	-1	6	1
1437	15	-1	10	2
1438	15	1	1	0
1439	15	1	1	0
1440	15	1	1	0
1441	15	-1	16	3
1442	15	1	1	0
1443	15	1	6	1
1444	15	0	7	0
1445	15	1	6	1
1446	15	-1	3	0
1447	15	-1	3	0
1448	15	-1	3	0
1449	15	1	1	0
1450	15	-1	5	1
1451	15	-1	11	2
1452	15	-1	12	2
1453	15	-1	5	0
1454	15	-1	13	2
1455	15	-1	35	7
1456	15	-1	11	2
1457	15	1	1	0
1458	15	-1	12	2
1459	15	1	3	0
1460	15	1	1	0
1461	15	-1	19	4
1462	15	1	3	0
1463	15	-1	28	6
1464	15	1	1	0
1465	15	1	1	0
1466	15	-1	9	1
1467	15	-1	3	0
1468	15	1	1	0
1469	15	-1	11	6
1470	15	-1	5	1
1471	15	-1	3	0
1472	15	1	1	0
1473	15	-1	5	0
1474	15	-1	3	0
1475	15	1	5	0
1476	15	-1	13	3
1477	15	1	1	0
1478	15	-1	9	2
1479	15	1	1	0
1480	15	-1	12	2
1481	15	-1	26	5
1482	15	1	14	3
1483	15	1	1	0
1484	15	1	3	0
1485	15	1	1	0
1486	15	1	1	0
1487	15	1	1	0
1488	15	1	3	0
1489	15	-1	3	0
1490	15	-1	5	0
1491	15	-1	12	2
1492	15	-1	3	0
1493	15	1	6	1
1494	15	1	1	0
1495	15	1	1	0
1496	15	-1	5	1
1497	15	1	22	5
1498	15	-1	17	3
1499	15	0	13	2
1500	15	-1	7	1
1501	15	1	3	0
1502	15	1	1	0
1503	15	1	1	0
1504	15	1	3	0
1505	15	-1	31	6
1506	15	-1	4	0
1507	15	-1	5	0
1508	15	1	4	1
1509	15	1	1	0
1510	15	-1	4	0
1511	15	-1	11	2
1512	15	-1	11	2
1513	15	1	1	0
1514	15	1	1	0
1515	15	1	17	3
1516	15	1	1	0
1517	15	1	1	0
1518	15	1	1	0
1519	15	-1	3	0
1520	15	-1	15	3
1521	15	1	1	0
1522	15	1	1	0
1523	15	-1	3	0
1524	15	1	6	1
1525	15	-1	3	0
1526	15	-1	14	3
1527	15	1	4	1
1528	15	1	22	5
1529	15	1	1	0
1530	15	-1	4	0
1531	15	-1	11	2
1532	15	-1	13	2
1533	15	-1	4	0
1534	15	0	20	3
1535	15	1	1	0
1536	15	-1	5	0
1537	15	-1	3	0
1538	15	1	1	0
1539	15	1	22	3
1540	15	1	26	5
1541	15	-1	11	2
1542	15	1	1	0
1543	15	-1	3	0
1544	15	-1	4	0
1545	15	-1	12	1
1546	15	-1	11	2
1547	15	1	18	4
1548	15	1	1	0
1549	15	1	1	0
1550	15	1	16	4
1551	15	1	1	0
1552	15	-1	15	3
1553	15	-1	3	0
1554	15	1	3	0
1555	15	1	3	0
1556	15	0	21	4
1557	15	-1	12	2
1558	15	-1	11	2
1559	15	-1	11	2
1560	15	1	30	6
1561	15	1	3	0
1562	15	1	4	0
1563	15	1	4	0
1564	15	1	1	0
1565	15	0	20	3
1566	15	-1	11	2
1567	15	-1	4	0
1568	15	0	15	3
1569	15	-1	5	0
1570	15	-1	4	0
1571	15	1	1	0
1572	15	1	1	0
1573	15	1	1	0
1574	15	1	1	0
1575	15	1	6	1
1576	15	1	3	0
1577	15	1	3	0
1578	15	0	15	2
1579	15	1	1	0
1580	15	1	4	1
1581	15	1	1	0
1582	15	1	3	0
1583	15	1	3	0
1584	15	1	1	0
1585	15	1	1	0
1586	15	-1	3	0
1587	15	1	15	4
1588	15	-1	4	0
1589	15	1	1	0
1590	15	1	14	3
1591	15	1	3	0
1592	15	1	1	0
1593	15	1	1	0
1594	15	1	1	0
1595	15	-1	25	5
1596	15	0	15	3
1597	15	1	1	0
1598	15	1	1	0
1599	15	1	1	0
1600	15	-1	3	0
1601	15	1	1	0
1602	15	-1	6	1
1603	15	1	1	0
1604	15	0	20	3
1605	15	-1	15	3
1606	15	-1	5	0
1607	15	1	1	0
1608	15	-1	4	0
1609	15	1	1	0
1610	15	1	1	0
1611	15	1	3	0
1612	15	-1	14	3
1613	15	-1	5	0
1614	15	-1	3	0
1615	15	-1	11	1
1616	15	-1	14	3
1617	15	-1	4	0
1618	15	-1	12	2
1619	15	1	1	0
1620	15	1	1	0
1621	15	1	1	0
1622	15	1	1	0
1623	15	1	5	1
1624	15	-1	11	2
1625	15	-1	3	0
1626	15	1	3	0
1627	15	-1	4	0
1628	15	0	72	14
1629	15	-1	3	0
1630	15	1	1	0
1631	15	1	1	0
1632	15	1	22	5
1633	15	1	5	1
1634	15	-1	35	4
1635	15	-1	12	1
1636	15	1	10	1
1637	15	-1	7	1
1638	15	0	23	3
1639	15	1	1	0
1640	15	-1	3	0
1641	15	-1	29	7
1642	15	-1	21	4
1643	15	1	1	0
1644	15	-1	3	0
1645	15	-1	11	2
1646	15	-1	15	3
1647	15	1	1	0
1648	15	0	29	5
1649	15	0	44	9
1650	15	1	1	0
1651	15	-1	3	0
1652	15	1	1	0
1653	15	1	15	3
1654	15	-1	3	0
1655	15	0	23	5
1656	15	1	3	0
1657	15	1	1	0
1658	15	1	3	0
1659	15	1	1	0
1660	15	1	1	0
1661	15	1	1	0
1662	15	-1	16	4
1663	15	1	1	0
1664	15	-1	12	2
1665	15	1	1	0
1666	15	-1	3	0
1667	15	1	3	0
1668	15	-1	12	3
1669	15	1	1	0
1670	15	1	1	0
1671	16	1	3	1
1672	16	0	149	33
1673	16	1	1	0
1674	16	1	1	0
1675	16	1	3	1
1676	16	-1	4	0
1677	16	-1	17	4
1678	16	1	21	5
1679	16	1	19	4
1680	16	1	1	0
1681	16	-1	6	1
1682	16	1	4	1
1683	16	-1	4	0
1684	16	-1	3	0
1685	16	1	1	0
1686	16	1	16	4
1687	16	-1	4	1
1688	16	1	3	0
1689	16	-1	17	3
1690	16	1	3	0
1691	16	1	1	0
1692	16	-1	51	8
1693	16	1	1	0
1694	16	-1	3	0
1695	16	-1	3	0
1696	16	-1	14	3
1697	16	0	11	1
1698	16	-1	3	0
1699	16	-1	4	0
1700	16	1	6	1
1701	16	-1	10	2
1702	16	1	4	1
1703	16	-1	11	3
1704	16	-1	13	2
1705	16	0	22	4
1706	16	-1	13	2
1707	16	1	1	0
1708	16	0	56	11
1709	16	1	14	2
1710	16	-1	10	2
1711	16	1	30	6
1712	16	1	1	0
1713	16	1	5	1
1714	16	1	1	0
1715	16	-1	10	1
1716	16	-1	11	2
1717	16	-1	12	2
1718	16	1	11	2
1719	16	-1	13	2
1720	16	1	6	1
1721	16	1	1	0
1722	16	1	3	0
1723	16	-1	4	1
1724	16	1	5	1
1725	16	1	3	0
1726	16	-1	47	11
1727	16	1	7	1
1728	16	-1	3	0
1729	16	-1	3	0
1730	16	-1	41	7
1731	16	1	1	0
1732	16	-1	10	1
1733	16	-1	13	3
1734	16	1	1	0
1735	16	1	1	0
1736	16	-1	12	2
1737	16	1	1	0
1738	16	1	4	0
1739	16	1	1	0
1740	16	-1	3	0
1741	16	-1	13	2
1742	16	-1	15	3
1743	16	-1	3	0
1744	16	-1	3	0
1745	16	-1	7	1
1746	16	-1	10	1
1747	16	1	1	0
1748	16	1	18	4
1749	16	-1	3	0
1750	16	-1	11	1
1751	16	-1	3	0
1752	16	-1	5	0
1753	16	-1	11	2
1754	16	-1	14	3
1755	16	-1	6	1
1756	16	1	6	1
1757	16	1	1	0
1758	16	-1	3	0
1759	16	1	5	1
1760	16	1	1	0
1761	16	0	26	5
1762	16	1	25	5
1763	16	1	3	0
1764	16	1	12	3
1765	16	1	5	1
1766	16	0	4	0
1767	16	1	9	1
1768	16	1	24	5
1769	16	1	1	0
1770	16	-1	4	0
1771	16	-1	23	6
1772	16	-1	3	0
1773	16	-1	4	0
1774	16	-1	12	2
1775	16	-1	18	3
1776	16	-1	6	1
1777	16	1	91	19
1778	16	-1	12	2
1779	16	1	3	0
1780	16	1	1	0
1781	16	1	1	0
1782	16	1	1	0
1783	16	1	1	0
1784	16	1	6	1
1785	16	-1	21	5
1786	16	1	20	4
1787	16	1	27	4
1788	16	1	1	0
1789	16	0	133	27
1790	16	1	1	0
1791	16	-1	12	3
1792	16	-1	16	3
1793	16	-1	6	0
1794	16	-1	6	1
1795	16	1	1	0
1796	16	-1	3	0
1797	16	1	1	0
1798	16	0	82	16
1799	16	1	1	0
1800	16	-1	14	3
1801	16	1	1	0
1802	16	-1	20	3
1803	16	1	1	0
1804	16	1	42	9
1805	16	-1	12	3
1806	16	1	1	0
1807	16	1	23	7
1808	16	1	31	6
1809	16	1	1	0
1810	16	1	4	1
1811	16	1	1	0
1812	16	-1	10	2
1813	16	-1	13	3
1814	16	-1	14	4
1815	16	-1	17	3
1816	16	1	4	0
1817	16	-1	4	0
1818	16	0	29	4
1819	16	-1	14	2
1820	16	-1	3	0
1821	16	1	1	0
1822	16	1	1	0
1823	16	-1	12	2
1824	16	-1	4	0
1825	16	1	1	0
1826	16	-1	5	0
1827	16	-1	20	5
1828	16	1	31	6
1829	16	1	16	4
1830	16	1	1	0
1831	16	1	14	3
1832	16	-1	10	2
1833	16	0	40	8
1834	16	-1	4	0
1835	16	-1	11	2
1836	16	1	36	9
1837	16	1	1	0
1838	16	1	17	4
1839	16	1	1	0
1840	16	1	1	0
1841	16	1	27	6
1842	16	-1	5	0
1843	16	1	1	0
1844	16	1	1	0
1845	16	1	41	10
1846	16	1	1	0
1847	16	-1	10	2
1848	16	1	1	0
1849	16	1	7	1
1850	16	0	4	0
1851	16	1	8	1
1852	16	-1	38	8
1853	16	1	14	2
1854	16	1	26	6
1855	16	1	6	1
1856	16	1	1	0
1857	16	1	1	0
1858	16	1	6	1
1859	16	-1	3	0
1860	16	-1	14	3
1861	16	-1	14	3
1862	16	-1	12	2
1863	16	1	13	3
1864	16	1	1	0
1865	16	0	4	0
1866	16	1	1	0
1867	16	1	1	0
1868	16	0	14	2
1869	16	1	1	0
1870	16	-1	3	0
1871	16	1	1	0
1872	16	1	1	0
1873	16	1	1	0
1874	16	-1	4	0
1875	16	1	5	1
1876	16	-1	3	0
1877	16	-1	3	0
1878	16	0	52	12
1879	16	-1	6	1
1880	16	1	27	6
1881	16	-1	10	2
1882	16	1	1	0
1883	16	1	17	4
1884	16	1	1	0
1885	16	1	1	0
1886	16	1	29	6
1887	16	-1	46	8
1888	16	1	1	0
1889	16	0	48	8
1890	16	1	1	0
1891	16	-1	3	0
1892	16	0	126	24
1893	16	1	1	0
1894	16	1	1	0
1895	16	1	13	3
1896	16	-1	4	0
1897	16	-1	33	7
1898	16	1	38	8
1899	16	-1	3	0
1900	16	1	5	1
1901	16	1	40	8
1902	16	1	13	3
1903	16	-1	3	0
1904	16	1	1	0
1905	16	1	8	1
1906	16	1	1	0
1907	16	1	4	0
1908	16	1	1	0
1909	16	1	1	0
1910	16	1	1	0
1911	16	-1	19	4
1912	16	1	1	0
1913	16	1	1	0
1914	16	1	1	0
1915	16	1	6	1
1916	16	1	13	3
1917	16	-1	4	0
1918	16	-1	12	2
1919	16	-1	18	3
1920	16	-1	10	2
1921	16	-1	6	1
1922	16	0	24	5
1923	16	1	1	0
1924	16	1	20	5
1925	16	1	1	0
1926	16	-1	11	2
1927	16	1	3	0
1928	16	-1	6	1
1929	16	1	5	3
1930	16	-1	64	17
1931	16	-1	18	4
1932	16	-1	11	2
1933	16	1	11	2
1934	16	-1	13	2
1935	16	1	1	0
1936	16	1	1	0
1937	16	-1	4	0
1938	16	-1	3	0
1939	16	-1	3	0
1940	16	-1	3	0
1941	16	1	20	5
1942	16	1	32	5
1943	16	1	1	0
1944	16	-1	5	0
1945	16	-1	16	3
1946	16	1	25	6
1947	16	1	3	0
1948	16	1	1	0
1949	16	-1	4	0
1950	16	-1	3	0
1951	16	-1	6	1
1952	16	1	4	1
1953	16	-1	3	0
1954	16	-1	6	1
1955	16	-1	14	3
1956	16	0	23	5
1957	16	1	61	13
1958	16	-1	11	3
1959	16	1	1	0
1960	16	-1	3	0
1961	16	-1	3	0
1962	16	1	1	0
1963	16	0	56	11
1964	16	1	1	0
1965	16	1	4	1
1966	16	-1	4	1
1967	16	-1	14	2
1968	16	1	1	0
1969	16	1	1	0
1970	16	-1	17	4
1971	17	1	27	6
1972	17	-1	12	2
1973	17	1	15	3
1974	17	-1	39	9
1975	17	1	1	0
1976	17	1	47	9
1977	17	1	1	0
1978	17	-1	12	3
1979	17	1	12	2
1980	17	-1	11	2
1981	17	0	76	16
1982	17	1	6	1
1983	17	-1	26	5
1984	17	1	21	3
1985	17	1	31	8
1986	17	1	4	0
1987	17	-1	3	0
1988	17	1	1	0
1989	17	-1	27	6
1990	17	1	25	6
1991	17	1	28	6
1992	17	-1	18	4
1993	17	-1	12	2
1994	17	1	14	3
1995	17	-1	4	0
1996	17	1	3	0
1997	17	-1	3	0
1998	17	1	1	0
1999	17	1	1	0
2000	17	1	6	1
2001	17	-1	21	5
2002	17	-1	19	4
2003	17	1	1	0
2004	17	-1	10	3
2005	17	0	127	33
2006	17	-1	15	3
2007	17	-1	9	1
2008	17	-1	19	4
2009	17	1	17	4
2010	17	1	25	6
2011	17	1	18	4
2012	17	1	1	0
2013	17	1	1	0
2014	17	1	1	0
2015	17	1	80	18
2016	17	-1	5	1
2017	17	-1	15	3
2018	17	-1	4	0
2019	17	-1	4	0
2020	17	1	1	0
2021	17	-1	15	4
2022	17	1	5	1
2023	17	1	3	0
2024	17	1	1	0
2025	17	1	1	0
2026	17	-1	13	3
2027	17	-1	26	6
2028	17	-1	3	0
2029	17	1	1	0
2030	17	-1	4	0
2031	17	1	16	4
2032	17	1	1	0
2033	17	-1	6	1
2034	17	1	3	0
2035	17	0	31	5
2036	17	0	48	10
2037	17	1	6	1
2038	17	-1	4	0
2039	17	1	7	1
2040	17	-1	11	2
2041	17	-1	47	11
2042	17	1	1	0
2043	17	-1	3	0
2044	17	1	3	1
2045	17	1	1	0
2046	17	1	24	5
2047	17	-1	18	3
2048	17	1	12	2
2049	17	1	29	6
2050	17	1	1	0
2051	17	1	1	0
2052	17	-1	65	10
2053	17	-1	18	3
2054	17	1	13	3
2055	17	1	8	2
2056	17	1	5	1
2057	17	-1	91	17
2058	17	1	1	3
2059	17	0	97	40
2060	17	-1	4	1
2061	17	-1	12	3
2062	17	1	1	0
2063	17	1	1	0
2064	17	-1	11	3
2065	17	-1	5	1
2066	17	1	20	6
2067	17	-1	65	13
2068	17	1	66	19
2069	17	-1	11	2
2070	17	-1	22	5
2071	17	1	14	2
2072	17	1	6	1
2073	17	1	20	5
2074	17	1	1	0
2075	17	1	1	0
2076	17	0	57	13
2077	17	-1	14	2
2078	17	1	1	0
2079	17	-1	3	0
2080	17	-1	13	3
2081	17	-1	5	1
2082	17	1	1	0
2083	17	1	15	3
2084	17	1	3	1
2085	17	-1	25	6
2086	17	-1	18	4
2087	17	1	20	4
2088	17	1	7	1
2089	17	-1	75	17
2090	17	1	22	5
2091	17	1	18	4
2092	17	-1	6	1
2093	17	1	15	3
2094	17	1	1	0
2095	17	1	1	0
2096	17	-1	6	1
2097	17	1	6	1
2098	17	1	7	1
2099	17	-1	5	0
2100	17	-1	12	3
2101	17	1	5	1
2102	17	1	1	0
2103	17	0	249	56
2104	17	-1	64	15
2105	17	-1	27	5
2106	17	0	4	0
2107	17	1	25	6
2108	17	1	1	0
2109	17	-1	7	1
2110	17	1	1	0
2111	17	1	42	9
2112	17	-1	38	8
2113	17	1	18	4
2114	17	-1	28	6
2115	17	0	41	9
2116	17	1	5	1
2117	17	1	4	0
2118	17	1	12	4
2119	17	1	22	5
2120	17	1	43	9
2121	17	1	1	0
2122	17	1	15	3
2123	17	1	26	6
2124	17	-1	239	43
2125	17	0	47	9
2126	17	1	3	1
2127	17	-1	14	3
2128	17	1	1	0
2129	17	-1	5	0
2130	17	-1	3	0
2131	17	1	33	7
2132	17	-1	3	0
2133	17	1	6	1
2134	17	-1	3	0
2135	17	0	37	7
2136	17	1	21	5
2137	17	1	3	0
2138	17	1	19	4
2139	17	-1	38	9
2140	17	-1	22	4
2141	17	-1	32	8
2142	17	-1	5	1
2143	17	-1	26	5
2144	17	-1	4	0
2145	17	1	3	0
2146	17	-1	22	6
2147	17	1	20	5
2148	17	-1	13	3
2149	17	1	1	0
2150	17	0	61	13
2151	17	1	1	0
2152	17	-1	169	37
2153	17	1	8	1
2154	17	-1	11	2
2155	17	1	8	1
2156	17	-1	100	19
2157	17	0	119	24
2158	17	1	1	0
2159	17	1	12	3
2160	17	1	5	1
2161	17	1	1	0
2162	17	1	21	5
2163	17	1	14	3
2164	17	1	4	0
2165	17	-1	11	1
2166	17	1	43	9
2167	17	1	28	6
2168	17	-1	5	0
2169	17	-1	15	3
2170	17	-1	34	7
2171	17	-1	3	0
2172	17	1	7	1
2173	17	-1	33	7
2174	17	-1	32	8
2175	17	1	6	1
2176	17	1	3	0
2177	17	-1	54	9
2178	17	-1	5	0
2179	17	1	3	0
2180	17	1	17	4
2181	17	1	8	1
2182	17	1	1	0
2183	17	1	1	0
2184	17	-1	10	1
2185	17	-1	3	0
2186	17	1	30	8
2187	17	-1	4	0
2188	17	-1	8	1
2189	17	-1	5	1
2190	17	1	3	1
2191	17	-1	4	0
2192	17	-1	10	2
2193	17	-1	9	2
2194	17	-1	3	0
2195	17	-1	5	1
2196	17	-1	19	4
2197	17	1	4	0
2198	17	-1	3	0
2199	17	-1	3	0
2200	17	-1	14	3
2201	17	-1	130	27
2202	17	1	3	0
2203	17	-1	31	8
2204	17	1	28	7
2205	17	-1	3	0
2206	17	1	6	1
2207	17	1	3	0
2208	17	1	3	0
2209	17	-1	15	3
2210	17	1	1	0
2211	17	-1	41	11
2212	17	1	19	3
2213	17	-1	13	3
2214	17	-1	32	7
2215	17	1	21	5
2216	17	1	41	10
2217	17	-1	11	2
2218	17	-1	22	4
2219	17	1	1	0
2220	17	1	4	1
2221	17	-1	15	3
2222	17	1	5	1
2223	17	-1	14	3
2224	17	1	1	0
2225	17	1	5	1
2226	17	1	142	34
2227	17	1	4	0
2228	17	-1	3	0
2229	17	1	1	0
2230	17	-1	13	3
2231	17	0	360	74
2232	17	1	5	1
2233	17	-1	41	10
2234	17	1	50	11
2235	17	-1	3	0
2236	17	1	5	1
2237	17	-1	24	5
2238	17	-1	75	12
2239	17	1	17	4
2240	17	-1	6	1
2241	17	1	32	7
2242	17	-1	48	10
2243	17	1	1	0
2244	17	-1	11	2
2245	17	-1	35	10
2246	17	1	108	22
2247	17	1	4	1
2248	17	1	1	0
2249	17	-1	4	0
2250	17	1	1	0
2251	17	-1	3	0
2252	17	1	3	0
2253	17	1	19	3
2254	17	1	15	3
2255	17	1	19	4
2256	17	1	15	3
2257	17	1	259	49
2258	17	-1	5	1
2259	17	0	175	37
2260	17	-1	3	0
2261	17	-1	32	7
2262	17	-1	13	2
2263	17	1	4	0
2264	17	-1	96	18
2265	17	1	9	2
2266	17	-1	5	0
2267	17	1	28	6
2268	17	-1	3	0
2269	17	1	6	1
2270	17	0	48	8
2271	18	1	9	2
2272	18	1	9	2
2273	18	1	1	0
2274	18	-1	62	10
2275	18	-1	34	5
2276	18	-1	87	19
2277	18	-1	4	0
2278	18	-1	8	1
2279	18	1	219	49
2280	18	1	16	3
2281	18	1	21	3
2282	18	1	9	2
2283	18	-1	11	2
2284	18	-1	31	5
2285	18	-1	117	22
2286	18	1	7	1
2287	18	-1	21	4
2288	18	1	22	4
2289	18	1	328	70
2290	18	-1	24	4
2291	18	1	10	2
2292	18	-1	8	1
2293	18	-1	3	0
2294	18	-1	4	0
2295	18	1	6	2
2296	18	1	4	1
2297	18	-1	46	10
2298	18	1	3	0
2299	18	-1	13	3
2300	18	1	8	2
2301	18	1	55	11
2302	18	1	3	1
2303	18	-1	32	6
2304	18	-1	6	1
2305	18	1	7	1
2306	18	-1	3	0
2307	18	1	50	9
2308	18	1	3	1
2309	18	1	38	9
2310	18	-1	178	36
2311	18	1	11	2
2312	18	-1	121	20
2313	18	1	1	0
2314	18	-1	3	0
2315	18	-1	26	6
2316	18	1	17	4
2317	18	-1	151	28
2318	18	1	5	1
2319	18	-1	3	0
2320	18	1	1	0
2321	18	-1	24	6
2322	18	1	1	0
2323	18	-1	338	64
2324	18	-1	12	3
2325	18	1	6	1
2326	18	-1	80	20
2327	18	1	7	1
2328	18	1	1	0
2329	18	-1	136	28
2330	18	1	1	0
2331	18	-1	11	1
2332	18	1	1	0
2333	18	-1	23	4
2334	18	-1	17	3
2335	18	1	1	0
2336	18	-1	67	10
2337	18	0	167	35
2338	18	0	18	4
2339	18	1	8	1
2340	18	1	7	1
2341	18	-1	25	6
2342	18	1	7	1
2343	18	1	74	14
2344	18	-1	51	14
2345	18	-1	80	18
2346	18	-1	178	35
2347	18	-1	25	5
2348	18	-1	5	0
2349	18	-1	51	11
2350	18	-1	24	4
2351	18	-1	9	2
2352	18	-1	63	11
2353	18	1	80	17
2354	18	-1	4	0
2355	18	1	1	0
2356	18	-1	113	25
2357	18	-1	13	3
2358	18	-1	4	0
2359	18	1	40	9
2360	18	-1	47	9
2361	18	1	1	0
2362	18	1	31	6
2363	18	-1	3	0
2364	18	-1	7	1
2365	18	-1	3	0
2366	18	-1	42	8
2367	18	1	1	0
2368	18	-1	183	35
2369	18	1	91	22
2370	18	-1	13	2
2371	18	-1	3	0
2372	18	-1	15	3
2373	18	1	36	9
2374	18	-1	94	21
2375	18	-1	44	10
2376	18	-1	4	0
2377	18	-1	30	6
2378	18	-1	81	16
2379	18	1	1	0
2380	18	-1	192	36
2381	18	1	31	7
2382	18	1	23	5
2383	18	1	7	1
2384	18	-1	476	97
2385	18	1	3	0
2386	18	-1	4	0
2387	18	1	1	0
2388	18	1	166	34
2389	18	-1	24	3
2390	18	1	7	2
2391	18	1	1	0
2392	18	-1	11	1
2393	18	1	22	4
2394	18	-1	6	1
2395	18	1	7	2
2396	18	-1	6	1
2397	18	1	1	0
2398	18	1	14	3
2399	18	-1	31	7
2400	18	-1	4	0
2401	18	1	1	0
2402	18	1	28	6
2403	18	-1	30	7
2404	18	1	1	0
2405	18	1	41	10
2406	18	-1	3	0
2407	18	1	5	1
2408	18	-1	4	0
2409	18	-1	27	5
2410	18	-1	5	0
2411	18	1	45	11
2412	18	-1	5	0
2413	18	1	1	0
2414	18	1	35	8
2415	18	-1	11	2
2416	18	1	1	0
2417	18	-1	7	1
2418	18	1	3	1
2419	18	-1	4	0
2420	18	1	1	0
2421	18	-1	5	0
2422	18	-1	37	9
2423	18	1	3	0
2424	18	1	17	4
2425	18	-1	4	0
2426	18	1	3	0
2427	18	-1	17	4
2428	18	1	38	8
2429	18	-1	4	1
2430	18	0	56	11
2431	18	-1	48	11
2432	18	-1	27	5
2433	18	-1	102	21
2434	18	1	46	8
2435	18	-1	5	1
2436	18	1	7	1
2437	18	1	50	7
2438	18	-1	4	0
2439	18	-1	144	34
2440	18	1	19	4
2441	18	-1	272	53
2442	18	0	422	88
2443	18	1	159	34
2444	18	1	31	7
2445	18	-1	17	3
2446	18	0	14	3
2447	18	-1	62	15
2448	18	1	1	0
2449	18	1	34	8
2450	18	1	6	5
2451	18	1	5	1
2452	18	0	255	60
2453	18	-1	40	10
2454	18	-1	35	8
2455	18	-1	115	21
2456	18	1	11	2
2457	18	1	29	7
2458	18	-1	25	6
2459	18	0	29	5
2460	18	-1	11	2
2461	18	1	7	1
2462	18	1	1	0
2463	18	1	11	2
2464	18	1	1	0
2465	18	1	10	2
2466	18	-1	24	5
2467	18	1	12	2
2468	18	0	644	126
2469	18	-1	62	14
2470	18	-1	15	3
2471	18	1	5	1
2472	18	1	1	0
2473	18	-1	14	3
2474	18	1	14	3
2475	18	1	3	1
2476	18	1	1	0
2477	18	1	17	3
2478	18	1	21	5
2479	18	0	89	20
2480	18	-1	5	0
2481	18	1	32	7
2482	18	1	100	21
2483	18	1	3	1
2484	18	0	59	13
2485	18	1	3	0
2486	18	1	8	1
2487	18	1	5	1
2488	18	1	7	1
2489	18	-1	4	0
2490	18	1	4	0
2491	18	1	1	0
2492	18	-1	12	2
2493	18	-1	97	22
2494	18	-1	9	2
2495	18	-1	74	13
2496	18	-1	18	4
2497	18	1	1	0
2498	18	1	15	3
2499	18	1	7	1
2500	18	-1	14	3
2501	18	-1	12	2
2502	18	1	1	0
2503	18	1	14	3
2504	18	1	1	0
2505	18	-1	4	1
2506	18	1	6	1
2507	18	1	12	1
2508	18	-1	29	7
2509	18	1	26	5
2510	18	1	24	5
2511	18	-1	4	0
2512	18	-1	90	16
2513	18	1	17	4
2514	18	1	1	0
2515	18	-1	149	22
2516	18	-1	21	5
2517	18	-1	18	4
2518	18	-1	11	2
2519	18	-1	44	10
2520	18	1	9	2
2521	18	1	1	0
2522	18	1	45	9
2523	18	-1	101	21
2524	18	-1	30	9
2525	18	-1	148	32
2526	18	1	1	0
2527	18	-1	31	6
2528	18	1	7	1
2529	18	-1	166	35
2530	18	0	93	16
2531	18	-1	18	4
2532	18	-1	19	4
2533	18	-1	9	1
2534	18	1	1	0
2535	18	0	308	64
2536	18	-1	5	0
2537	18	1	18	4
2538	18	1	12	3
2539	18	1	33	7
2540	18	-1	76	19
2541	18	1	5	1
2542	18	-1	144	24
2543	18	-1	56	11
2544	18	1	19	4
2545	18	1	263	56
2546	18	-1	14	3
2547	18	1	1	0
2548	18	1	62	15
2549	18	-1	21	4
2550	18	0	156	32
2551	18	-1	27	12
2552	18	1	4	0
2553	18	-1	173	35
2554	18	1	262	51
2555	18	-1	33	5
2556	18	-1	65	15
2557	18	1	10	2
2558	18	1	50	9
2559	18	1	21	4
2560	18	-1	150	26
2561	18	-1	6	1
2562	18	-1	135	27
2563	18	1	39	9
2564	18	-1	190	39
2565	18	1	24	5
2566	18	1	5	1
2567	18	1	1	0
2568	18	-1	63	11
2569	18	1	1	0
2570	18	1	1	0
2571	19	1	62	10
2572	19	1	29	6
2573	19	1	25	5
2574	19	-1	6	1
2575	19	-1	30	7
2576	19	-1	20	4
2577	19	1	9	2
2578	19	1	108	24
2579	19	-1	85	25
2580	19	-1	240	44
2581	19	1	38	7
2582	19	1	27	8
2583	19	-1	11	1
2584	19	1	5	1
2585	19	1	62	14
2586	19	1	28	5
2587	19	-1	119	27
2588	19	1	28	7
2589	19	-1	33	8
2590	19	1	9	2
2591	19	1	3	1
2592	19	1	116	27
2593	19	1	75	14
2594	19	1	7	1
2595	19	1	25	5
2596	19	-1	26	6
2597	19	0	1520	308
2598	19	-1	4	0
2599	19	1	8	2
2600	19	1	151	32
2601	19	1	121	28
2602	19	1	51	13
2603	19	0	25	4
2604	19	-1	25	5
2605	19	1	3	0
2606	19	-1	4	0
2607	19	-1	378	100
2608	19	1	43	10
2609	19	1	1	0
2610	19	0	204	39
2611	19	1	29	7
2612	19	0	23	4
2613	19	1	17	3
2614	19	-1	16	4
2615	19	1	18	4
2616	19	1	1	0
2617	19	1	18	4
2618	19	1	159	38
2619	19	1	3	1
2620	19	-1	79	21
2621	19	1	1	0
2622	19	-1	32	8
2623	19	1	286	64
2624	19	1	9	1
2625	19	1	59	13
2626	19	1	12	3
2627	19	1	7	2
2628	19	1	58	15
2629	19	1	198	47
2630	19	1	7	1
2631	19	1	7	1
2632	19	-1	388	61
2633	19	-1	15	2
2634	19	1	51	15
2635	19	-1	138	24
2636	19	-1	32	7
2637	19	-1	21	5
2638	19	-1	42	13
2639	19	-1	1612	305
2640	19	-1	442	75
2641	19	1	105	25
2642	19	1	85	18
2643	19	1	7	2
2644	19	-1	7	1
2645	19	1	70	15
2646	19	1	1	0
2647	19	0	59	11
2648	19	-1	4	0
2649	19	1	1	0
2650	19	-1	9	1
2651	19	-1	19	3
2652	19	1	1	0
2653	19	1	126	34
2654	19	1	1	0
2655	19	1	1	0
2656	19	1	3	1
2657	19	-1	3	0
2658	19	1	1	0
2659	19	1	7	1
2660	19	-1	4	0
2661	19	1	1	0
2662	19	1	181	39
2663	19	-1	4	0
2664	19	-1	54	13
2665	19	-1	52	10
2666	19	-1	37	10
2667	19	1	88	22
2668	19	1	74	17
2669	19	-1	12	2
2670	19	-1	179	36
2671	19	1	32	8
2672	19	-1	227	53
2673	19	-1	46	10
2674	19	1	44	10
2675	19	-1	29	6
2676	19	1	1	0
2677	19	-1	3	0
2678	19	1	1	0
2679	19	-1	11	2
2680	19	1	19	4
2681	19	1	27	6
2682	19	-1	9	2
2683	19	1	81	18
2684	19	1	1	0
2685	19	1	5	1
2686	19	-1	112	30
2687	19	1	1	0
2688	19	1	139	30
2689	19	-1	125	19
2690	19	-1	70	14
2691	19	1	1	0
2692	19	-1	27	6
2693	19	1	65	15
2694	19	-1	12	2
2695	19	-1	232	44
2696	19	1	21	4
2697	19	-1	6	1
2698	19	1	40	9
2699	19	-1	14	5
2700	19	1	28	7
2701	19	1	1	0
2702	19	-1	3	0
2703	19	-1	15	2
2704	19	1	1	0
2705	19	-1	17	3
2706	19	-1	58	13
2707	19	1	5	1
2708	19	1	9	2
2709	19	1	12	3
2710	19	1	8	2
2711	19	-1	3	0
2712	19	1	26	6
2713	19	1	1	0
2714	19	1	111	23
2715	19	1	100	22
2716	19	-1	14	3
2717	19	1	1	0
2718	19	-1	12	2
2719	19	1	62	13
2720	19	0	439	91
2721	19	1	24	6
2722	19	-1	6	0
2723	19	1	650	146
2724	19	1	8	2
2725	19	-1	67	17
2726	19	1	20	5
2727	19	0	500	102
2728	19	1	9	2
2729	19	-1	4	0
2730	19	-1	29	8
2731	19	-1	123	29
2732	19	-1	43	7
2733	19	1	16	3
2734	19	1	5	1
2735	19	1	3	0
2736	19	-1	32	6
2737	19	-1	123	21
2738	19	-1	13	4
2739	19	-1	132	28
2740	19	-1	17	5
2741	19	0	755	151
2742	19	1	1	0
2743	19	1	1	0
2744	19	1	1	0
2745	19	-1	20	3
2746	19	0	157	36
2747	19	-1	81	19
2748	19	-1	212	47
2749	19	1	12	3
2750	19	-1	18	4
2751	19	-1	133	26
2752	19	1	163	38
2753	19	1	3	1
2754	19	1	22	5
2755	19	1	1	0
2756	19	-1	32	8
2757	19	0	119	22
2758	19	-1	28	6
2759	19	0	115	24
2760	19	-1	128	30
2761	19	-1	39	11
2762	19	-1	4	0
2763	19	1	32	7
2764	19	1	12	3
2765	19	-1	144	34
2766	19	1	180	44
2767	19	-1	149	26
2768	19	-1	157	31
2769	19	-1	11	2
2770	19	-1	7	1
2771	19	-1	19	4
2772	19	1	394	81
2773	19	1	17	4
2774	19	1	18	4
2775	19	1	18	4
2776	19	0	101	19
2777	19	-1	217	39
2778	19	1	159	42
2779	19	1	14	3
2780	19	1	1	0
2781	19	-1	4	0
2782	19	1	19	5
2783	19	-1	166	39
2784	19	-1	214	46
2785	19	-1	4	1
2786	19	1	66	13
2787	19	-1	21	4
2788	19	1	3	0
2789	19	1	1	0
2790	19	-1	96	19
2791	19	-1	5	1
2792	19	1	21	4
2793	19	-1	182	37
2794	19	1	236	48
2795	19	1	38	10
2796	19	-1	105	24
2797	19	1	4	1
2798	19	1	1	0
2799	19	1	3	0
2800	19	1	161	37
2801	19	1	15	3
2802	19	-1	4	0
2803	19	-1	17	3
2804	19	1	1	0
2805	19	-1	5	0
2806	19	1	58	13
2807	19	-1	39	9
2808	19	1	20	5
2809	19	-1	13	3
2810	19	-1	4	0
2811	19	1	226	50
2812	19	1	22	5
2813	19	-1	10	2
2814	19	-1	21	4
2815	19	-1	17	4
2816	19	-1	5	1
2817	19	-1	187	40
2818	19	1	25	6
2819	19	-1	1204	233
2820	19	-1	15	2
2821	19	-1	121	30
2822	19	1	6	1
2823	19	1	17	4
2824	19	-1	86	20
2825	19	-1	126	31
2826	19	1	3	0
2827	19	-1	23	4
2828	19	1	1	0
2829	19	1	57	13
2830	19	1	18	4
2831	19	-1	3	0
2832	19	1	31	7
2833	19	-1	19	4
2834	19	1	32	5
2835	19	-1	72	16
2836	19	-1	193	51
2837	19	1	16	4
2838	19	1	1	0
2839	19	1	7	1
2840	19	1	307	63
2841	19	1	210	48
2842	19	0	111	21
2843	19	1	1	0
2844	19	-1	13	2
2845	19	1	23	6
2846	19	-1	234	53
2847	19	1	1	0
2848	19	1	27	6
2849	19	1	19	6
2850	19	-1	38	9
2851	19	-1	14	2
2852	19	-1	16	3
2853	19	1	1	0
2854	19	-1	5	1
2855	19	1	105	25
2856	19	1	19	5
2857	19	1	17	5
2858	19	-1	93	20
2859	19	1	18	5
2860	19	-1	29	7
2861	19	1	1	0
2862	19	1	14	3
2863	19	-1	14	3
2864	19	1	24	6
2865	19	-1	19	4
2866	19	-1	4	1
2867	19	0	96	18
2868	19	-1	4	0
2869	19	1	10	2
2870	19	-1	8	1
2871	20	0	631	123
2872	20	0	10	1
2873	20	-1	24	4
2874	20	1	14	4
2875	20	-1	53	11
2876	20	-1	23	5
2877	20	-1	55	14
2878	20	-1	445	77
2879	20	1	60	16
2880	20	-1	37	8
2881	20	1	965	222
2882	20	-1	66	19
2883	20	-1	83	20
2884	20	-1	425	94
2885	20	-1	108	22
2886	20	1	394	88
2887	20	-1	47	9
2888	20	-1	56	12
2889	20	1	10	2
2890	20	-1	1096	223
2891	20	-1	41	12
2892	20	1	11	3
2893	20	1	781	186
2894	20	1	32	8
2895	20	1	5	1
2896	20	1	1	0
2897	20	-1	996	220
2898	20	-1	90	23
2899	20	-1	356	80
2900	20	-1	422	108
2901	20	1	135	32
2902	20	-1	144	35
2903	20	-1	1163	251
2904	20	1	4	1
2905	20	1	6	1
2906	20	1	3	0
2907	20	-1	183	39
2908	20	-1	4	0
2909	20	-1	47	10
2910	20	-1	897	206
2911	20	1	1	0
2912	20	-1	220	38
2913	20	1	1	0
2914	20	1	326	71
2915	20	-1	8	2
2916	20	1	3	0
2917	20	-1	51	13
2918	20	1	54	12
2919	20	1	161	37
2920	20	1	7	1
2921	20	-1	802	167
2922	20	-1	54	14
2923	20	1	120	31
2924	20	1	3	0
2925	20	1	13	3
2926	20	1	1	0
2927	20	1	47	11
2928	20	1	162	33
2929	20	-1	3	0
2930	20	-1	1358	309
2931	20	1	1	0
2932	20	1	1	0
2933	20	-1	20	5
2934	20	1	1	0
2935	20	-1	317	69
2936	20	-1	50	13
2937	20	1	7	2
2938	20	1	94	20
2939	20	1	8	2
2940	20	1	41	8
2941	20	1	3	1
2942	20	0	397	74
2943	20	-1	185	37
2944	20	-1	69	15
2945	20	1	48	12
2946	20	1	16	4
2947	20	1	1	0
2948	20	-1	87	20
2949	20	-1	3	0
2950	20	1	265	63
2951	20	-1	22	7
2952	20	1	22	5
2953	20	1	5	1
2954	20	1	30	7
2955	20	1	113	23
2956	20	1	20	5
2957	20	-1	34	8
2958	20	1	7	1
2959	20	1	1	0
2960	20	1	1	0
2961	20	1	20	5
2962	20	-1	4	0
2963	20	-1	4	0
2964	20	-1	5	1
2965	20	1	36	8
2966	20	-1	7	1
2967	20	1	42	10
2968	20	-1	287	66
2969	20	-1	899	213
2970	20	1	14	4
2971	20	1	249	57
2972	20	-1	12	3
2973	20	1	172	40
2974	20	-1	45	10
2975	20	1	252	58
2976	20	1	1	0
2977	20	1	28	6
2978	20	1	94	13
2979	20	1	38	9
2980	20	-1	13	4
2981	20	1	26	6
2982	20	-1	408	97
2983	20	-1	222	52
2984	20	1	3	1
2985	20	1	1	0
2986	20	1	4	1
2987	20	-1	27	7
2988	20	-1	462	106
2989	20	1	1	0
2990	20	-1	163	35
2991	20	1	6	1
2992	20	1	23	6
2993	20	1	1	0
2994	20	-1	112	24
2995	20	1	1	0
2996	20	1	7	2
2997	20	1	59	13
2998	20	1	597	127
2999	20	1	10	2
3000	20	1	1	0
3001	20	1	73	18
3002	20	-1	83	20
3003	20	1	11	2
3004	20	1	9	2
3005	20	-1	4	0
3006	20	-1	125	33
3007	20	1	293	61
3008	20	1	10	3
3009	20	-1	4	0
3010	20	1	173	42
3011	20	-1	33	9
3012	20	-1	4	0
3013	20	1	10	2
3014	20	1	53	11
3015	20	1	5	1
3016	20	-1	97	19
3017	20	0	5408	1122
3018	20	1	97	20
3019	20	-1	37	8
3020	20	1	34	8
3021	20	-1	5	1
3022	20	1	72	19
3023	20	-1	64	15
3024	20	-1	67	13
3025	20	1	15	3
3026	20	-1	28	4
3027	20	1	14	4
3028	20	-1	597	137
3029	20	-1	326	73
3030	20	1	113	22
3031	20	1	8	2
3032	20	-1	228	51
3033	20	-1	502	95
3034	20	-1	129	29
3035	20	-1	34	9
3036	20	-1	159	42
3037	20	-1	95	23
3038	20	1	21	4
3039	20	-1	59	14
3040	20	1	10	2
3041	20	1	16	5
3042	20	1	500	129
3043	20	1	1	0
3044	20	-1	101	26
3045	20	0	470	92
3046	20	0	2532	538
3047	20	-1	7	1
3048	20	-1	77	18
3049	20	0	793	163
3050	20	-1	29	7
3051	20	-1	115	32
3052	20	-1	342	82
3053	20	1	227	53
3054	20	-1	14	3
3055	20	1	411	97
3056	20	1	49	12
3057	20	-1	7	1
3058	20	1	36	8
3059	20	1	39	9
3060	20	-1	29	6
3061	20	1	40	10
3062	20	1	1	0
3063	20	-1	14	2
3064	20	-1	263	55
3065	20	-1	1130	231
3066	20	1	1	0
3067	20	-1	11	2
3068	20	1	4	1
3069	20	1	6	1
3070	20	1	64	16
3071	20	1	5	1
3072	20	-1	56	10
3073	20	1	1	0
3074	20	1	1	0
3075	20	-1	6	1
3076	20	-1	26	8
3077	20	1	504	114
3078	20	1	231	52
3079	20	-1	146	30
3080	20	-1	158	32
3081	20	1	20	4
3082	20	-1	4	0
3083	20	-1	18	4
3084	20	-1	837	204
3085	20	-1	12	2
3086	20	1	24	8
3087	20	1	7	13
3088	20	-1	195	64
3089	20	1	41	11
3090	20	-1	79	23
3091	20	1	14	4
3092	20	-1	104	24
3093	20	-1	141	24
3094	20	-1	11	1
3095	20	-1	278	64
3096	20	1	19	4
3097	20	-1	31	7
3098	20	-1	225	49
3099	20	-1	260	61
3100	20	1	3	1
3101	20	1	1	0
3102	20	0	272	55
3103	20	-1	553	116
3104	20	1	9	3
3105	20	-1	59	12
3106	20	-1	23	7
3107	20	-1	1271	261
3108	20	1	82	20
3109	20	-1	56	16
3110	20	1	49	12
3111	20	1	25	6
3112	20	1	30	7
3113	20	-1	3	0
3114	20	-1	63	17
3115	20	0	1733	368
3116	20	1	15	3
3117	20	-1	553	79
3118	20	1	4	1
3119	20	-1	527	97
3120	20	0	1235	283
3121	20	1	1	0
3122	20	1	3	0
3123	20	1	239	53
3124	20	-1	157	34
3125	20	1	13	4
3126	20	-1	25	6
3127	20	1	1	0
3128	20	-1	2726	536
3129	20	1	103	21
3130	20	1	24	5
3131	20	-1	4	1
3132	20	-1	481	96
3133	20	-1	335	76
3134	20	1	18	5
3135	20	1	110	25
3136	20	-1	138	29
3137	20	-1	114	30
3138	20	1	4	0
3139	20	1	301	64
3140	20	1	13	3
3141	20	-1	13	3
3142	20	1	33	8
3143	20	-1	7	1
3144	20	1	155	33
3145	20	1	3	0
3146	20	-1	22	7
3147	20	1	4	1
3148	20	1	32	8
3149	20	-1	99	31
3150	20	1	38	8
3151	20	-1	23	4
3152	20	-1	5	1
3153	20	-1	23	5
3154	20	1	126	30
3155	20	1	5	1
3156	20	-1	59	14
3157	20	-1	137	26
3158	20	-1	72	18
3159	20	-1	12	2
3160	20	-1	4	0
3161	20	1	171	42
3162	20	1	37	9
3163	20	1	104	26
3164	20	-1	207	56
3165	20	1	77	16
3166	20	-1	49	12
3167	20	-1	71	19
3168	20	-1	102	27
3169	20	1	39	10
3170	20	-1	65	14
3171	21	1	295	60
3172	21	-1	23	5
3173	21	-1	22	5
3174	21	-1	4	1
3175	21	-1	71	17
3176	21	-1	468	90
3177	21	1	252	59
3178	21	1	64	16
3179	21	-1	38	10
3180	21	-1	2470	500
3181	21	-1	251	56
3182	21	1	2126	462
3183	21	1	45	11
3184	21	1	156	41
3185	21	-1	69	17
3186	21	-1	173	41
3187	21	1	1	0
3188	21	1	16	4
3189	21	-1	570	112
3190	21	-1	182	41
3191	21	1	14	4
3192	21	1	7	1
3193	21	-1	2570	539
3194	21	1	755	182
3195	21	1	194	43
3196	21	-1	364	72
3197	21	1	25	8
3198	21	1	186	41
3199	21	1	1	0
3200	21	1	45	11
3201	21	1	29	7
3202	21	1	14	4
3203	21	1	58	16
3204	21	1	57	14
3205	21	1	11	3
3206	21	1	7	1
3207	21	1	1539	313
3208	21	1	12	3
3209	21	-1	671	141
3210	21	1	1	0
3211	21	1	148	35
3212	21	1	60	13
3213	21	1	56	16
3214	21	1	1	0
3215	21	1	156	29
3216	21	-1	514	115
3217	21	-1	54	12
3218	21	0	456	95
3219	21	-1	551	112
3220	21	0	44	7
3221	21	-1	43	11
3222	21	1	33	8
3223	21	1	549	120
3224	21	1	6	1
3225	21	-1	2356	470
3226	21	1	1259	274
3227	21	-1	16	4
3228	21	-1	90	20
3229	21	-1	292	60
3230	21	1	3	0
3231	21	-1	88	22
3232	21	-1	298	68
3233	21	-1	92	21
3234	21	1	215	50
3235	21	1	8	1
3236	21	0	141	32
3237	21	1	57	15
3238	21	1	203	50
3239	21	1	6	1
3240	21	-1	185	45
3241	21	1	103	28
3242	21	1	171	41
3243	21	1	1	0
3244	21	-1	46	12
3245	21	-1	118	23
3246	21	1	14	3
3247	21	1	1	0
3248	21	1	53	13
3249	21	1	110	26
3250	21	1	160	37
3251	21	-1	28	8
3252	21	1	1	0
3253	21	0	112	23
3254	21	1	19	4
3255	21	-1	440	103
3256	21	1	74	18
3257	21	1	46	11
3258	21	-1	855	173
3259	21	-1	516	104
3260	21	1	1	0
3261	21	1	7	2
3262	21	1	98	25
3263	21	1	987	188
3264	21	-1	2533	514
3265	21	1	84	25
3266	21	-1	554	121
3267	21	1	5	1
3268	21	1	251	55
3269	21	1	3	1
3270	21	-1	347	75
3271	21	-1	50	14
3272	21	1	51	13
3273	21	1	3188	724
3274	21	-1	587	129
3275	21	1	8	2
3276	21	1	15	5
3277	21	1	29	8
3278	21	-1	15	4
3279	21	-1	49	13
3280	21	1	128	32
3281	21	1	108	21
3282	21	-1	432	95
3283	21	1	15	3
3284	21	-1	175	34
3285	21	1	1	0
3286	21	0	68	20
3287	21	1	1	0
3288	21	-1	7	1
3289	21	1	15	3
3290	21	1	24	6
3291	21	-1	4	0
3292	21	0	344	75
3293	21	-1	3	0
3294	21	-1	4	0
3295	21	-1	203	46
3296	21	1	3	1
3297	21	1	7	2
3298	21	1	19	5
3299	21	-1	46	11
3300	21	1	1	0
3301	21	-1	10	1
3302	21	-1	103	22
3303	21	-1	1063	238
3304	21	1	161	37
3305	21	1	100	26
3306	21	-1	57	15
3307	21	-1	188	41
3308	21	1	25	6
3309	21	-1	41	12
3310	21	-1	11	4
3311	21	-1	633	118
3312	21	-1	45	11
3313	21	-1	146	35
3314	21	-1	104	23
3315	21	-1	7	1
3316	21	1	6	1
3317	21	-1	689	151
3318	21	1	1369	316
3319	21	1	969	200
3320	21	0	1027	241
3321	21	1	1076	232
3322	21	1	21	6
3323	21	-1	186	47
3324	21	-1	52	13
3325	21	-1	55	13
3326	21	-1	94	24
3327	21	1	16	4
3328	21	1	47	11
3329	21	1	570	125
3330	21	-1	406	90
3331	21	1	101	22
3332	21	-1	54	12
3333	21	1	312	75
3334	21	-1	354	79
3335	21	-1	1215	276
3336	21	1	16	3
3337	21	-1	4	0
3338	21	-1	261	57
3339	21	-1	375	69
3340	21	-1	87	17
3341	21	-1	40	7
3342	21	1	987	176
3343	21	1	12	3
3344	21	0	2069	425
3345	21	1	20	5
3346	21	1	387	89
3347	21	1	25	7
3348	21	1	10	3
3349	21	-1	52	15
3350	21	-1	68	19
3351	21	1	70	16
3352	21	1	44	10
3353	21	-1	1630	339
3354	21	1	4	1
3355	21	1	163	36
3356	21	1	70	18
3357	21	-1	860	184
3358	21	-1	1781	390
3359	21	1	33	8
3360	21	1	55	15
3361	21	1	8	1
3362	21	-1	97	22
3363	21	1	1	0
3364	21	-1	42	14
3365	21	1	13	3
3366	21	1	152	34
3367	21	1	3	1
3368	21	1	82	18
3369	21	1	42	10
3370	21	1	33	8
3371	21	1	8	2
3372	21	1	47	11
3373	21	-1	65	14
3374	21	1	330	72
3375	21	1	7	2
3376	21	1	1	0
3377	21	1	38	8
3378	21	-1	154	34
3379	21	1	42	10
3380	21	-1	610	137
3381	21	1	162	37
3382	21	1	1	0
3383	21	-1	200	42
3384	21	1	99	28
3385	21	1	148	37
3386	21	-1	42	10
3387	21	-1	280	68
3388	21	1	5	1
3389	21	1	40	10
3390	21	1	20	6
3391	21	1	701	167
3392	21	-1	10	2
3393	21	1	388	81
3394	21	1	14	4
3395	21	-1	66	16
3396	21	-1	153	33
3397	21	-1	6	1
3398	21	-1	13	4
3399	21	-1	86	20
3400	21	-1	60	15
3401	21	1	7	1
3402	21	1	39	9
3403	21	1	415	93
3404	21	-1	96	19
3405	21	1	59	16
3406	21	-1	81	16
3407	21	1	356	82
3408	21	-1	6	1
3409	21	1	28	8
3410	21	1	1	0
3411	21	1	1	0
3412	21	1	780	155
3413	21	-1	23	4
3414	21	-1	116	30
3415	21	-1	318	83
3416	21	1	170	35
3417	21	1	94	24
3418	21	0	505	109
3419	21	-1	375	82
3420	21	1	348	74
3421	21	1	113	27
3422	21	1	33	8
3423	21	1	39	11
3424	21	-1	1324	248
3425	21	1	209	50
3426	21	-1	140	24
3427	21	-1	506	115
3428	21	-1	314	68
3429	21	1	14	3
3430	21	1	6	1
3431	21	-1	289	71
3432	21	-1	2158	429
3433	21	-1	396	84
3434	21	1	30	7
3435	21	1	1	0
3436	21	-1	430	93
3437	21	-1	1987	391
3438	21	-1	3355	664
3439	21	1	155	33
3440	21	-1	76	19
3441	21	-1	209	41
3442	21	1	24	5
3443	21	1	3	1
3444	21	-1	971	185
3445	21	1	856	176
3446	21	0	519	111
3447	21	-1	11	3
3448	21	1	5	1
3449	21	-1	12	2
3450	21	1	1	0
3451	21	1	127	30
3452	21	-1	3	0
3453	21	-1	141	31
3454	21	-1	30	5
3455	21	1	7	2
3456	21	-1	3136	663
3457	21	-1	47	10
3458	21	1	101	25
3459	21	1	141	32
3460	21	1	7	1
3461	21	1	5	1
3462	21	1	95	23
3463	21	1	194	40
3464	21	-1	40	11
3465	21	-1	463	101
3466	21	1	7	2
3467	21	-1	1179	268
3468	21	-1	187	43
3469	21	-1	32	9
3470	21	-1	91	21
3471	22	1	302	67
3472	22	1	224	53
3473	22	-1	200	39
3474	22	-1	313	66
3475	22	1	1653	338
3476	22	1	105	24
3477	22	1	208	49
3478	22	1	634	149
3479	22	-1	112	28
3480	22	-1	575	149
3481	22	1	3	1
3482	22	1	1608	358
3483	22	-1	23660	4637
3484	22	1	1	0
3485	22	-1	10	2
3486	22	1	27	5
3487	22	-1	77	25
3488	22	-1	590	123
3489	22	-1	2424	438
3490	22	1	33	8
3491	22	-1	6	1
3492	22	1	85	20
3493	22	-1	614	118
3494	22	-1	1147	231
3495	22	1	1376	317
3496	22	1	22	5
3497	22	-1	14	2
3498	22	-1	27	8
3499	22	-1	37	9
3500	22	-1	88	18
3501	22	-1	20	5
3502	22	-1	569	137
3503	22	-1	251	58
3504	22	1	82	21
3505	22	1	891	187
3506	22	-1	3282	640
3507	22	-1	1431	311
3508	22	1	6	2
3509	22	1	5	1
3510	22	1	34	9
3511	22	1	13	3
3512	22	1	789	177
3513	22	-1	121	29
3514	22	-1	166	38
3515	22	1	475	134
3516	22	1	61	14
3517	22	-1	105	28
3518	22	1	1037	220
3519	22	-1	222	42
3520	22	-1	124	39
3521	22	-1	146	42
3522	22	-1	2237	489
3523	22	1	201	47
3524	22	-1	293	70
3525	22	1	13	3
3526	22	-1	774	170
3527	22	-1	105	30
3528	22	-1	4	0
3529	22	-1	420	91
3530	22	-1	32068	6835
3531	22	-1	73	23
3532	22	0	11473	2496
3533	22	1	51	13
3534	22	1	14	5
3535	22	1	46	12
3536	22	-1	18790	3644
3537	22	1	600	130
3538	22	-1	565	136
3539	22	1	1399	280
3540	22	1	374	84
3541	22	1	12	3
3542	22	1	6	1
3543	22	-1	87	20
3544	22	1	54	16
3545	22	-1	317	72
3546	22	1	149	34
3547	22	-1	832	184
3548	22	1	111	27
3549	22	1	8	2
3550	22	1	149	35
3551	22	-1	104	26
3552	22	-1	39052	8001
3553	22	0	3290	620
3554	22	-1	337	81
3555	22	-1	781	173
3556	22	-1	222	52
3557	22	-1	277	55
3558	22	-1	19	3
3559	22	1	536	114
3560	22	1	113	28
3561	22	1	14	3
3562	22	1	9	3
3563	22	1	395	94
3564	22	1	172	37
3565	22	-1	189	39
3566	22	-1	192	46
3567	22	1	73	21
3568	22	-1	5	1
3569	22	1	1556	290
3570	22	1	480	106
3571	22	-1	678	145
3572	22	-1	650	149
3573	22	-1	91	23
3574	22	1	81	18
3575	22	1	1	0
3576	22	1	179	40
3577	22	1	2734	535
3578	22	1	8	2
3579	22	1	27	6
3580	22	1	1077	247
3581	22	1	138	33
3582	22	-1	78	19
3583	22	1	687	148
3584	22	-1	3731	861
3585	22	-1	79	22
3586	22	1	281	66
3587	22	1	48	12
3588	22	-1	2381	489
3589	22	1	165	35
3590	22	-1	1336	329
3591	22	1	9	3
3592	22	-1	894	186
3593	22	-1	686	162
3594	22	-1	299	63
3595	22	-1	72	19
3596	22	-1	1372	272
3597	22	-1	12	3
3598	22	-1	3019	622
3599	22	1	7	2
3600	22	-1	9	2
3601	22	1	457	94
3602	22	-1	397	85
3603	22	-1	389	95
3604	22	1	2144	726
3605	22	1	94	21
3606	22	-1	96	24
3607	22	1	2608	567
3608	22	-1	1230	262
3609	22	1	674	158
3610	22	1	94	20
3611	22	1	227	55
3612	22	-1	81	21
3613	22	1	7	1
3614	22	1	14	2
3615	22	-1	1179	220
3616	22	-1	218	53
3617	22	-1	1147	214
3618	22	1	113	31
3619	22	-1	441	92
3620	22	1	44	12
3621	22	1	132	31
3622	22	-1	358	79
3623	22	-1	104	23
3624	22	-1	58	14
3625	22	-1	259	59
3626	22	1	105	27
3627	22	-1	684	154
3628	22	-1	13	5
3629	22	-1	24	4
3630	22	1	1	0
3631	22	1	223	48
3632	22	-1	367	89
3633	22	1	2337	505
3634	22	1	12	3
3635	22	1	311	67
3636	22	1	111	33
3637	22	-1	4	0
3638	22	-1	241	64
3639	22	1	3	1
3640	22	1	151	36
3641	22	1	26	7
3642	22	-1	330	76
3643	22	1	66	18
3644	22	-1	2906	625
3645	22	1	647	154
3646	22	-1	237	46
3647	22	-1	24867	4870
3648	22	-1	3	0
3649	22	1	900	182
3650	22	1	148	31
3651	22	1	880	203
3652	22	-1	53	15
3653	22	-1	20	6
3654	22	1	38	10
3655	22	1	459	103
3656	22	1	8318	1677
3657	22	1	313	70
3658	22	1	340	71
3659	22	-1	5	1
3660	22	-1	603	144
3661	22	-1	166	40
3662	22	1	11	3
3663	22	-1	5	1
3664	22	1	1	0
3665	22	1	715	162
3666	22	1	148	36
3667	22	-1	62	16
3668	22	1	187	42
3669	22	-1	1054	247
3670	22	1	136	34
3671	22	1	16	4
3672	22	1	17	5
3673	22	-1	2502	509
3674	22	1	209	48
3675	22	-1	56	15
3676	22	1	44	10
3677	22	-1	1147	238
3678	22	1	31	8
3679	22	1	237	58
3680	22	1	172	38
3681	22	1	158	34
3682	22	1	72	16
3683	22	-1	200	41
3684	22	1	464	98
3685	22	1	235	51
3686	22	1	1	0
3687	22	1	63	18
3688	22	1	35	9
3689	22	-1	34	11
3690	22	1	3	0
3691	22	-1	5	1
3692	22	1	19	4
3693	22	1	2447	496
3694	22	-1	700	133
3695	22	1	270	77
3696	22	1	46	11
3697	22	0	5806	1252
3698	22	-1	71	18
3699	22	1	98	23
3700	22	-1	159	34
3701	22	1	989	214
3702	22	1	1	0
3703	22	1	1488	293
3704	22	-1	5	0
3705	22	0	372	82
3706	22	-1	389	98
3707	22	1	8	2
3708	22	1	377	85
3709	22	1	809	177
3710	22	-1	462	113
3711	22	-1	3763	724
3712	22	-1	671	167
3713	22	-1	3422	724
3714	22	-1	50	14
3715	22	-1	581	136
3716	22	-1	3	0
3717	22	1	88	24
3718	22	1	4886	1008
3719	22	1	1034	219
3720	22	1	42	10
3721	22	1	23	4
3722	22	-1	200	58
3723	22	1	80	22
3724	22	-1	134	36
3725	22	-1	130	31
3726	22	1	1039	228
3727	22	1	49	11
3728	22	1	42	12
3729	22	1	80	22
3730	22	-1	437	100
3731	22	-1	247	53
3732	22	-1	3071	698
3733	22	-1	4	0
3734	22	1	89	22
3735	22	-1	56	15
3736	22	-1	5859	1145
3737	22	1	813	211
3738	22	0	478	103
3739	22	1	89	16
3740	22	-1	267	63
3741	22	-1	284	74
3742	22	-1	299	70
3743	22	-1	15	4
3744	22	1	157	39
3745	22	1	22	5
3746	22	1	6	1
3747	22	-1	4733	909
3748	22	-1	1647	373
3749	22	1	54	11
3750	22	-1	1796	375
3751	22	0	160	37
3752	22	1	55	17
3753	22	1	1	0
3754	22	-1	346	73
3755	22	-1	83	21
3756	22	1	7708	1637
3757	22	1	791	184
3758	22	-1	256	63
3759	22	1	3	1
3760	22	-1	415	88
3761	22	-1	122	34
3762	22	1	2235	521
3763	22	-1	550	127
3764	22	1	275	55
3765	22	-1	375	98
3766	22	1	259	62
3767	22	-1	30	10
3768	22	1	351	88
3769	22	-1	12	3
3770	22	1	344	69
3771	23	1	16	3
3772	23	-1	1439	344
3773	23	-1	1338	292
3774	23	-1	7155	1475
3775	23	-1	3	0
3776	23	-1	2636	583
3777	23	-1	7981	1863
3778	23	1	1740	413
3779	23	0	13474	2994
3780	23	-1	1715	363
3781	23	-1	32	11
3782	23	1	3672	838
3783	23	-1	18389	3625
3784	23	0	55	15
3785	23	-1	2338	472
3786	23	1	193	43
3787	23	-1	506	126
3788	23	-1	294	66
3789	23	1	7	2
3790	23	1	2320	552
3791	23	1	672	155
3792	23	1	5489	1273
3793	23	1	15801	3193
3794	23	1	2620	620
3795	23	-1	710	148
3796	23	1	246	63
3797	23	-1	293	64
3798	23	-1	1581	349
3799	23	1	989	229
3800	23	-1	3892	823
3801	23	0	697	167
3802	23	1	301	79
3803	23	-1	75	20
3804	23	-1	1262	277
3805	23	1	2644	584
3806	23	-1	25661	5247
3807	23	1	1	0
3808	23	1	1137	260
3809	23	1	1	0
3810	23	1	22	5
3811	23	1	1182	251
3812	23	1	34	10
3813	23	1	1	0
3814	23	1	2334	449
3815	23	-1	409	115
3816	23	1	196	53
3817	23	1	20	6
3818	23	1	64	16
3819	23	-1	1443	307
3820	23	1	27888	5582
3821	23	1	758	196
3822	23	-1	166	48
3823	23	-1	61	19
3824	23	-1	952	211
3825	23	0	3553	823
3826	23	0	52	11
3827	23	-1	448	97
3828	23	1	20	5
3829	23	-1	3466	836
3830	23	1	91	20
3831	23	1	1317	276
3832	23	-1	128	35
3833	23	-1	150	43
3834	23	1	8	2
3835	23	1	16	6
3836	23	1	16	5
3837	23	1	7	2
3838	23	1	72	19
3839	23	-1	116	28
3840	23	-1	177	51
3841	23	-1	7262	1619
3842	23	1	699	166
3843	23	1	31	8
3844	23	-1	1520	350
3845	23	1	1244	318
3846	23	1	1277	302
3847	23	1	59	19
3848	23	1	2124	494
3849	23	-1	1142	256
3850	23	1	79	19
3851	23	1	353	91
3852	23	1	330	77
3853	23	-1	1214	284
3854	23	1	135	35
3855	23	1	541	122
3856	23	1	27348	5663
3857	23	1	3064	713
3858	23	-1	764	164
3859	23	-1	529	102
3860	23	-1	17217	3809
3861	23	1	103	28
3862	23	-1	302	79
3863	23	1	1396	330
3864	23	-1	910	195
3865	23	-1	3599	779
3866	23	1	41	10
3867	23	-1	712	153
3868	23	-1	21	5
3869	23	0	2640	571
3870	23	1	2173	469
3871	23	1	13	4
3872	23	-1	24872	5551
3873	23	1	233	56
3874	23	1	733	176
3875	23	1	239	56
3876	23	1	9146	1949
3877	23	1	3497	755
3878	23	1	125	26
3879	23	1	17	6
3880	23	1	66	15
3881	23	1	413	101
3882	23	-1	309	78
3883	23	1	75	18
3884	23	1	217	48
3885	23	1	14	4
3886	23	-1	33	11
3887	23	-1	5124	1181
3888	23	1	62	13
3889	23	1	34	8
3890	23	1	45	12
3891	23	-1	180	32
3892	23	1	14	3
3893	23	1	11759	2405
3894	23	1	1150	266
3895	23	1	1903	432
3896	23	-1	353	68
3897	23	-1	359	72
3898	23	1	74	17
3899	23	1	799	172
3900	23	-1	579	122
3901	23	1	23	8
3902	23	-1	118	31
3903	23	-1	2878	559
3904	23	1	1305	286
3905	23	-1	66	16
3906	23	-1	29	8
3907	23	-1	1109	214
3908	23	-1	66	20
3909	23	1	310	83
3910	23	1	515	116
3911	23	-1	1036	246
3912	23	-1	1656	382
3913	23	1	2556	602
3914	23	1	37	8
3915	23	-1	6	2
3916	23	-1	5995	1139
3917	23	1	7	2
3918	23	-1	3942	811
3919	23	-1	14427	3053
3920	23	1	16	5
3921	23	1	259	58
3922	23	1	1647	361
3923	23	1	2000	442
3924	23	1	1	0
3925	23	1	17	5
3926	23	1	966	228
3927	23	1	311	84
3928	23	-1	65689	13487
3929	23	-1	6	2
3930	23	1	1560	356
3931	23	0	1730	345
3932	23	1	17	3
3933	23	-1	9	2
3934	23	0	3192	749
3935	23	-1	693	168
3936	23	1	269	67
3937	23	-1	333	71
3938	23	1	3146	695
3939	23	1	4847	1121
3940	23	1	13	4
3941	23	-1	121	29
3942	23	-1	636	141
3943	23	0	1632	399
3944	23	1	4781	1053
3945	23	-1	2798	583
3946	23	1	20	7
3947	23	1	708	174
3948	23	1	7	1
3949	23	1	58	15
3950	23	-1	39	10
3951	23	-1	94	24
3952	23	-1	108	30
3953	23	-1	1968	471
3954	23	1	517	145
3955	23	1	9	2
3956	23	-1	1195	260
3957	23	1	962	221
3958	23	-1	839	181
3959	23	1	183	52
3960	23	-1	117	30
3961	23	1	102	24
3962	23	1	1692	420
3963	23	-1	382	85
3964	23	-1	319	66
3965	23	1	1	0
3966	23	-1	308	79
3967	23	1	48	13
3968	23	-1	339	84
3969	23	-1	3286	783
3970	23	-1	7	1
3971	23	-1	83	22
3972	23	-1	3	0
3973	23	-1	122	29
3974	23	-1	5890	1299
3975	23	-1	3	0
3976	23	-1	1443	309
3977	23	-1	22	6
3978	23	-1	1618	322
3979	23	1	190	44
3980	23	1	390	73
3981	23	1	234	60
3982	23	-1	3599	786
3983	23	1	454	101
3984	23	1	4550	1058
3985	23	1	7247	1484
3986	23	-1	592	142
3987	23	-1	284	66
3988	23	-1	9529	2115
3989	23	1	2967	636
3990	23	1	13	3
3991	23	1	15989	3593
3992	23	1	7987	1645
3993	23	1	193	50
3994	23	-1	737	181
3995	23	-1	150	41
3996	23	1	199	41
3997	23	-1	100	28
3998	23	1	336	78
3999	23	1	810	193
4000	23	1	4356	968
4001	23	1	15	4
4002	23	1	51	15
4003	23	1	34	9
4004	23	-1	444	114
4005	23	-1	426	109
4006	23	-1	388	77
4007	23	1	3	1
4008	23	1	189	51
4009	23	-1	159	44
4010	23	-1	459	108
4011	23	1	63	14
4012	23	-1	3339	713
4013	23	1	15260	3589
4014	23	1	30	10
4015	23	1	254	63
4016	23	-1	724	184
4017	23	1	194	43
4018	23	-1	368	80
4019	23	1	13	4
4020	23	1	51	13
4021	23	1	323	71
4022	23	1	1678	386
4023	23	0	79	17
4024	23	1	1	0
4025	23	-1	283	61
4026	23	1	882	181
4027	23	-1	23	4
4028	23	-1	213	56
4029	23	-1	4	0
4030	23	-1	57	11
4031	23	-1	148	39
4032	23	1	30	9
4033	23	-1	4	0
4034	23	1	10225	2321
4035	23	1	160	39
4036	23	0	2117	475
4037	23	1	8	2
4038	23	-1	214	53
4039	23	1	772	184
4040	23	1	32	10
4041	23	1	654	165
4042	23	1	42	9
4043	23	1	598	138
4044	23	-1	9698	2094
4045	23	-1	1596	340
4046	23	1	2042	429
4047	23	-1	982	217
4048	23	1	1470	349
4049	23	1	311	85
4050	23	1	1682	399
4051	23	1	1165	248
4052	23	1	78	19
4053	23	-1	1007	237
4054	23	1	364	87
4055	23	1	35276	7509
4056	23	-1	109	36
4057	23	1	3445	822
4058	23	1	15	4
4059	23	-1	63	20
4060	23	1	2404	547
4061	23	0	1113	247
4062	23	1	726	162
4063	23	-1	1202	302
4064	23	1	6	1
4065	23	-1	2176	492
4066	23	1	130	33
4067	23	1	3	1
4068	23	1	128	30
4069	23	1	1587	375
4070	23	-1	3599	788
4071	24	-1	5372	1311
4072	24	1	469	108
4073	24	1	6193	1462
4074	24	1	41	11
4075	24	1	11	2
4076	24	1	91	21
4077	24	1	25	7
4078	24	-1	106	32
4079	24	-1	587	145
4080	24	1	13	4
4081	24	-1	35329	7767
4082	24	1	1184	253
4083	24	1	571	128
4084	24	-1	81964	13817
4085	24	-1	411	84
4086	24	-1	5825	1196
4087	24	1	20	5
4088	24	-1	149	33
4089	24	1	667	148
4090	24	-1	7036	1229
4091	24	1	87	21
4092	24	1	716	157
4093	24	1	431	88
4094	24	1	3095	644
4095	24	-1	1891	325
4096	24	1	5	1
4097	24	-1	444	85
4098	24	1	2448	450
4099	24	-1	13806	2784
4100	24	-1	3981	828
4101	24	1	1653	358
4102	24	1	15025	3049
4103	24	1	1454	298
4104	24	1	18	5
4105	24	-1	548	105
4106	24	-1	2496	592
4107	24	-1	417	92
4108	24	-1	3	0
4109	24	1	235	57
4110	24	-1	206	58
4111	24	1	2893	536
4112	24	1	274	72
4113	24	-1	576	113
4114	24	1	34	6
4115	24	1	4081	994
4116	24	1	1133	284
4117	24	1	3	0
4118	24	1	1448	329
4119	24	-1	3	0
4120	24	-1	23427	4651
4121	24	1	1043	231
4122	24	1	681	165
4123	24	-1	254	56
4124	24	1	5	2
4125	24	1	5	1
4126	24	-1	380	80
4127	24	1	2247	484
4128	24	-1	4659	970
4129	24	0	6757	1499
4130	24	-1	1379	311
4131	24	1	7189	1650
4132	24	1	326	86
4133	24	1	8	3
4134	24	1	3071	617
4135	24	1	1	0
4136	24	1	17	5
4137	24	-1	4	0
4138	24	1	31	7
4139	24	-1	354	91
4140	24	-1	2977	710
4141	24	1	47	15
4142	24	-1	2473	515
4143	24	-1	213	43
4144	24	-1	379	94
4145	24	-1	7377	1697
4146	24	1	266	67
4147	24	1	855	212
4148	24	-1	3450	785
4149	24	-1	5214	1170
4150	24	-1	2819	642
4151	24	-1	1807	397
4152	24	1	56	15
4153	24	-1	113	36
4154	24	0	16144	3611
4155	24	-1	540	135
4156	24	1	36	11
4157	24	-1	871	209
4158	24	1	1418	295
4159	24	1	1747	416
4160	24	1	1496	351
4161	24	1	5433	1283
4162	24	-1	34	15
4163	24	1	1024	240
4164	24	-1	288	75
4165	24	1	841	185
4166	24	1	320	84
4167	24	-1	4961	1144
4168	24	1	2511	547
4169	24	1	189	44
4170	24	1	8	2
4171	24	-1	54	15
4172	24	-1	111	32
4173	24	1	3223	747
4174	24	1	219	58
4175	24	1	3	1
4176	24	1	1355	307
4177	24	1	8	3
4178	24	-1	332	86
4179	24	1	1443	307
4180	24	1	680	181
4181	24	1	1453	316
4182	24	-1	30328	5919
4183	24	-1	338	70
4184	24	1	1489	416
4185	24	-1	815	206
4186	24	-1	4005	837
4187	24	-1	4505	1055
4188	24	1	9715	1951
4189	24	-1	15	5
4190	24	-1	950	210
4191	24	-1	3681	801
4192	24	-1	41	10
4193	24	1	2829	573
4194	24	1	3996	909
4195	24	-1	605	151
4196	24	-1	7443	1462
4197	24	1	834	215
4198	24	-1	30	8
4199	24	1	32	8
4200	24	-1	910	238
4201	24	-1	3081	659
4202	24	-1	2057	442
4203	24	-1	5825	1339
4204	24	-1	251	63
4205	24	-1	2756	628
4206	24	1	6	2
4207	24	-1	4206	943
4208	24	1	2163	566
4209	24	-1	80	18
4210	24	1	14	4
4211	24	-1	4734	1024
4212	24	1	5	1
4213	24	-1	3	0
4214	24	-1	22188	4665
4215	24	-1	26643	5449
4216	24	1	222	52
4217	24	-1	1744	412
4218	24	1	1272	288
4219	24	1	6776	1407
4220	24	-1	2012	400
4221	24	1	29622	7015
4222	24	-1	379	89
4223	24	1	13	3
4224	24	1	37	11
4225	24	1	1944	436
4226	24	-1	191	60
4227	24	1	12869	2729
4228	24	1	4	1
4229	24	-1	154	44
4230	24	-1	1786	446
4231	24	-1	11347	2547
4232	24	-1	5927	1268
4233	24	-1	887	214
4234	24	-1	12338	2875
4235	24	-1	2153	501
4236	24	-1	296	81
4237	24	1	1852	372
4238	24	1	1110	272
4239	24	-1	4006	945
4240	24	-1	5111	1181
4241	24	-1	125	37
4242	24	-1	5825	1343
4243	24	1	66	20
4244	24	-1	8658	1974
4245	24	1	281	61
4246	24	1	520	127
4247	24	1	63026	9875
4248	24	-1	32855	4943
4249	24	-1	3565	559
4250	24	-1	11043	1665
4251	24	-1	219	41
4252	24	1	1	0
4253	24	-1	35	5
4254	24	-1	314	45
4255	24	1	1239	208
4256	24	-1	1138	190
4257	24	-1	1554	254
4258	24	1	1757	293
4259	24	1	853	140
4260	24	1	1454	225
4261	24	1	651	123
4262	24	-1	1266	203
4263	24	-1	63	12
4264	24	1	684	114
4265	24	1	3257	523
4266	24	-1	4	0
4267	24	-1	1368	219
4268	24	-1	447	78
4269	24	1	38	7
4270	24	1	1528	254
4271	24	1	18	3
4272	24	-1	17574	2826
4273	24	1	2638	435
4274	24	1	6	1
4275	24	-1	8	1
4276	24	1	9352	1655
4277	24	1	2019	336
4278	24	1	3	1
4279	24	-1	3817	641
4280	24	-1	563	96
4281	24	1	1961	306
4282	24	-1	2540	352
4283	24	1	6986	1223
4284	24	1	6	1
4285	24	1	576	117
4286	24	1	56	10
4287	24	-1	723	129
4288	24	1	37	9
4289	24	-1	472	73
4290	24	1	586	104
4291	24	1	4712	649
4292	24	1	4694	769
4293	24	0	483	81
4294	24	1	859	140
4295	24	-1	4346	713
4296	24	-1	3565	604
4297	24	-1	3	0
4298	24	-1	1763	329
4299	24	-1	5053	889
4300	24	-1	5323	870
4301	24	-1	3829	647
4302	24	0	673	126
4303	24	-1	4831	774
4304	24	1	1111	204
4305	24	1	154	35
4306	24	1	1064	206
4307	24	-1	91	17
4308	24	-1	5007	863
4309	24	-1	1622	291
4310	24	1	102	26
4311	24	-1	1290	214
4312	24	1	1	0
4313	24	1	953	169
4314	24	-1	125	25
4315	24	1	172	31
4316	24	-1	5825	985
4317	24	-1	5113	804
4318	24	1	130	25
4319	24	1	854	150
4320	24	1	578	109
4321	24	-1	5825	704
4322	24	-1	3173	574
4323	24	-1	397	74
4324	24	1	320	70
4325	24	-1	2165	342
4326	24	-1	9	1
4327	24	1	184	34
4328	24	1	1147	222
4329	24	-1	6051	1007
4330	24	0	2469	430
4331	24	-1	99	22
4332	24	1	1688	309
4333	24	-1	3392	572
4334	24	-1	478	75
4335	24	-1	104444	16577
4336	24	-1	5825	1008
4337	24	1	1	0
4338	24	1	6231	1101
4339	24	-1	225	39
4340	24	1	33	7
4341	24	-1	249	51
4342	24	-1	105	24
4343	24	-1	748	130
4344	24	1	50	9
4345	24	1	4	1
4346	24	1	5	1
4347	24	1	204	37
4348	24	1	26	5
4349	24	0	16670	2839
4350	24	-1	2154	391
4351	24	-1	877	144
4352	24	-1	1947	356
4353	24	0	796	142
4354	24	1	66	14
4355	24	-1	229	48
4356	24	-1	12004	1882
4357	24	1	16	4
4358	24	-1	78	16
4359	24	-1	1459	244
4360	24	1	804	146
4361	24	0	871	155
4362	24	1	546	97
4363	24	1	265	46
4364	24	1	494	93
4365	24	1	2642	476
4366	24	1	16287	2462
4367	24	1	72	13
4368	24	-1	384	71
4369	24	1	1719	292
4370	24	-1	434	78
4371	25	-1	547	89
4372	25	1	262	54
4373	25	-1	2189	367
4374	25	1	29	6
4375	25	-1	3148	533
4376	25	-1	1663	296
4377	25	1	368	74
4378	25	1	20186	3272
4379	25	1	1497	262
4380	25	1	2896	500
4381	25	0	3502	675
4382	25	-1	1594	286
4383	25	-1	8134	1490
4384	25	1	6	2
4385	25	-1	134	27
4386	25	-1	32265	5707
4387	25	1	517	100
4388	25	1	19	4
4389	25	-1	459	105
4390	25	1	118	27
4391	25	-1	22768	3822
4392	25	-1	389	88
4393	25	1	171	31
4394	25	1	170	35
4395	25	1	1	0
4396	25	-1	227041	34127
4397	25	1	364	64
4398	25	-1	296	67
4399	25	-1	3043	522
4400	25	1	1967	361
4401	25	-1	161	34
4402	25	1	1583	264
4403	25	1	293	61
4404	25	1	1492	243
4405	25	-1	15676	2534
4406	25	1	3179	599
4407	25	1	123	26
4408	25	1	2315	394
4409	25	-1	1886	345
4410	25	1	6805	1205
4411	25	1	1548	292
4412	25	1	1	0
4413	25	-1	224	52
4414	25	-1	27852	4849
4415	25	-1	5743	1062
4416	25	1	756	139
4417	25	0	10113	1838
4418	25	1	88547	14829
4419	25	1	65	16
4420	25	1	475	95
4421	25	1	3795	672
4422	25	1	1862	322
4423	25	1	1844	328
4424	25	-1	47	8
4425	25	1	2765	495
4426	25	1	35	8
4427	25	1	47	10
4428	25	1	1866	341
4429	25	1	1630	285
4430	25	-1	4792	863
4431	25	1	1044	210
4432	25	1	1541	257
4433	25	1	9	2
4434	25	1	1074	200
4435	25	1	22633	3985
4436	25	-1	618	120
4437	25	1	283	53
4438	25	-1	11853	2110
4439	25	1	4	1
4440	25	1	34207	5901
4441	25	0	11968	2106
4442	25	-1	1693	280
4443	25	1	945	190
4444	25	-1	4464	764
4445	25	1	227	45
4446	25	1	2049	363
4447	25	1	8063	1460
4448	25	-1	80330	12955
4449	25	-1	54934	8792
4450	25	1	5064	920
4451	25	-1	5762	1052
4452	25	-1	14506	2515
4453	25	1	451	75
4454	25	1	6365	1076
4455	25	-1	327	64
4456	25	1	2192	338
4457	25	1	277	56
4458	25	1	23	4
4459	25	-1	23010	4183
4460	25	-1	124975	19952
4461	25	-1	1077	189
4462	25	0	7803	1435
4463	25	-1	4	0
4464	25	1	1655	326
4465	25	1	376	70
4466	25	-1	31	8
4467	25	-1	2987	503
4468	25	-1	380	68
4469	25	-1	389	68
4470	25	1	311	44
4471	25	-1	1663	296
4472	25	-1	65302	11173
4473	25	-1	2987	504
4474	25	1	27215	4647
4475	25	1	1	0
4476	25	-1	2787	503
4477	25	-1	153	37
4478	25	-1	649	110
4479	25	-1	6514	1025
4480	25	-1	19	5
4481	25	1	15	3
4482	25	-1	170	36
4483	25	1	4356	825
4484	25	1	410	76
4485	25	-1	16623	2866
4486	25	-1	3555	663
4487	25	0	13047	2117
4488	25	-1	3	0
4489	25	1	57109	10301
4490	25	1	4769	848
4491	25	1	9	2
4492	25	1	8469	1579
4493	25	1	37	10
4494	25	-1	1143	201
4495	25	1	173	36
4496	25	1	1323	236
4497	25	1	57	20
4498	25	1	64	12
4499	25	1	327	66
4500	25	1	6130	1085
4501	25	-1	24023	3857
4502	25	-1	41087	6833
4503	25	-1	1559	352
4504	25	0	4105	676
4505	25	-1	214	31
4506	25	-1	1132	206
4507	25	-1	20097	3464
4508	25	1	3727	707
4509	25	-1	73	15
4510	25	1	226	53
4511	25	1	664	121
4512	25	-1	9433	1561
4513	25	-1	3954	692
4514	25	1	4596	885
4515	25	1	572	105
4516	25	1	14	3
4517	25	0	35385	5675
4518	25	1	1702	300
4519	25	-1	1579	276
4520	25	1	28037	4895
4521	25	1	136	41
4522	25	-1	1888	346
4523	25	1	35300	6044
4524	25	-1	161	24
4525	25	1	19	4
4526	25	-1	1456	300
4527	25	-1	3296	595
4528	25	1	519	89
4529	25	0	27428	4738
4530	25	1	1	0
4531	25	1	567	108
4532	25	1	1364	267
4533	25	1	4446	805
4534	25	1	349	69
4535	25	-1	1961	379
4536	25	-1	70	16
4537	25	1	57323	9485
4538	25	1	351	72
4539	25	1	1590	286
4540	25	1	7254	1275
4541	25	1	123	26
4542	25	-1	23414	3886
4543	25	1	26	6
4544	25	1	7	2
4545	25	1	14	3
4546	25	1	1189	218
4547	25	1	4241	768
4548	25	-1	4394	849
4549	25	-1	509	86
4550	25	-1	316	66
4551	25	-1	738	149
4552	25	1	5	1
4553	25	-1	9	2
4554	25	1	137	26
4555	25	1	4	1
4556	25	-1	30	7
4557	25	-1	102	21
4558	25	1	394	76
4559	25	1	871	154
4560	25	1	24510	4429
4561	25	1	30	8
4562	25	1	39	9
4563	25	-1	21488	3852
4564	25	1	6	1
4565	25	-1	3098	598
4566	25	-1	18085	3002
4567	25	-1	1726	324
4568	25	1	762	137
4569	25	1	1	0
4570	25	1	51	10
4571	25	0	1307	251
4572	25	1	905	175
4573	25	1	493	93
4574	25	1	345	72
4575	25	-1	13	3
4576	25	1	9328	1700
4577	25	-1	23585	3814
4578	25	1	1	0
4579	25	-1	25358	4353
4580	25	-1	367	88
4581	25	-1	6036	1077
4582	25	-1	31682	5355
4583	25	1	622	113
4584	25	-1	260	46
4585	25	1	12428	2256
4586	25	1	1313	249
4587	25	1	4459	815
4588	25	-1	47600	7647
4589	25	1	1959	356
4590	25	-1	203	43
4591	25	0	241362	40254
4592	25	1	424	77
4593	25	-1	10558	1826
4594	25	1	91723	15101
4595	25	1	29221	4747
4596	25	1	345	90
4597	25	1	8450	1786
4598	25	-1	39	10
4599	25	0	21359	5482
4600	25	1	141442	24252
4601	25	1	36	8
4602	25	1	1	0
4603	25	-1	4022	680
4604	25	-1	2670	645
4605	25	-1	5332	1220
4606	25	1	29458	6635
4607	25	-1	1880	341
4608	25	1	1258	227
4609	25	1	9	2
4610	25	-1	863	151
4611	25	-1	5129	1270
4612	25	1	365	100
4613	25	1	40958	9132
4614	25	1	5722	1228
4615	25	-1	2462	569
4616	25	-1	19398	3083
4617	25	-1	27386	4611
4618	25	-1	5929	912
4619	25	1	328	57
4620	25	1	293	62
4621	25	1	16951	2968
4622	25	-1	371	62
4623	25	1	1658	382
4624	25	1	166	41
4625	25	1	3577	817
4626	25	1	64	19
4627	25	-1	543	144
4628	25	-1	53426	11529
4629	25	1	773	206
4630	25	1	16366	3616
4631	25	1	134	32
4632	25	1	24	7
4633	25	1	1464	264
4634	25	-1	127	26
4635	25	-1	32165	5583
4636	25	1	4950	920
4637	25	1	2491	405
4638	25	1	1562	274
4639	25	-1	22650	3812
4640	25	1	210	43
4641	25	-1	18564	3171
4642	25	-1	5	1
4643	25	1	4375	809
4644	25	-1	7374	1192
4645	25	1	368	75
4646	25	1	4	1
4647	25	1	933	250
4648	25	-1	5343	1211
4649	25	-1	12473	2799
4650	25	-1	347	82
4651	25	-1	2835	650
4652	25	-1	1275	317
4653	25	1	841	205
4654	25	1	307	73
4655	25	1	24282	5516
4656	25	-1	163	56
4657	25	1	1947	467
4658	25	-1	198	45
4659	25	-1	2756	625
4660	25	1	15	5
4661	25	1	22	7
4662	25	1	1	0
4663	25	1	483	121
4664	25	1	81	19
4665	25	1	162	42
4666	25	1	1	0
4667	25	-1	4764	1061
4668	25	-1	1032	270
4669	25	1	23159	5539
4670	25	-1	162	45
4671	26	-1	7804	1646
4672	26	1	2133	508
4673	26	-1	4104	975
4674	26	-1	1216	330
4675	26	1	1213	278
4676	26	-1	5263	1242
4677	26	1	14785	2948
4678	26	1	2180	446
4679	26	-1	291287	66571
4680	26	-1	5176	1358
4681	26	0	4590	1137
4682	26	-1	3	0
4683	26	-1	29	14
4684	26	1	7	2
4685	26	-1	19271	3964
4686	26	-1	13326	3373
4687	26	-1	254	60
4688	26	1	41667	11024
4689	26	-1	441614	103471
4690	26	-1	8206	1433
4691	26	0	23296	3994
4692	26	1	7369	1247
4693	26	1	11334	1906
4694	26	1	36010	8444
4695	26	-1	6445	1102
4696	26	-1	5084	1181
4697	26	1	1308	350
4698	26	-1	39	12
4699	26	1	22187	4479
4700	26	1	20	5
4701	26	-1	57598	9611
4702	26	-1	5545	969
4703	26	1	177	39
4704	26	1	2200	441
4705	26	1	260	51
4706	26	-1	28050	6118
4707	26	-1	18638	4272
4708	26	1	616	120
4709	26	1	19409	4655
4710	26	-1	201	66
4711	26	1	547	157
4712	26	-1	11284	2731
4713	26	1	453	134
4714	26	1	5837	1392
4715	26	1	33	8
4716	26	1	12881	3227
4717	26	-1	80	22
4718	26	-1	28841	5148
4719	26	1	10743	1928
4720	26	-1	26508	4621
4721	26	-1	2882	495
4722	26	1	10837	1857
4723	26	-1	604676	110785
4724	26	1	6523	1173
4725	26	-1	37463	6692
4726	26	-1	30331	5303
4727	26	1	44250	8138
4728	26	-1	4	0
4729	26	-1	17553	2864
4730	26	1	1	0
4731	26	-1	62962	14251
4732	26	1	12203	2631
4733	26	-1	1901	400
4734	26	1	2036	456
4735	26	-1	322	70
4736	26	-1	22454	5163
4737	26	1	5438	1324
4738	26	-1	38389	8720
4739	26	1	1755	426
4740	26	1	65	27
4741	26	1	7567	1740
4742	26	-1	1420	334
4743	26	1	2283	519
4744	26	-1	32756	6560
4745	26	-1	6761	1488
4746	26	1	1563	347
4747	26	-1	80247	16262
4748	26	-1	3	0
4749	26	-1	100	26
4750	26	1	14662	3040
4751	26	-1	217493	46224
4752	26	-1	22274	4636
4753	26	-1	1473	295
4754	26	1	32	8
4755	26	1	29	9
4756	26	0	5635	1216
4757	26	1	17663	4154
4758	26	-1	20649	4698
4759	26	1	9422	2198
4760	26	-1	9379	2005
4761	26	-1	6058	1389
4762	26	-1	6020	1446
4763	26	-1	4	1
4764	26	-1	22953	4886
4765	26	-1	327	81
4766	26	1	26564	6182
4767	26	-1	347414	78056
4768	26	1	3509	747
4769	26	1	1582	376
4770	26	-1	534	139
4771	26	-1	5945	1268
4772	26	1	24822	5550
4773	26	-1	47215	10962
4774	26	1	11986	2560
4775	26	1	3121	821
4776	26	1	1929	418
4777	26	-1	3	0
4778	26	1	1259	356
4779	26	-1	1149	273
4780	26	-1	13838	3423
4781	26	1	31	11
4782	26	-1	272	114
4783	26	-1	240	76
4784	26	1	7407	1730
4785	26	1	6959	1622
4786	26	1	7140	1793
4787	26	1	167949	30959
4788	26	-1	14169	2319
4789	26	-1	31463	5627
4790	26	-1	9372	1531
4791	26	1	8918	1538
4792	26	-1	5106	863
4793	26	-1	859	169
4794	26	1	13246	2051
4795	26	-1	8642	1433
4796	26	-1	62	16
4797	26	1	36	7
4798	26	-1	3	0
4799	26	1	2624	451
4800	26	-1	363	81
4801	26	1	2598	505
4802	26	-1	4	0
4803	26	1	10344	1823
4804	26	-1	69	21
4805	26	1	3333	628
4806	26	1	32181	5617
4807	26	1	1	0
4808	26	-1	137069	26836
4809	26	1	24	10
4810	26	-1	339128	74847
4811	26	1	14724	3285
4812	26	1	228	62
4813	26	-1	5176	1396
4814	26	1	17343	4484
4815	26	-1	392937	90200
4816	26	-1	355	92
4817	26	1	4866	1154
4818	26	1	258	67
4819	26	1	1950	529
4820	26	1	40	14
4821	26	-1	6622	1279
4822	26	1	542	119
4823	26	1	7127	1261
4824	26	1	69	12
4825	26	1	15011	2689
4826	26	1	738	146
4827	26	1	1393	264
4828	26	-1	16920	3036
4829	26	-1	1206	190
4830	26	1	6998	1293
4831	26	1	1754	291
4832	26	1	130	25
4833	26	-1	9342	1573
4834	26	1	9	2
4835	26	-1	10723	1823
4836	26	-1	15230	2711
4837	26	0	3885	643
4838	26	1	1027	239
4839	26	1	112	38
4840	26	1	10837	2335
4841	26	1	29582	6267
4842	26	-1	1945	502
4843	26	1	7810	1582
4844	26	-1	29514	6543
4845	26	1	2045	491
4846	26	1	4082	936
4847	26	1	2329	522
4848	26	-1	1841	453
4849	26	-1	3154	699
4850	26	-1	6339	1331
4851	26	1	1064	240
4852	26	-1	309566	69943
4853	26	1	497	111
4854	26	-1	1537	366
4855	26	1	984	198
4856	26	1	11930	2855
4857	26	1	1	0
4858	26	0	44553	10539
4859	26	1	1106	247
4860	26	1	285	81
4861	26	1	5050	1123
4862	26	1	36765	7809
4863	26	-1	47506	10485
4864	26	-1	5267	1014
4865	26	1	124	33
4866	26	1	1265	383
4867	26	-1	10723	2352
4868	26	-1	226261	39030
4869	26	-1	18401	3085
4870	26	-1	444	77
4871	26	1	4650	740
4872	26	-1	1270	221
4873	26	-1	2859	512
4874	26	-1	3869	658
4875	26	-1	7231	1193
4876	26	-1	1751	294
4877	26	1	3	3
4878	26	-1	7946	1363
4879	26	-1	618	115
4880	26	-1	55815	9779
4881	26	-1	1271	204
4882	26	-1	2274	417
4883	26	1	5130	867
4884	26	1	11323	1929
4885	26	1	560	113
4886	26	-1	281782	47903
4887	26	-1	17816	3358
4888	26	1	10474	1641
4889	26	1	10837	1826
4890	26	1	4179	708
4891	26	1	206	40
4892	26	1	64	14
4893	26	-1	433	69
4894	26	-1	9812	1734
4895	26	1	36042	6163
4896	26	-1	973	158
4897	26	1	1	0
4898	26	-1	149984	25485
4899	26	1	6	2
4900	26	1	9384	1514
4901	26	-1	7	1
4902	26	-1	126	24
4903	26	1	4742	829
4904	26	-1	2507	444
4905	26	-1	5176	993
4906	26	1	10379	1852
4907	26	-1	85	34
4908	26	1	11	3
4909	26	1	2156	510
4910	26	-1	6886	1402
4911	26	-1	17061	3690
4912	26	1	43873	9391
4913	26	-1	234831	46426
4914	26	1	85	18
4915	26	1	21870	3614
4916	26	1	14906	2437
4917	26	1	17059	2822
4918	26	1	869	145
4919	26	-1	4312	778
4920	26	1	182	32
4921	26	1	3	1
4922	26	-1	379	78
4923	26	1	3760	634
4924	26	1	5761	931
4925	26	-1	4938	853
4926	26	1	26941	4434
4927	26	1	445	82
4928	26	-1	22223	3483
4929	26	-1	341	71
4930	26	1	144	27
4931	26	1	9123	1636
4932	26	1	241	41
4933	26	1	5394	830
4934	26	1	14842	2437
4935	26	1	418	73
4936	26	-1	137	33
4937	26	-1	118	28
4938	26	-1	267744	44455
4939	26	-1	761231	126314
4940	26	-1	1120	203
4941	26	1	7268	1358
4942	26	-1	210	36
4943	26	1	24	6
4944	26	1	1688	242
4945	26	-1	406897	72893
4946	26	1	188	45
4947	26	1	12374	2070
4948	26	-1	4951	843
4949	26	1	3509	591
4950	26	1	107	20
4951	26	-1	764	149
4952	26	1	25	4
4953	26	-1	2396	471
4954	26	1	2134	403
4955	26	-1	3290	567
4956	26	1	9	2
4957	26	1	6095	1055
4958	26	1	150806	28996
4959	26	1	30800	5480
4960	26	-1	2507	461
4961	26	1	564	104
4962	26	1	2259	468
4963	26	-1	9745	1766
4964	26	-1	18723	3240
4965	26	1	1087	225
4966	26	1	996	174
4967	26	1	29	6
4968	26	1	3382	650
4969	26	1	13	2
4970	26	1	80	14
4971	27	1	33119	5718
4972	27	-1	1605	369
4973	27	1	5447	987
4974	27	-1	23900	4322
4975	27	1	2673	474
4976	27	1	259287	45493
4977	27	-1	60587	11011
4978	27	1	46	9
4979	27	1	12458	2128
4980	27	-1	398	78
4981	27	1	547	105
4982	27	-1	35	5
4983	27	1	10830	2003
4984	27	1	735	130
4985	27	-1	218534	36577
4986	27	1	9	2
4987	27	1	4369	737
4988	27	-1	7257	1280
4989	27	1	174	39
4990	27	-1	8141	1496
4991	27	1	1333	253
4992	27	1	1	0
4993	27	-1	31634	5799
4994	27	1	103043	16351
4995	27	-1	572	128
4996	27	1	19605	3497
4997	27	1	1937	387
4998	27	1	35	10
4999	27	1	443	84
5000	27	1	610	126
5001	27	-1	140774	24169
5002	27	1	50110	8636
5003	27	-1	57103	10196
5004	27	1	14872	2738
5005	27	1	110800	17963
5006	27	-1	5001	866
5007	27	1	7624	1195
5008	27	-1	24145	3666
5009	27	-1	395	74
5010	27	1	7425	1149
5011	27	-1	272	47
5012	27	-1	19	4
5013	27	1	22917	3977
5014	27	1	593	88
5015	27	1	8461	1572
5016	27	1	205311	31305
5017	27	1	381	65
5018	27	1	43011	7352
5019	27	1	72	18
5020	27	1	337	64
5021	27	1	144	39
5022	27	1	4440	862
5023	27	-1	12317	2041
5024	27	1	339806	61581
5025	27	1	332000	60313
5026	27	1	28369	5076
5027	27	1	3	1
5028	27	-1	1584	312
5029	27	-1	260489	44747
5030	27	1	14526	2352
5031	27	1	798	148
5032	27	-1	434453	77301
5033	27	-1	315	68
5034	27	-1	72368	12791
5035	27	-1	373	80
5036	27	1	11998	2223
5037	27	1	116	28
5038	27	1	418	80
5039	27	-1	3861	677
5040	27	1	377	73
5041	27	-1	173812	32625
5042	27	-1	4	0
5043	27	1	34005	6308
5044	27	1	659	128
5045	27	-1	30197	4995
5046	27	1	6597	1178
5047	27	1	7692	1261
5048	27	1	440	79
5049	27	-1	37	7
5050	27	1	12	2
5051	27	1	21	5
5052	27	-1	67493	12526
5053	27	1	5	1
5054	27	-1	117900	19421
5055	27	1	21088	3620
5056	27	1	156	25
5057	27	-1	6	0
5058	27	1	1	0
5059	27	1	1	0
5060	27	0	303781	53443
5061	27	1	57368	9675
5062	27	-1	5112	917
5063	27	-1	2756	523
5064	27	1	961	181
5065	27	1	470501	82650
5066	27	1	1	0
5067	27	1	5469	1049
5068	27	1	55256	9606
5069	27	1	4833	836
5070	27	-1	192	43
5071	27	1	6950	1243
5072	27	1	1	0
5073	27	1	32	8
5074	27	-1	9131	1701
5075	27	1	2316	493
5076	27	-1	5224	911
5077	27	1	402	98
5078	27	-1	74468	13629
5079	27	1	179	33
5080	27	-1	3303	576
5081	27	1	29	6
5082	27	-1	8431	1425
5083	27	-1	42362	7691
5084	27	1	15762	2876
5085	27	1	656494	118638
5086	27	-1	517	104
5087	27	1	406915	67989
5088	27	1	908	201
5089	27	1	4332	757
5090	27	1	13107	2356
5091	27	1	4476	789
5092	27	1	2194	430
5093	27	-1	82239	13252
5094	27	-1	7931	1395
5095	27	-1	32887	5740
5096	27	1	37303	6807
5097	27	1	6437	1216
5098	27	1	538	106
5099	27	1	35392	6189
5100	27	1	3	1
5101	27	1	935	172
5102	27	1	127709	23245
5103	27	-1	1115	195
5104	27	-1	16670	3041
5105	27	1	4	1
5106	27	1	1310	216
5107	27	-1	24575	4373
5108	27	-1	3078	559
5109	27	1	466799	82547
5110	27	1	4271	746
5111	27	1	6249	1256
5112	27	-1	12855	2046
5113	27	1	2649	493
5114	27	1	13821	2644
5115	27	1	408963	70260
5116	27	1	36755	6492
5117	27	1	16531	2876
5118	27	1	3	1
5119	27	1	54552	10010
5120	27	1	6951	1204
5121	27	-1	203774	36001
5122	27	1	20	5
5123	27	1	363815	71093
5124	27	-1	48000	8659
5125	27	-1	27671	5098
5126	27	-1	34742	5984
5127	27	-1	156	32
5128	27	1	69	15
5129	27	1	2480	465
5130	27	-1	5597	1146
5131	27	1	4	1
5132	27	-1	4	1
5133	27	1	62	24
5134	27	1	23849	4534
5135	27	1	10	3
5136	27	1	3461	673
5137	27	1	2210	454
5138	27	1	163199	30402
5139	27	1	264010	45952
5140	27	-1	28456	4927
5141	27	-1	442	94
5142	27	1	89103	15631
5143	27	1	2353	471
5144	27	1	730115	114344
5145	27	1	134538	21757
5146	27	1	22	5
5147	27	1	21	4
5148	27	-1	19331	3196
5149	27	1	297	55
5150	27	1	22	4
5151	27	-1	260038	46384
5152	27	1	79595	13870
5153	27	-1	62764	9870
5154	27	1	521	89
5155	27	1	52929	9362
5156	27	1	16	4
5157	27	-1	3559	633
5158	27	1	61664	10960
5159	27	-1	492867	84879
5160	27	-1	1028	167
5161	27	-1	15110	2571
5162	27	1	23923	4009
5163	27	1	23163	4069
5164	27	1	16309	3087
5165	27	1	98	19
5166	27	1	16868	3191
5167	27	1	2867	498
5168	27	-1	24178	4028
5169	27	1	36097	6285
5170	27	-1	2204	403
5171	27	1	803	146
5172	27	1	221277	38669
5173	27	-1	1280	240
5174	27	1	377208	66414
5175	27	1	1724610	325149
5176	27	1	641	141
5177	27	1	3987	763
5178	27	1	264010	46536
5179	27	-1	6	1
5180	27	1	170	36
5181	27	-1	11839	2009
5182	27	-1	564	87
5183	27	1	47	11
5184	27	-1	41298	7228
5185	27	-1	3088	622
5186	27	1	1450	233
5187	27	1	13307	2622
5188	27	1	44497	8469
5189	27	-1	2074	418
5190	27	-1	1989	421
5191	27	-1	14995	2845
5192	27	1	48433	8556
5193	27	1	16139	2543
5194	27	-1	26266	4793
5195	27	1	5	1
5196	27	-1	8471	1423
5197	27	1	898	179
5198	27	1	61	12
5199	27	-1	18489	3088
5200	27	1	670	127
5201	27	1	1	0
5202	27	-1	196554	35592
5203	27	1	2280	441
5204	27	-1	1811	345
5205	27	0	4306	693
5206	27	-1	1147	247
5207	27	1	1273	226
5208	27	-1	10317	1657
5209	27	-1	885	129
5210	27	1	807	161
5211	27	-1	1754	343
5212	27	1	5173	967
5213	27	1	295	63
5214	27	1	14	3
5215	27	-1	17227	3181
5216	27	1	12952	2430
5217	27	1	39299	6970
5218	27	-1	1812	358
5219	27	1	2376	375
5220	27	1	2600	455
5221	27	1	5435	950
5222	27	-1	32	9
5223	27	-1	1143	225
5224	27	1	17243	2880
5225	27	1	5343	1050
5226	27	1	2360	464
5227	27	1	2055	467
5228	27	1	373	79
5229	27	-1	3	0
5230	27	-1	2956	594
5231	27	1	11527	2043
5232	27	1	3084	510
5233	27	1	202	46
5234	27	1	7684	1368
5235	27	1	5	1
5236	27	1	524328	93308
5237	27	0	959601	181240
5238	27	-1	77895	14614
5239	27	-1	6	1
5240	27	-1	125075	21657
5241	27	1	5	1
5242	27	1	40294	7541
5243	27	1	3001	588
5244	27	1	6336	1170
5245	27	-1	16	3
5246	27	-1	3491	696
5247	27	1	391867	67994
5248	27	1	31907	5796
5249	27	1	3554	685
5250	27	-1	316629	51579
5251	27	-1	7013	1255
5252	27	1	491215	83024
5253	27	1	1350	236
5254	27	1	20247	3692
5255	27	1	125	31
5256	27	1	524	96
5257	27	-1	262660	45497
5258	27	1	16	4
5259	27	-1	3	0
5260	27	1	8094	1539
5261	27	1	11133	1979
5262	27	1	13843	2406
5263	27	1	1519	273
5264	27	-1	877	160
5265	27	1	5944	1022
5266	27	1	53836	9234
5267	27	-1	3154	600
5268	27	-1	7605	1405
5269	27	1	11518	2065
5270	27	1	1192	213
5271	28	-1	500997	88415
5272	28	1	231783	40652
5273	28	1	2880	512
5274	28	-1	22	5
5275	28	-1	3015	558
5276	28	-1	23078	4147
5277	28	-1	376	73
5278	28	1	45263	8577
5279	28	1	1039	193
5280	28	1	30158	5779
5281	28	1	45263	8336
5282	28	-1	50142	8735
5283	28	1	1	0
5284	28	-1	2304249	428361
5285	28	1	32858	5970
5286	28	-1	22905	4283
5287	28	-1	129974	22053
5288	28	1	1	0
5289	28	-1	35096	6127
5290	28	1	185349	28990
5291	28	1	207067	36688
5292	28	1	154544	29695
5293	28	-1	6216	1248
5294	28	-1	17	4
5295	28	1	13681	2869
5296	28	-1	14298	2637
5297	28	-1	4205	786
5298	28	1	50	11
5299	28	1	88544	15367
5300	28	1	260331	46740
5301	28	1	16896	2896
5302	28	-1	7	1
5303	28	-1	63973	12012
5304	28	1	16166	2920
5305	28	1	174288	32972
5306	28	1	1459	243
5307	28	1	350419	59447
5308	28	1	5368	972
5309	28	1	6781	1209
5310	28	-1	264859	48376
5311	28	-1	177	51
5312	28	-1	357188	63262
5313	28	1	335120	63308
5314	28	1	67509	12564
5315	28	1	40	11
5316	28	-1	22	5
5317	28	-1	4685	861
5318	28	-1	1510	331
5319	28	1	10	2
5320	28	1	290	62
5321	28	-1	10247	2166
5322	28	1	541828	95713
5323	28	1	10066	1976
5324	28	1	5445	1041
5325	28	-1	316257	57320
5326	28	-1	149235	26989
5327	28	-1	198083	37420
5328	28	-1	76660	14106
5329	28	-1	5340	1049
5330	28	-1	155	36
5331	28	-1	53567	9694
5332	28	1	45551	8126
5333	28	1	17351	3198
5334	28	1	1117183	208683
5335	28	-1	279966	52723
5336	28	-1	3038	705
5337	28	-1	3523	638
5338	28	-1	117	34
5339	28	-1	2792	506
5340	28	1	325	69
5341	28	-1	1049	195
5342	28	1	4	1
5343	28	1	21966	4097
5344	28	1	167838	30909
5345	28	-1	141935	25902
5346	28	-1	120	36
5347	28	1	549522	95565
5348	28	-1	37	8
5349	28	0	12223	2177
5350	28	-1	61	18
5351	28	1	36796	7168
5352	28	1	108796	19636
5353	28	-1	144917	24513
5354	28	-1	138477	25789
5355	28	-1	44475	8406
5356	28	1	2113	401
5357	28	1	15076	2776
5358	28	1	1393	243
5359	28	-1	3088	622
5360	28	1	22680	4265
5361	28	-1	27126	5137
5362	28	0	4735771	857143
5363	28	1	18	5
5364	28	-1	16108	3002
5365	28	1	430	95
5366	28	1	27099	4826
5367	28	1	53188	8908
5368	28	1	41847	7442
5369	28	1	16	4
5370	28	-1	95678	15512
5371	28	-1	55773	9343
5372	28	1	6	1
5373	28	-1	841	175
5374	28	-1	14716	2510
5375	28	1	22885	3769
5376	28	1	414	74
5377	28	-1	1586	283
5378	28	-1	44	9
5379	28	1	1259	235
5380	28	1	20	8
5381	28	1	149913	27640
5382	28	-1	129442	23193
5383	28	-1	53	13
5384	28	1	517321	98249
5385	28	1	66	20
5386	28	1	745829	137582
5387	28	-1	591563	105574
5388	28	1	6841	1158
5389	28	-1	1030	230
5390	28	-1	9269	1553
5391	28	1	3939	709
5392	28	1	3	1
5393	28	-1	1092	239
5394	28	-1	150648	25701
5395	28	-1	31152	5825
5396	28	-1	23205	4278
5397	28	-1	41792	7503
5398	28	1	2113	404
5399	28	-1	752	180
5400	28	1	456005	82827
5401	28	1	381761	68844
5402	28	-1	2045	422
5403	28	-1	8772	1620
5404	28	1	274620	41918
5405	28	-1	3609	736
5406	28	1	290	67
5407	28	-1	27599	4470
5408	28	-1	46046	7564
5409	28	1	3185	580
5410	28	1	7074	1213
5411	28	1	72	18
5412	28	-1	24707	4066
5413	28	1	47	12
5414	28	-1	63298	11494
5415	28	1	13520	2293
5416	28	-1	5517	842
5417	28	1	168315	30301
5418	28	1	29546	5745
5419	28	-1	456915	76627
5420	28	1	1769	336
5421	28	-1	6954	1329
5422	28	-1	66162	11280
5423	28	1	160653	29381
5424	28	1	2779	570
5425	28	-1	8205	1605
5426	28	-1	238736	42108
5427	28	1	8	2
5428	28	1	644	125
5429	28	1	45558	8211
5430	28	-1	71544	13414
5431	28	-1	56483	9843
5432	28	-1	100841	17837
5433	28	-1	14	4
5434	28	-1	34751	6286
5435	28	1	257	45
5436	28	0	1651087	299613
5437	28	1	4016	674
5438	28	-1	231805	41784
5439	28	1	19098	3356
5440	28	0	347498	65884
5441	28	-1	3921165	697670
5442	28	1	36	13
5443	28	1	7397	1349
5444	28	-1	33463	5731
5445	28	1	160653	29211
5446	28	2	5000001	849057
5447	28	-1	59857	10845
5448	28	1	65	19
5449	28	-1	138248	25217
5450	28	-1	28005	5063
5451	28	-1	27062	4537
5452	28	-1	6251	919
5453	28	1	3774	688
5454	28	-1	246313	43517
5455	28	2	5000001	907736
5456	28	1	1380	241
5457	28	1	25877	4875
5458	28	-1	37340	6158
5459	28	1	216	53
5460	28	1	23	7
5461	28	1	2439	442
5462	28	-1	874262	163216
5463	28	-1	46595	8201
5464	28	-1	1175	208
5465	28	-1	1205990	207128
5466	28	1	12	3
5467	28	1	19101	3781
5468	28	1	4	1
5469	28	1	2372	440
5470	28	1	49086	9244
5471	28	1	219905	40413
5472	28	1	2014	428
5473	28	1	1	0
5474	28	0	117448	21170
5475	28	1	79600	13431
5476	28	-1	158146	29209
5477	28	1	8310	1644
5478	28	1	312	62
5479	28	-1	59259	10625
5480	28	1	132	31
5481	28	-1	6465	1202
5482	28	1	91634	14915
5483	28	-1	679486	118855
5484	28	1	10678	1888
5485	28	-1	256102	47092
5486	28	1	105709	18398
5487	28	-1	63973	11891
5488	28	1	3	1
5489	28	-1	30110	5197
5490	28	1	1160	228
5491	28	1	4580	867
5492	28	1	66200	12172
5493	28	-1	13014	2545
5494	28	-1	4657	873
5495	28	1	137	35
5496	28	1	35099	6199
5497	28	1	4	1
5498	28	-1	286915	51355
5499	28	1	11102	2045
5500	28	-1	39809	7113
5501	28	-1	899	189
5502	28	1	8	2
5503	28	1	139787	25370
5504	28	1	38936	7313
5505	28	1	93859	17516
5506	28	1	72488	13309
5507	28	1	27758	5852
5508	28	-1	6193	1141
5509	28	1	922	192
5510	28	1	160123	30478
5511	28	-1	83880	14850
5512	28	-1	14507	2756
5513	28	1	15	4
5514	28	1	5	1
5515	28	-1	1580455	284794
5516	28	-1	284754	52698
5517	28	1	95065	17365
5518	28	-1	275977	52449
5519	28	1	155601	27682
5520	28	1	102722	17846
5521	28	-1	96	20
5522	28	1	32858	5768
5523	28	1	2753	511
5524	28	1	47	10
5525	28	-1	741334	131715
5526	28	-1	23205	4349
5527	28	-1	136604	25104
5528	28	1	3692	733
5529	28	-1	10462	1962
5530	28	-1	16841	3122
5531	28	1	458035	78638
5532	28	-1	316257	57090
5533	28	-1	387	84
5534	28	1	5	1
5535	28	-1	31591	5952
5536	28	1	15	4
5537	28	-1	115843	19717
5538	28	1	1893	349
5539	28	-1	2844	496
5540	28	1	29372	5143
5541	28	1	30315	5394
5542	28	1	81185	14318
5543	28	1	10	3
5544	28	-1	151690	27517
5545	28	1	2203	357
5546	28	1	3080	579
5547	28	1	496	105
5548	28	1	11119	1650
5549	28	1	1	0
5550	28	-1	29492	5586
5551	28	-1	2665	446
5552	28	1	14075	2675
5553	28	-1	21279	3747
5554	28	1	7756	1385
5555	28	-1	130195	23529
5556	28	1	2257	451
5557	28	1	2121	417
5558	28	-1	186192	32558
5559	28	1	19264	3526
5560	28	1	1	0
5561	28	1	5113	989
5562	28	-1	168	43
5563	28	-1	41072	7783
5564	28	-1	27003	5039
5565	28	-1	28	9
5566	28	1	92	21
5567	28	-1	395550	68534
5568	28	-1	5	1
5569	28	1	2489	430
5570	28	-1	104862	19377
5571	29	1	17	4
5572	29	-1	1785	295
5573	29	-1	1373667	221840
5574	29	-1	13948	2669
5575	29	-1	3452	678
5576	29	1	199150	37503
5577	29	1	615186	128731
5578	29	1	13292	2443
5579	29	-1	20359	4045
5580	29	-1	4	0
5581	29	1	39852	7600
5582	29	-1	8162	1366
5583	29	1	18469	3509
5584	29	-1	534701	100379
5585	29	1	954003	176522
5586	29	-1	623	120
5587	29	1	20597	4072
5588	29	1	123221	21396
5589	29	1	11	3
5590	29	1	32780	6000
5591	29	-1	21755	4221
5592	29	1	33687	5909
5593	29	1	513509	97424
5594	29	1	2106332	371581
5595	29	-1	14851	2556
5596	29	-1	119161	23572
5597	29	1	240972	43519
5598	29	1	2858	569
5599	29	1	1599	318
5600	29	1	287145	51820
5601	29	1	57145	10637
5602	29	1	137327	26131
5603	29	1	10906	2130
5604	29	-1	1265261	224418
5605	29	-1	9	2
5606	29	1	44190	7464
5607	29	1	56525	9942
5608	29	1	85966	14466
5609	29	1	902	155
5610	29	-1	14372	2542
5611	29	1	70	17
5612	29	1	78	15
5613	29	-1	195843	34301
5614	29	1	68824	11985
5615	29	-1	416058	76759
5616	29	1	7	2
5617	29	1	663	115
5618	29	-1	39353	6921
5619	29	-1	491436	87086
5620	29	1	4736	831
5621	29	1	234797	46149
5622	29	-1	6259	1191
5623	29	1	35565	6795
5624	29	1	60147	11353
5625	29	-1	1498	294
5626	29	1	64	15
5627	29	1	51	11
5628	29	-1	78879	14464
5629	29	1	683	124
5630	29	1	51	12
5631	29	1	67703	11934
5632	29	-1	13	3
5633	29	1	8391	1387
5634	29	-1	113143	21394
5635	29	-1	10241	1858
5636	29	-1	2858	542
5637	29	-1	636	114
5638	29	1	192702	36535
5639	29	1	62292	10978
5640	29	1	56153	9439
5641	29	1	149394	28324
5642	29	-1	37179	7065
5643	29	-1	1179981	227468
5644	29	1	2196	380
5645	29	1	12	3
5646	29	1	92	20
5647	29	-1	210379	39352
5648	29	-1	111128	19807
5649	29	-1	96236	17905
5650	29	-1	346041	57901
5651	29	1	140775	25485
5652	29	-1	19952	3406
5653	29	-1	246673	47413
5654	29	1	32521	6214
5655	29	1	110268	19550
5656	29	1	30163	5119
5657	29	1	294280	52937
5658	29	1	170297	30500
5659	29	-1	65918	12246
5660	29	-1	807084	129309
5661	29	-1	228011	40498
5662	29	1	34	9
5663	29	-1	377	77
5664	29	-1	967	188
5665	29	-1	911758	180087
5666	29	1	102118	18270
5667	29	1	2722	486
5668	29	1	31411	5705
5669	29	-1	452280	79321
5670	29	-1	202	51
5671	29	1	7742	1385
5672	29	-1	29344	5006
5673	29	1	39596	7050
5674	29	1	132037	22715
5675	29	-1	7353	1257
5676	29	-1	28301	4566
5677	29	-1	10375	1987
5678	29	-1	24637	4328
5679	29	-1	386192	72338
5680	29	-1	27156	5031
5681	29	1	14842	2650
5682	29	-1	25365	4449
5683	29	1	16458	2990
5684	29	1	1	0
5685	29	1	142319	25704
5686	29	1	32849	5852
5687	29	1	16224	2934
5688	29	1	1077675	196575
5689	29	1	737	135
5690	29	1	2760	542
5691	29	-1	8340	1642
5692	29	1	3419	738
5693	29	1	1438	253
5694	29	-1	4	0
5695	29	-1	34597	6239
5696	29	1	51	11
5697	29	-1	407797	71770
5698	29	-1	5330	1055
5699	29	1	9	2
5700	29	-1	19340	3547
5701	29	1	62340	11219
5702	29	-1	41560	7357
5703	29	-1	5222	869
5704	29	-1	157834	28019
5705	29	1	71728	12963
5706	29	1	1775	309
5707	29	1	940	175
5708	29	0	3198081	584793
5709	29	-1	854232	148466
5710	29	-1	168425	30567
5711	29	1	104805	18237
5712	29	1	3610	675
5713	29	1	36183	6848
5714	29	1	30934	5781
5715	29	1	22825	4590
5716	29	-1	117027	21308
5717	29	1	231	54
5718	29	1	39174	7039
5719	29	1	1678	320
5720	29	1	112243	20398
5721	29	1	212183	38688
5722	29	1	955	210
5723	29	-1	21999	3845
5724	29	-1	6578	1136
5725	29	1	10217	1784
5726	29	1	162804	30804
5727	29	-1	165005	30980
5728	29	-1	45020	8228
5729	29	1	1291	254
5730	29	1	383356	73489
5731	29	1	31	9
5732	29	1	7022	1337
5733	29	1	16349	3197
5734	29	-1	1516373	256902
5735	29	-1	119161	23380
5736	29	1	132769	22731
5737	29	1	6936	1262
5738	29	1	210927	36998
5739	29	-1	113568	19592
5740	29	1	10217	1801
5741	29	1	185134	35060
5742	29	-1	57785	10617
5743	29	1	704446	128261
5744	29	-1	15231	2556
5745	29	1	6290	1219
5746	29	1	56652	10396
5747	29	-1	85116	15476
5748	29	1	23837	4504
5749	29	-1	40981	7278
5750	29	-1	1880696	357523
5751	29	1	1458364	253786
5752	29	1	11519	2075
5753	29	1	57850	10386
5754	29	1	31000	5818
5755	29	-1	1524157	288282
5756	29	1	2543	448
5757	29	-1	669266	127444
5758	29	1	34921	6132
5759	29	1	1	0
5760	29	1	68016	10846
5761	29	-1	66341	11264
5762	29	1	32445	5626
5763	29	-1	413805	75211
5764	29	1	234797	46399
5765	29	-1	234088	42978
5766	29	1	56280	9814
5767	29	1	82388	15489
5768	29	1	3161	629
5769	29	1	952	167
5770	29	-1	11623	1947
5771	29	-1	9203	1571
5772	29	1	307411	59840
5773	29	1	20268	3765
5774	29	-1	118298	21029
5775	29	-1	294619	52820
5776	29	-1	297	73
5777	29	1	185405	35396
5778	29	-1	105	32
5779	29	-1	109930	20431
5780	29	1	12184	1961
5781	29	1	20	3
5782	29	-1	258788	49741
5783	29	-1	163535	29304
5784	29	1	27	9
5785	29	1	72479	13302
5786	29	-1	2187	430
5787	29	1	234797	46442
5788	29	1	346	65
5789	29	2	5000001	897253
5790	29	1	91	26
5791	29	1	9562	1751
5792	29	-1	32352	5380
5793	29	-1	791	153
5794	29	-1	572	97
5795	29	1	2248	401
5796	29	1	78	17
5797	29	-1	280125	52188
5798	29	-1	2968	553
5799	29	1	62292	11019
5800	29	-1	12	3
5801	29	1	1472	297
5802	29	-1	637648	112331
5803	29	-1	167207	31786
5804	29	1	1195	250
5805	29	1	29804	5626
5806	29	1	3678846	662214
5807	29	1	45	14
5808	29	-1	101082	20001
5809	29	1	9	2
5810	29	-1	67824	11408
5811	29	1	89	20
5812	29	1	2947954	562140
5813	29	1	2008	352
5814	29	1	4941632	867803
5815	29	1	29397	5154
5816	29	1	4686	902
5817	29	-1	69709	11777
5818	29	1	1138	201
5819	29	1	17564	3343
5820	29	-1	56553	9433
5821	29	-1	84016	15049
5822	29	1	6	2
5823	29	1	3831	711
5824	29	1	54711	9820
5825	29	1	48366	8841
5826	29	1	134546	24720
5827	29	-1	209913	36592
5828	29	1	10866	1955
5829	29	1	3506	679
5830	29	-1	28	6
5831	29	1	385912	76553
5832	29	2	5000001	875880
5833	29	1	32521	6076
5834	29	-1	4	0
5835	29	1	356	82
5836	29	1	8002	1600
5837	29	-1	106793	18464
5838	29	-1	6980	1315
5839	29	1	2658	510
5840	29	1	11725	2195
5841	29	1	6498	1255
5842	29	1	128653	24403
5843	29	1	245006	44431
5844	29	1	93330	16175
5845	29	-1	93198	16673
5846	29	1	172	35
5847	29	-1	9466	1694
5848	29	1	167434	28973
5849	29	-1	1054749	173065
5850	29	1	167001	28595
5851	29	1	1557	271
5852	29	-1	4694	884
5853	29	1	62292	11090
5854	29	-1	21474	4291
5855	29	-1	129769	24010
5856	29	1	102118	18115
5857	29	-1	42496	7445
5858	29	1	507027	83862
5859	29	1	1129	202
5860	29	-1	132871	23661
5861	29	1	11	4
5862	29	1	366	73
5863	29	1	80490	14550
5864	29	-1	235528	38887
5865	29	-1	58965	10230
5866	29	1	234797	46306
5867	29	1	12102	2212
5868	29	1	112337	21760
5869	29	-1	174520	27188
5870	29	1	10725	1946
5871	30	1	972310	179058
5872	30	1	6331	1222
5873	30	-1	309906	57352
5874	30	-1	250506	47627
5875	30	1	48037	9220
5876	30	-1	16193	2982
5877	30	1	445912	108011
5878	30	-1	764942	163820
5879	30	-1	453	170
5880	30	1	378985	104717
5881	30	1	290457	70162
5882	30	2	5000001	1209115
5883	30	-1	2800573	692320
5884	30	-1	151084	34664
5885	30	-1	1935813	498222
5886	30	-1	1033711	260236
5887	30	-1	1026224	252058
5888	30	1	70708	18041
5889	30	1	5682	1256
5890	30	-1	29	10
5891	30	-1	5004	1346
5892	30	2	5000001	1242311
5893	30	1	386415	90290
5894	30	-1	81538	19873
5895	30	1	152802	38645
5896	30	-1	1985846	492094
5897	30	-1	80678	17385
5898	30	-1	1694821	449457
5899	30	-1	286111	69666
5900	30	-1	117419	30311
5901	30	-1	109752	27079
5902	30	-1	1564417	391901
5903	30	-1	14074	3497
5904	30	-1	6662	1633
5905	30	-1	2891240	703208
5906	30	1	329	70
5907	30	1	1236570	244134
5908	30	-1	79754	15024
5909	30	-1	1948073	360929
5910	30	1	242684	45691
5911	30	-1	2206089	422364
5912	30	1	173100	28359
5913	30	-1	258087	44935
5914	30	-1	1503284	294443
5915	30	-1	672759	126945
5916	30	-1	765	179
5917	30	-1	8537	1604
5918	30	-1	2593066	508692
5919	30	-1	3452	568
5920	30	-1	1812563	334489
5921	30	1	7435	1399
5922	30	-1	3104522	559349
5923	30	1	7	2
5924	30	1	86563	22296
5925	30	-1	730291	189273
5926	30	1	3639773	863541
5927	30	-1	1387932	353376
5928	30	1	185661	42861
5929	30	-1	67091	14506
5930	30	1	2190045	529941
5931	30	-1	339888	79554
5932	30	-1	310235	71156
5933	30	-1	449298	108719
5934	30	2	5000001	1157317
5935	30	-1	546788	142047
5936	30	-1	321619	72478
5937	30	-1	2063246	533273
5938	30	-1	423453	109800
5939	30	2	5000001	1206927
5940	30	-1	730291	191130
5941	30	-1	6152	1676
5942	30	1	114	33
5943	30	-1	598499	140944
5944	30	1	907390	222433
5945	30	1	5	2
5946	30	1	24794	6555
5947	30	-1	313091	78170
5948	30	1	98412	23827
5949	30	1	272436	72119
5950	30	1	5	2
5951	30	1	2065	530
5952	30	-1	417491	99835
5953	30	-1	31	9
5954	30	-1	23	9
5955	30	-1	1605286	392949
5956	30	1	125504	26418
5957	30	-1	144316	34640
5958	30	1	428766	101420
5959	30	-1	2868640	701171
5960	30	-1	1454623	353767
5961	30	1	31786	7602
5962	30	1	11184	2800
5963	30	-1	2153728	544752
5964	30	1	17026	4491
5965	30	-1	39327	9331
5966	30	1	196995	46367
5967	30	-1	196333	49018
5968	30	-1	828932	204605
5969	30	-1	206454	47479
5970	30	1	980194	247873
5971	30	-1	64169	15366
5972	30	1	31236	7538
5973	30	-1	133222	32842
5974	30	-1	3260273	811203
5975	30	1	2101522	484338
5976	30	1	1197	378
5977	30	1	229	66
5978	30	1	1390676	326626
5979	30	-1	465678	113883
5980	30	-1	2397	644
5981	30	-1	29094	7419
5982	30	1	682389	163465
5983	30	-1	146584	36350
5984	30	1	423384	102714
5985	30	-1	209991	49062
5986	30	1	508	138
5987	30	-1	1792045	451569
5988	30	1	3468	836
5989	30	-1	22674	5104
5990	30	-1	1948073	454074
5991	30	-1	1088559	218812
5992	30	1	23	5
5993	30	-1	165834	29569
5994	30	-1	4030368	740669
5995	30	1	5	2
5996	30	1	2875	507
5997	30	-1	106248	19760
5998	30	1	54118	9918
5999	30	-1	1935813	380163
6000	30	-1	4148974	771214
6001	30	1	189443	33715
6002	30	-1	162738	30540
6003	30	-1	307628	53123
6004	30	-1	16	5
6005	30	-1	1026224	191937
6006	30	1	19	5
6007	30	1	220074	39538
6008	30	-1	360789	68131
6009	30	-1	1792045	345283
6010	30	1	75480	14330
6011	30	1	31597	4977
6012	30	1	16514	3282
6013	30	-1	1061151	200722
6014	30	1	1143883	221813
6015	30	-1	4377937	801673
6016	30	-1	1376002	343251
6017	30	1	20553	4871
6018	30	1	1239241	240867
6019	30	-1	63371	12412
6020	30	-1	1030657	203191
6021	30	-1	1893175	351599
6022	30	1	38440	7137
6023	30	-1	581511	114226
6024	30	2	5000001	948667
6025	30	-1	45027	10929
6026	30	1	50700	11834
6027	30	1	188389	44947
6028	30	-1	32773	8834
6029	30	1	15	7
6030	30	2	5000001	1224013
6031	30	1	3373	779
6032	30	1	30915	5403
6033	30	-1	33025	5589
6034	30	2	5000001	926927
6035	30	1	4694	864
6036	30	1	1170077	222727
6037	30	-1	54561	9967
6038	30	-1	1837950	352838
6039	30	-1	1725	342
6040	30	1	9	2
6041	30	-1	138926	25427
6042	30	1	2489001	443466
6043	30	-1	1460189	273659
6044	30	1	289475	53757
6045	30	1	1392346	270999
6046	30	1	10278	2007
6047	30	1	6091	1133
6048	30	-1	3615534	667801
6049	30	2	5000001	935848
6050	30	-1	151330	27268
6051	30	-1	1853923	360584
6052	30	-1	474505	88676
6053	30	1	31392	5742
6054	30	1	258998	51980
6055	30	-1	2940117	560555
6056	30	-1	3013530	560272
6057	30	2	5000001	840069
6058	30	1	409834	72814
6059	30	1	31786	5787
6060	30	1	80656	15356
6061	30	1	8526	1463
6062	30	-1	10517	2039
6063	30	0	9986	1963
6064	30	-1	26075	4846
6065	30	1	1448	239
6066	30	1	143	34
6067	30	-1	1492	309
6068	30	-1	5166	940
6069	30	1	27	10
6070	30	2	5000001	850406
6071	30	1	1424827	265888
6072	30	1	977565	180025
6073	30	1	23289	4314
6074	30	-1	10	2
6075	30	-1	1002121	181329
6076	30	-1	120940	22520
6077	30	1	1268219	243794
6078	30	-1	339931	58748
6079	30	-1	345252	61158
6080	30	-1	29034	4977
6081	30	-1	1897475	369556
6082	30	1	535324	99838
6083	30	2	5000001	989207
6084	30	1	35	11
6085	30	1	8294	1676
6086	30	-1	2018721	386000
6087	30	1	666134	128125
6088	30	-1	1552131	296691
6089	30	-1	1858371	359031
6090	30	1	142375	26201
6091	30	1	69666	12492
6092	30	-1	3759	788
6093	30	-1	186735	48372
6094	30	1	30402	7832
6095	30	1	33215	8020
6096	30	1	3	1
6097	30	-1	258299	63552
6098	30	1	385888	94614
6099	30	-1	836	281
6100	30	-1	1694821	450186
6101	30	1	6	3
6102	30	-1	295823	78056
6103	30	-1	68137	16892
6104	30	1	3201	734
6105	30	-1	2004640	496329
6106	30	1	1919434	464694
6107	30	-1	91976	22599
6108	30	1	8	3
6109	30	1	12	4
6110	30	-1	19274	4108
6111	30	1	338	114
6112	30	-1	7374	1802
6113	30	-1	1805470	437050
6114	30	1	13828	3466
6115	30	-1	157401	39995
6116	30	1	142209	34676
6117	30	-1	822902	201728
6118	30	1	522704	101110
6119	30	-1	2383562	467120
6120	30	-1	2490370	480645
6121	30	1	246	52
6122	30	1	15100	2596
6123	30	1	12940	2374
6124	30	-1	97498	19447
6125	30	1	319433	59984
6126	30	1	5647	1125
6127	30	1	178643	30050
6128	30	-1	228055	40485
6129	30	-1	1033711	197863
6130	30	1	7156	1353
6131	30	1	57367	10959
6132	30	-1	74712	15045
6133	30	1	638414	129159
6134	30	1	14480	2757
6135	30	1	53429	9889
6136	30	1	342	82
6137	30	-1	450558	81187
6138	30	-1	1023805	199207
6139	30	-1	77170	14030
6140	30	1	2670933	647101
6141	30	-1	392445	91437
6142	30	1	1424606	285846
6143	30	-1	26707	4982
6144	30	1	159	40
6145	30	1	787915	150674
6146	30	-1	100273	17722
6147	30	-1	74942	14814
6148	30	-1	56	12
6149	30	-1	1407045	274565
6150	30	1	87584	16353
6151	30	1	1595	311
6152	30	-1	605264	112267
6153	30	-1	17813	3438
6154	30	-1	31748	4987
6155	30	1	274	70
6156	30	1	2918	543
6157	30	1	33215	5854
6158	30	1	14817	2724
6159	30	2	5000001	885161
6160	30	1	39	9
6161	30	-1	30855	5971
6162	30	1	276174	50131
6163	30	1	17	6
6164	30	1	214	50
6165	30	2	5000001	980145
6166	30	1	53997	10039
6167	30	1	8393	1518
6168	30	1	844060	163172
6169	30	-1	85434	14167
6170	30	1	4808	812
