index	P	result	nodes	us
0	9	1	1	1
1	9	0	2	5
2	9	1	1	0
3	9	0	2	0
4	9	1	1	1
5	9	1	1	1
6	9	1	1	0
7	10	1	1	1
8	10	0	3	1
9	10	1	1	0
10	10	0	2	0
11	10	0	2	0
12	10	1	1	1
13	10	0	2	0
14	10	1	1	0
15	10	1	1	0
16	10	1	1	0
17	10	0	2	0
18	10	0	2	0
19	10	1	1	1
20	10	1	1	0
21	10	0	2	0
22	10	1	1	1
23	10	0	3	3
24	10	1	1	0
25	10	1	1	0
26	10	0	2	0
27	10	1	1	1
28	10	1	1	0
29	10	-1	2	1
30	10	1	1	0
31	10	1	1	0
32	10	0	2	0
33	10	-1	2	0
34	10	1	1	0
35	10	0	3	0
36	10	1	1	0
37	10	0	2	0
38	10	0	2	0
39	10	0	2	0
40	10	1	1	0
41	10	1	1	0
42	10	0	2	0
43	10	1	1	1
44	10	0	2	0
45	10	1	1	0
46	10	0	2	0
47	10	1	1	0
48	10	1	1	0
49	10	0	2	0
50	10	1	1	1
51	10	0	2	0
52	10	1	1	0
53	10	1	1	0
54	10	1	1	1
55	10	1	1	0
56	10	1	1	0
57	10	0	2	0
58	10	1	1	0
59	10	0	2	0
60	10	1	1	0
61	10	1	1	0
62	10	0	2	0
63	10	0	2	0
64	10	1	1	0
65	10	1	1	0
66	10	0	2	0
67	10	0	2	0
68	10	1	1	1
69	10	0	2	0
70	10	1	1	0
71	10	1	1	0
72	10	1	1	0
73	10	0	2	0
74	10	0	2	0
75	10	-1	2	0
76	10	0	2	0
77	10	1	1	0
78	10	0	2	0
79	10	1	1	0
80	10	1	1	1
81	10	1	1	0
82	10	1	1	0
83	10	1	1	0
84	10	1	1	0
85	10	0	2	0
86	10	1	1	0
87	10	1	1	0
88	10	0	2	0
89	10	1	1	0
90	10	1	1	0
91	10	0	2	0
92	10	1	1	0
93	10	0	2	0
94	10	1	1	0
95	10	1	1	1
96	10	1	1	0
97	10	1	1	0
98	10	1	1	0
99	10	1	1	0
100	10	1	1	0
101	10	1	1	0
102	10	1	1	0
103	10	1	1	0
104	10	1	1	0
105	10	1	1	0
106	10	-1	2	0
107	10	1	1	0
108	10	1	1	0
109	10	1	1	0
110	10	1	1	0
111	10	1	1	0
112	10	1	1	0
113	10	1	1	0
114	10	1	1	0
115	10	1	1	0
116	10	1	1	0
117	10	0	2	0
118	10	1	1	0
119	10	1	1	0
120	10	1	1	0
121	10	1	1	0
122	10	0	2	0
123	10	1	1	0
124	10	0	2	0
125	10	1	1	0
126	10	0	3	0
127	10	0	2	0
128	10	0	2	0
129	10	1	1	0
130	10	0	2	0
131	10	1	1	0
132	10	1	1	0
133	10	1	1	0
134	10	1	1	0
135	10	0	3	0
136	10	1	1	0
137	10	1	1	0
138	10	1	1	0
139	10	1	1	1
140	10	1	1	0
141	10	1	1	0
142	10	1	1	0
143	10	1	1	0
144	10	0	2	0
145	10	1	1	0
146	10	1	1	0
147	10	1	1	0
148	10	1	1	0
149	10	1	1	0
150	10	0	2	0
151	10	0	2	0
152	10	0	2	0
153	10	1	1	0
154	10	1	1	0
155	10	1	1	0
156	10	1	1	0
157	10	0	2	0
158	10	0	2	0
159	10	0	2	0
160	10	0	3	0
161	10	1	1	0
162	10	1	1	0
163	10	0	2	0
164	10	0	2	0
165	10	1	1	0
166	10	1	1	0
167	10	-1	2	1
168	10	0	2	0
169	10	1	1	0
170	10	0	2	0
171	11	1	1	0
172	11	1	1	0
173	11	1	1	0
174	11	0	2	0
175	11	1	1	0
176	11	1	1	0
177	11	-1	2	0
178	11	1	1	0
179	11	1	1	0
180	11	-1	2	0
181	11	1	1	0
182	11	1	1	0
183	11	1	1	0
184	11	1	1	0
185	11	1	1	0
186	11	-1	2	1
187	11	0	2	0
188	11	1	1	0
189	11	0	3	0
190	11	1	1	0
191	11	0	3	0
192	11	1	1	1
193	11	0	2	0
194	11	1	1	0
195	11	1	1	0
196	11	-1	2	0
197	11	1	1	0
198	11	1	1	0
199	11	1	1	0
200	11	1	1	0
201	11	-1	2	1
202	11	-1	2	1
203	11	1	1	0
204	11	-1	2	0
205	11	1	1	0
206	11	1	1	0
207	11	-1	3	0
208	11	1	1	0
209	11	1	1	0
210	11	1	1	0
211	11	1	1	0
212	11	1	1	0
213	11	1	1	0
214	11	0	2	0
215	11	1	1	0
216	11	0	3	0
217	11	1	1	0
218	11	1	1	0
219	11	1	1	0
220	11	1	1	0
221	11	0	2	0
222	11	0	2	0
223	11	0	3	1
224	11	1	1	0
225	11	1	1	0
226	11	-1	2	0
227	11	1	1	1
228	11	0	2	0
229	11	-1	2	0
230	11	1	1	0
231	11	0	4	1
232	11	0	2	0
233	11	1	1	0
234	11	1	1	0
235	11	1	1	0
236	11	0	2	0
237	11	1	1	0
238	11	1	1	0
239	11	1	1	0
240	11	1	1	0
241	11	1	1	0
242	11	1	1	0
243	11	0	2	0
244	11	1	1	0
245	11	0	2	0
246	11	0	5	1
247	11	1	1	0
248	11	1	1	0
249	11	1	1	0
250	11	1	1	0
251	11	-1	3	1
252	11	1	1	0
253	11	1	1	0
254	11	1	1	0
255	11	0	4	1
256	11	1	1	0
257	11	1	1	0
258	11	1	1	0
259	11	1	1	0
260	11	1	1	0
261	11	1	1	0
262	11	1	1	0
263	11	1	1	0
264	11	1	1	0
265	11	-1	3	0
266	11	1	1	0
267	11	1	1	0
268	11	1	1	0
269	11	1	1	0
270	11	-1	2	0
271	11	1	1	0
272	11	1	1	0
273	11	1	1	0
274	11	1	1	0
275	11	1	1	0
276	11	1	1	0
277	11	-1	2	0
278	11	1	1	0
279	11	0	2	0
280	11	1	1	0
281	11	1	1	0
282	11	1	1	0
283	11	1	1	0
284	11	0	2	0
285	11	1	1	0
286	11	1	1	0
287	11	0	9	0
288	11	1	1	0
289	11	1	1	0
290	11	1	1	0
291	11	1	1	0
292	11	1	1	0
293	11	1	1	1
294	11	1	1	0
295	11	-1	2	0
296	11	1	1	0
297	11	0	2	0
298	11	1	1	0
299	11	0	2	0
300	11	0	2	0
301	11	0	3	1
302	11	1	1	0
303	11	0	2	0
304	11	0	3	0
305	11	1	1	0
306	11	0	2	0
307	11	1	1	0
308	11	1	1	0
309	11	1	1	0
310	11	1	1	0
311	11	1	1	0
312	11	1	1	0
313	11	1	1	0
314	11	1	1	0
315	11	1	1	0
316	11	1	1	0
317	11	1	1	0
318	11	0	3	1
319	11	1	1	0
320	11	1	1	0
321	11	0	3	1
322	11	1	1	0
323	11	0	2	0
324	11	1	1	0
325	11	1	1	0
326	11	-1	2	0
327	11	1	1	0
328	11	0	2	1
329	11	0	3	1
330	11	0	2	0
331	11	1	1	0
332	11	1	1	0
333	11	0	2	0
334	11	1	1	0
335	11	1	1	0
336	11	1	1	0
337	11	1	1	0
338	11	-1	6	2
339	11	1	1	5
340	11	-1	5	6
341	11	0	2	1
342	11	1	1	0
343	11	1	1	1
344	11	1	1	0
345	11	0	6	3
346	11	1	1	0
347	11	1	1	1
348	11	-1	2	1
349	11	1	1	1
350	11	1	1	1
351	11	1	1	1
352	11	1	1	1
353	11	0	2	1
354	11	1	1	0
355	11	1	1	0
356	11	1	1	0
357	11	0	3	1
358	11	1	1	0
359	11	1	1	1
360	11	1	1	1
361	11	1	1	0
362	11	1	1	0
363	11	1	1	0
364	11	1	1	1
365	11	1	1	0
366	11	1	1	0
367	11	1	1	0
368	11	1	1	0
369	11	0	2	1
370	11	1	1	1
371	11	1	1	0
372	11	-1	3	2
373	11	1	1	0
374	11	-1	2	1
375	11	1	1	1
376	11	1	1	1
377	11	1	1	1
378	11	1	1	0
379	11	1	1	0
380	11	1	1	0
381	11	1	1	0
382	11	1	1	0
383	11	1	1	0
384	11	1	1	0
385	11	0	5	2
386	11	1	1	0
387	11	1	1	1
388	11	-1	2	1
389	11	0	2	0
390	11	1	1	1
391	11	0	2	13
392	11	-1	2	2
393	11	0	3	1
394	11	1	1	1
395	11	1	1	1
396	11	0	2	0
397	11	1	1	0
398	11	1	1	1
399	11	1	1	0
400	11	1	1	0
401	11	1	1	0
402	11	1	1	1
403	11	1	1	1
404	11	1	1	1
405	11	1	1	0
406	11	1	1	0
407	11	-1	3	1
408	11	0	2	0
409	11	1	1	1
410	11	1	1	0
411	11	1	1	0
412	11	1	1	0
413	11	0	2	0
414	11	1	1	1
415	11	0	2	0
416	11	1	1	0
417	11	0	2	0
418	11	0	2	0
419	11	1	1	0
420	11	1	1	1
421	11	1	1	0
422	11	-1	2	1
423	11	1	1	0
424	11	0	2	0
425	11	0	2	0
426	11	1	1	0
427	11	1	1	0
428	11	1	1	0
429	11	-1	2	1
430	11	1	1	0
431	11	1	1	0
432	11	1	1	0
433	11	0	2	0
434	11	0	2	0
435	11	1	1	0
436	11	0	9	1
437	11	1	1	0
438	11	1	1	0
439	11	0	2	0
440	11	0	2	0
441	11	1	1	0
442	11	1	1	0
443	11	1	1	1
444	11	1	1	0
445	11	1	1	0
446	11	0	3	2
447	11	1	1	0
448	11	1	1	0
449	11	1	1	0
450	11	1	1	1
451	11	0	3	1
452	11	-1	2	1
453	11	1	1	0
454	11	1	1	0
455	11	1	1	0
456	11	1	1	0
457	11	1	1	1
458	11	1	1	0
459	11	1	1	0
460	11	1	1	0
461	11	1	1	0
462	11	1	1	0
463	11	1	1	0
464	11	1	1	0
465	11	-1	2	1
466	11	1	1	0
467	11	-1	2	1
468	11	1	1	0
469	11	1	1	0
470	11	1	1	1
471	12	1	1	0
472	12	1	1	0
473	12	1	1	1
474	12	1	1	1
475	12	1	1	1
476	12	1	3	1
477	12	1	1	0
478	12	1	1	0
479	12	1	1	0
480	12	-1	2	1
481	12	1	1	0
482	12	1	1	1
483	12	1	1	0
484	12	1	1	0
485	12	1	1	0
486	12	0	3	1
487	12	1	1	0
488	12	1	1	0
489	12	1	1	0
490	12	1	1	1
491	12	1	1	0
492	12	1	1	0
493	12	1	1	1
494	12	1	1	0
495	12	1	1	0
496	12	-1	2	1
497	12	1	1	0
498	12	1	1	0
499	12	1	1	0
500	12	1	1	0
501	12	1	1	0
502	12	-1	2	1
503	12	1	1	0
504	12	0	2	0
505	12	1	1	0
506	12	1	1	0
507	12	-1	2	1
508	12	1	1	0
509	12	1	1	0
510	12	1	1	0
511	12	1	1	0
512	12	1	1	0
513	12	-1	3	1
514	12	1	1	0
515	12	-1	2	0
516	12	0	3	1
517	12	-1	3	1
518	12	0	3	0
519	12	1	1	0
520	12	-1	2	1
521	12	-1	2	1
522	12	1	1	1
523	12	1	1	0
524	12	0	2	0
525	12	1	1	0
526	12	1	1	0
527	12	1	1	0
528	12	1	6	5
529	12	0	2	0
530	12	1	1	0
531	12	1	1	0
532	12	1	1	0
533	12	-1	2	1
534	12	1	1	0
535	12	-1	2	1
536	12	1	1	0
537	12	1	1	0
538	12	-1	11	5
539	12	1	1	0
540	12	1	1	0
541	12	1	1	0
542	12	1	1	0
543	12	1	1	0
544	12	0	7	0
545	12	1	1	0
546	12	1	4	2
547	12	1	1	0
548	12	1	1	1
549	12	1	1	0
550	12	1	1	0
551	12	1	1	1
552	12	-1	3	1
553	12	1	1	0
554	12	1	1	0
555	12	-1	2	0
556	12	1	4	2
557	12	1	1	0
558	12	1	1	0
559	12	1	1	0
560	12	-1	2	1
561	12	-1	2	1
562	12	1	1	0
563	12	1	1	0
564	12	1	1	0
565	12	-1	2	1
566	12	0	2	1
567	12	0	2	0
568	12	1	1	0
569	12	1	1	0
570	12	1	1	0
571	12	-1	5	3
572	12	1	1	0
573	12	-1	11	6
574	12	0	2	0
575	12	-1	2	1
576	12	1	1	0
577	12	0	2	0
578	12	1	1	0
579	12	1	1	0
580	12	-1	3	2
581	12	-1	2	1
582	12	1	1	0
583	12	-1	2	1
584	12	1	1	0
585	12	1	1	0
586	12	1	1	0
587	12	-1	2	1
588	12	1	1	1
589	12	1	1	0
590	12	1	1	0
591	12	1	1	0
592	12	1	4	2
593	12	-1	2	1
594	12	-1	2	1
595	12	1	1	0
596	12	1	1	0
597	12	-1	2	1
598	12	1	1	1
599	12	1	1	0
600	12	1	1	0
601	12	1	1	0
602	12	1	1	0
603	12	0	2	0
604	12	1	1	0
605	12	1	1	0
606	12	1	1	0
607	12	1	1	0
608	12	1	1	0
609	12	-1	2	0
610	12	1	1	0
611	12	-1	3	1
612	12	1	1	0
613	12	1	1	1
614	12	-1	2	1
615	12	1	1	0
616	12	-1	2	1
617	12	0	2	0
618	12	1	1	0
619	12	-1	11	6
620	12	1	1	0
621	12	1	1	0
622	12	1	1	0
623	12	1	1	0
624	12	1	1	1
625	12	1	1	0
626	12	1	3	1
627	12	1	1	0
628	12	0	3	1
629	12	1	1	0
630	12	1	1	0
631	12	1	1	0
632	12	-1	2	1
633	12	1	1	0
634	12	1	3	1
635	12	1	1	0
636	12	1	1	0
637	12	1	1	0
638	12	1	1	0
639	12	1	1	0
640	12	-1	2	1
641	12	1	1	1
642	12	1	1	0
643	12	1	1	0
644	12	1	1	0
645	12	1	1	0
646	12	1	1	0
647	12	1	1	0
648	12	1	5	2
649	12	-1	2	0
650	12	1	1	0
651	12	1	1	0
652	12	1	1	0
653	12	1	1	0
654	12	1	1	0
655	12	-1	2	0
656	12	1	1	0
657	12	1	1	0
658	12	-1	3	2
659	12	1	1	0
660	12	-1	2	1
661	12	0	3	1
662	12	1	1	1
663	12	1	1	0
664	12	1	1	0
665	12	1	1	0
666	12	-1	2	1
667	12	0	2	0
668	12	1	1	1
669	12	-1	2	0
670	12	1	1	0
671	12	1	1	0
672	12	1	1	0
673	12	1	1	0
674	12	-1	2	0
675	12	1	1	0
676	12	1	1	0
677	12	1	1	0
678	12	0	7	0
679	12	1	1	0
680	12	1	1	1
681	12	1	1	0
682	12	1	1	0
683	12	1	1	0
684	12	0	4	1
685	12	-1	10	4
686	12	-1	2	1
687	12	1	1	0
688	12	1	1	0
689	12	1	1	0
690	12	1	1	0
691	12	1	1	0
692	12	1	1	0
693	12	0	9	1
694	12	-1	2	1
695	12	1	1	0
696	12	0	4	1
697	12	1	1	0
698	12	1	1	0
699	12	1	1	0
700	12	1	1	0
701	12	-1	2	1
702	12	1	1	0
703	12	1	1	0
704	12	-1	2	1
705	12	-1	2	1
706	12	-1	2	0
707	12	1	1	0
708	12	-1	2	0
709	12	-1	2	1
710	12	-1	2	1
711	12	-1	2	1
712	12	-1	3	1
713	12	1	1	1
714	12	-1	2	0
715	12	1	1	0
716	12	1	1	0
717	12	0	3	0
718	12	-1	2	0
719	12	1	1	0
720	12	1	1	0
721	12	-1	4	2
722	12	1	1	0
723	12	1	1	0
724	12	1	1	0
725	12	1	1	0
726	12	1	1	0
727	12	1	1	0
728	12	-1	2	1
729	12	1	1	0
730	12	1	1	0
731	12	1	1	0
732	12	1	1	0
733	12	1	1	0
734	12	1	1	0
735	12	1	1	0
736	12	1	1	0
737	12	1	1	0
738	12	-1	2	1
739	12	0	4	1
740	12	1	1	0
741	12	1	1	0
742	12	-1	11	5
743	12	1	1	0
744	12	0	2	0
745	12	1	1	0
746	12	1	1	0
747	12	-1	2	1
748	12	1	1	0
749	12	1	1	0
750	12	-1	2	1
751	12	1	1	0
752	12	1	1	0
753	12	1	1	0
754	12	1	1	0
755	12	0	14	5
756	12	1	1	0
757	12	-1	2	1
758	12	1	1	0
759	12	1	1	0
760	12	1	1	0
761	12	1	1	0
762	12	1	1	0
763	12	0	2	0
764	12	1	1	0
765	12	1	1	0
766	12	-1	2	0
767	12	-1	2	0
768	12	1	1	0
769	12	1	1	0
770	12	1	1	0
771	13	-1	5	2
772	13	1	1	0
773	13	0	4	1
774	13	1	1	0
775	13	1	1	1
776	13	1	5	2
777	13	1	1	0
778	13	0	2	0
779	13	1	1	0
780	13	-1	2	0
781	13	1	1	0
782	13	1	1	1
783	13	1	5	2
784	13	1	1	0
785	13	-1	2	0
786	13	1	1	0
787	13	-1	3	1
788	13	-1	2	1
789	13	1	1	0
790	13	-1	2	1
791	13	1	1	1
792	13	1	1	0
793	13	1	1	0
794	13	1	1	0
795	13	1	1	0
796	13	-1	2	0
797	13	1	1	0
798	13	-1	2	1
799	13	1	1	0
800	13	1	1	0
801	13	1	1	0
802	13	1	1	0
803	13	1	1	0
804	13	-1	2	0
805	13	1	1	1
806	13	1	1	0
807	13	-1	2	1
808	13	-1	2	0
809	13	-1	2	1
810	13	-1	3	1
811	13	1	1	0
812	13	0	4	0
813	13	0	13	8
814	13	1	1	0
815	13	1	1	0
816	13	1	1	0
817	13	1	1	0
818	13	-1	3	1
819	13	1	5	1
820	13	0	5	1
821	13	-1	2	0
822	13	-1	2	1
823	13	1	1	0
824	13	1	1	0
825	13	-1	4	1
826	13	1	1	0
827	13	1	1	0
828	13	0	5	1
829	13	-1	11	5
830	13	1	1	0
831	13	0	2	0
832	13	1	1	0
833	13	0	8	1
834	13	-1	2	1
835	13	1	1	0
836	13	1	1	0
837	13	1	1	0
838	13	1	1	0
839	13	1	1	0
840	13	-1	2	1
841	13	1	1	1
842	13	1	1	0
843	13	1	1	0
844	13	-1	2	0
845	13	1	1	0
846	13	1	1	0
847	13	-1	2	1
848	13	-1	10	5
849	13	1	1	0
850	13	1	1	0
851	13	-1	3	0
852	13	1	1	0
853	13	-1	2	1
854	13	1	1	0
855	13	-1	3	1
856	13	-1	2	1
857	13	1	1	0
858	13	-1	3	1
859	13	-1	2	1
860	13	-1	2	0
861	13	-1	3	1
862	13	1	1	0
863	13	-1	10	4
864	13	1	1	0
865	13	1	1	0
866	13	1	1	0
867	13	1	1	0
868	13	1	1	0
869	13	0	4	1
870	13	1	1	0
871	13	1	1	0
872	13	-1	2	1
873	13	-1	11	4
874	13	-1	12	5
875	13	1	1	0
876	13	-1	2	1
877	13	-1	2	0
878	13	1	1	0
879	13	1	1	0
880	13	1	1	0
881	13	1	3	1
882	13	1	1	0
883	13	0	3	1
884	13	1	1	0
885	13	0	5	0
886	13	1	1	0
887	13	1	1	0
888	13	-1	10	3
889	13	1	1	0
890	13	1	1	0
891	13	1	1	0
892	13	1	7	1
893	13	1	1	0
894	13	0	5	1
895	13	1	1	0
896	13	1	1	0
897	13	1	1	0
898	13	1	1	0
899	13	-1	9	3
900	13	1	1	0
901	13	1	1	0
902	13	1	3	1
903	13	1	1	0
904	13	1	1	0
905	13	1	1	0
906	13	1	1	0
907	13	-1	2	0
908	13	1	1	0
909	13	-1	2	0
910	13	1	1	0
911	13	-1	3	1
912	13	1	1	0
913	13	-1	2	0
914	13	1	1	0
915	13	-1	11	2
916	13	-1	2	1
917	13	1	1	0
918	13	1	1	0
919	13	1	1	0
920	13	-1	5	2
921	13	1	1	0
922	13	1	1	0
923	13	1	1	0
924	13	-1	2	0
925	13	1	1	0
926	13	1	3	1
927	13	-1	11	5
928	13	1	1	0
929	13	1	1	0
930	13	-1	2	0
931	13	-1	2	0
932	13	1	5	2
933	13	1	4	1
934	13	1	1	0
935	13	-1	2	1
936	13	0	3	0
937	13	1	3	1
938	13	1	1	0
939	13	-1	2	1
940	13	-1	2	1
941	13	-1	3	1
942	13	1	1	0
943	13	1	1	0
944	13	-1	2	0
945	13	-1	3	1
946	13	1	3	1
947	13	1	1	0
948	13	-1	11	4
949	13	-1	2	0
950	13	-1	2	0
951	13	1	6	6
952	13	1	1	0
953	13	0	4	0
954	13	1	1	0
955	13	1	1	0
956	13	1	1	0
957	13	1	3	0
958	13	1	1	0
959	13	-1	3	2
960	13	-1	2	0
961	13	1	1	0
962	13	0	2	0
963	13	-1	5	2
964	13	-1	2	0
965	13	1	1	0
966	13	-1	2	0
967	13	-1	12	6
968	13	-1	2	0
969	13	1	1	0
970	13	1	1	0
971	13	1	1	0
972	13	1	1	0
973	13	1	1	0
974	13	-1	3	0
975	13	1	3	0
976	13	1	1	0
977	13	1	1	0
978	13	1	1	0
979	13	1	1	0
980	13	0	12	4
981	13	1	3	1
982	13	0	2	0
983	13	1	1	0
984	13	1	4	2
985	13	-1	3	0
986	13	-1	2	1
987	13	1	1	0
988	13	-1	2	1
989	13	1	1	0
990	13	1	1	0
991	13	-1	2	0
992	13	-1	2	0
993	13	1	1	0
994	13	1	1	0
995	13	1	4	1
996	13	1	1	0
997	13	-1	18	8
998	13	-1	2	0
999	13	1	1	0
1000	13	1	1	0
1001	13	1	1	0
1002	13	-1	3	1
1003	13	-1	2	0
1004	13	1	1	0
1005	13	1	1	0
1006	13	1	3	0
1007	13	1	1	0
1008	13	1	1	0
1009	13	-1	2	0
1010	13	1	1	0
1011	13	1	1	0
1012	13	1	1	0
1013	13	1	3	1
1014	13	1	1	0
1015	13	1	1	0
1016	13	-1	2	1
1017	13	-1	3	1
1018	13	1	3	1
1019	13	1	1	0
1020	13	1	1	0
1021	13	1	1	1
1022	13	0	4	0
1023	13	1	1	0
1024	13	-1	3	1
1025	13	-1	2	1
1026	13	1	1	0
1027	13	1	1	0
1028	13	-1	2	0
1029	13	1	1	0
1030	13	-1	2	0
1031	13	-1	3	1
1032	13	-1	2	1
1033	13	1	1	0
1034	13	1	1	0
1035	13	1	1	0
1036	13	1	1	0
1037	13	1	1	0
1038	13	1	1	0
1039	13	-1	2	1
1040	13	-1	2	1
1041	13	-1	2	0
1042	13	-1	2	0
1043	13	-1	4	2
1044	13	1	1	0
1045	13	1	1	0
1046	13	1	1	0
1047	13	1	1	1
1048	13	1	1	0
1049	13	-1	2	0
1050	13	1	5	1
1051	13	0	2	0
1052	13	-1	3	1
1053	13	1	1	0
1054	13	-1	2	1
1055	13	1	1	0
1056	13	1	1	0
1057	13	1	4	1
1058	13	1	1	0
1059	13	1	1	0
1060	13	-1	2	1
1061	13	1	1	0
1062	13	1	1	0
1063	13	1	3	0
1064	13	-1	12	5
1065	13	1	6	3
1066	13	1	1	0
1067	13	1	1	0
1068	13	1	1	0
1069	13	-1	2	0
1070	13	-1	2	1
1071	14	1	1	0
1072	14	-1	2	0
1073	14	1	1	0
1074	14	1	3	1
1075	14	-1	2	1
1076	14	1	6	2
1077	14	1	4	1
1078	14	1	4	2
1079	14	-1	2	0
1080	14	-1	7	3
1081	14	1	16	7
1082	14	1	1	0
1083	14	-1	13	12
1084	14	-1	3	1
1085	14	1	1	0
1086	14	-1	2	0
1087	14	1	1	0
1088	14	-1	2	0
1089	14	1	1	0
1090	14	1	1	0
1091	14	1	1	0
1092	14	-1	3	1
1093	14	1	4	1
1094	14	1	1	0
1095	14	1	3	1
1096	14	-1	3	1
1097	14	1	1	0
1098	14	1	1	0
1099	14	-1	5	2
1100	14	1	1	0
1101	14	-1	4	1
1102	14	1	1	0
1103	14	1	1	0
1104	14	1	1	0
1105	14	-1	3	1
1106	14	0	3	1
1107	14	1	3	1
1108	14	1	1	0
1109	14	1	3	1
1110	14	-1	2	0
1111	14	1	1	0
1112	14	-1	10	5
1113	14	-1	13	6
1114	14	1	4	1
1115	14	1	1	0
1116	14	0	5	1
1117	14	1	13	5
1118	14	-1	2	0
1119	14	1	1	0
1120	14	1	1	0
1121	14	-1	2	0
1122	14	-1	10	6
1123	14	-1	16	11
1124	14	1	1	0
1125	14	-1	2	1
1126	14	-1	4	1
1127	14	1	16	11
1128	14	-1	11	7
1129	14	1	1	0
1130	14	0	6	1
1131	14	1	1	1
1132	14	-1	2	0
1133	14	1	1	0
1134	14	1	4	15
1135	14	1	1	0
1136	14	1	1	0
1137	14	-1	6	2
1138	14	-1	3	1
1139	14	-1	3	1
1140	14	-1	3	1
1141	14	-1	3	1
1142	14	1	1	0
1143	14	1	1	0
1144	14	1	3	1
1145	14	1	1	0
1146	14	0	13	4
1147	14	1	1	0
1148	14	-1	2	1
1149	14	-1	3	1
1150	14	1	1	0
1151	14	-1	10	6
1152	14	1	1	0
1153	14	1	1	0
1154	14	0	3	0
1155	14	1	1	0
1156	14	1	1	0
1157	14	-1	10	4
1158	14	1	4	1
1159	14	1	1	0
1160	14	1	3	1
1161	14	1	1	0
1162	14	1	3	1
1163	14	1	1	0
1164	14	-1	2	1
1165	14	1	1	0
1166	14	-1	3	1
1167	14	-1	2	0
1168	14	1	1	0
1169	14	1	1	0
1170	14	1	1	0
1171	14	1	1	0
1172	14	0	13	5
1173	14	1	1	0
1174	14	1	3	1
1175	14	-1	2	1
1176	14	1	1	0
1177	14	0	2	0
1178	14	1	1	0
1179	14	1	1	0
1180	14	1	1	0
1181	14	1	1	0
1182	14	1	1	0
1183	14	-1	3	1
1184	14	1	5	2
1185	14	1	1	0
1186	14	-1	2	0
1187	14	-1	3	1
1188	14	-1	3	1
1189	14	-1	3	1
1190	14	1	1	0
1191	14	1	1	0
1192	14	-1	3	2
1193	14	1	1	1
1194	14	1	3	1
1195	14	-1	2	0
1196	14	-1	16	7
1197	14	1	1	0
1198	14	1	1	0
1199	14	-1	2	0
1200	14	-1	2	0
1201	14	1	1	0
1202	14	-1	2	1
1203	14	-1	2	0
1204	14	0	16	9
1205	14	1	5	1
1206	14	-1	2	0
1207	14	-1	2	1
1208	14	1	1	0
1209	14	1	1	0
1210	14	1	3	0
1211	14	1	1	0
1212	14	1	16	6
1213	14	-1	9	3
1214	14	-1	2	0
1215	14	-1	4	1
1216	14	1	1	0
1217	14	1	1	0
1218	14	1	1	0
1219	14	-1	7	3
1220	14	0	12	5
1221	14	-1	2	0
1222	14	-1	7	3
1223	14	1	18	8
1224	14	1	1	0
1225	14	0	25	11
1226	14	0	7	0
1227	14	1	1	1
1228	14	1	1	0
1229	14	1	1	0
1230	14	1	1	0
1231	14	-1	2	0
1232	14	1	7	3
1233	14	1	1	0
1234	14	-1	3	1
1235	14	-1	2	1
1236	14	-1	2	0
1237	14	1	1	0
1238	14	-1	9	4
1239	14	1	1	0
1240	14	1	3	1
1241	14	1	4	1
1242	14	1	3	0
1243	14	-1	12	7
1244	14	1	1	0
1245	14	-1	17	9
1246	14	1	8	3
1247	14	1	1	0
1248	14	1	1	0
1249	14	-1	2	0
1250	14	1	1	0
1251	14	1	3	17
1252	14	-1	3	1
1253	14	1	1	0
1254	14	1	1	0
1255	14	-1	16	8
1256	14	1	1	0
1257	14	-1	2	1
1258	14	-1	6	3
1259	14	-1	2	0
1260	14	1	1	0
1261	14	-1	2	0
1262	14	1	1	0
1263	14	-1	3	1
1264	14	1	1	0
1265	14	-1	2	0
1266	14	-1	16	7
1267	14	0	2	0
1268	14	1	4	1
1269	14	-1	2	1
1270	14	-1	2	0
1271	14	1	1	0
1272	14	0	4	1
1273	14	-1	2	0
1274	14	1	1	0
1275	14	1	5	2
1276	14	-1	3	1
1277	14	1	3	0
1278	14	-1	3	0
1279	14	-1	12	6
1280	14	1	1	0
1281	14	1	1	0
1282	14	0	3	0
1283	14	1	4	1
1284	14	-1	2	0
1285	14	1	3	0
1286	14	1	1	0
1287	14	0	3	0
1288	14	-1	13	5
1289	14	0	27	17
1290	14	-1	3	1
1291	14	-1	2	0
1292	14	-1	3	0
1293	14	-1	2	0
1294	14	1	1	0
1295	14	1	1	0
1296	14	-1	2	1
1297	14	1	5	2
1298	14	1	1	0
1299	14	1	1	0
1300	14	1	17	7
1301	14	-1	11	5
1302	14	1	1	0
1303	14	-1	2	1
1304	14	-1	2	0
1305	14	-1	3	1
1306	14	-1	10	5
1307	14	-1	9	4
1308	14	-1	4	1
1309	14	-1	3	1
1310	14	1	1	0
1311	14	1	12	5
1312	14	-1	2	0
1313	14	-1	2	1
1314	14	1	1	0
1315	14	1	1	0
1316	14	1	4	2
1317	14	1	1	0
1318	14	-1	2	0
1319	14	1	1	0
1320	14	-1	2	0
1321	14	1	3	1
1322	14	1	1	0
1323	14	-1	10	4
1324	14	0	15	3
1325	14	1	1	0
1326	14	1	1	0
1327	14	1	5	3
1328	14	1	3	1
1329	14	1	1	0
1330	14	1	1	0
1331	14	1	4	1
1332	14	1	1	0
1333	14	1	3	2
1334	14	1	1	0
1335	14	-1	10	4
1336	14	1	3	1
1337	14	1	8	3
1338	14	1	1	0
1339	14	1	1	0
1340	14	-1	2	0
1341	14	1	3	1
1342	14	1	1	0
1343	14	-1	2	0
1344	14	-1	2	0
1345	14	1	1	1
1346	14	1	1	0
1347	14	1	9	5
1348	14	-1	13	6
1349	14	1	1	0
1350	14	1	3	1
1351	14	-1	2	0
1352	14	1	5	1
1353	14	-1	4	2
1354	14	0	15	6
1355	14	1	1	0
1356	14	1	1	8
1357	14	1	1	1
1358	14	1	1	0
1359	14	1	1	0
1360	14	1	3	9
1361	14	-1	12	8
1362	14	-1	17	14
1363	14	-1	11	9
1364	14	0	23	21
1365	14	-1	13	9
1366	14	-1	2	1
1367	14	-1	3	2
1368	14	1	1	0
1369	14	1	1	0
1370	14	1	1	0
1371	15	-1	2	2
1372	15	1	1	1
1373	15	1	1	0
1374	15	-1	2	0
1375	15	-1	10	6
1376	15	-1	13	11
1377	15	-1	3	2
1378	15	1	10	5
1379	15	1	1	0
1380	15	-1	7	5
1381	15	1	1	0
1382	15	1	51	29
1383	15	1	9	6
1384	15	0	36	22
1385	15	1	1	1
1386	15	1	15	10
1387	15	-1	2	1
1388	15	0	4	1
1389	15	1	1	0
1390	15	-1	2	2
1391	15	-1	4	2
1392	15	1	1	0
1393	15	1	23	17
1394	15	-1	27	22
1395	15	-1	2	1
1396	15	-1	15	10
1397	15	-1	4	3
1398	15	-1	3	2
1399	15	-1	2	1
1400	15	-1	9	6
1401	15	1	3	1
1402	15	-1	2	1
1403	15	1	4	2
1404	15	-1	26	18
1405	15	0	18	9
1406	15	-1	11	6
1407	15	1	1	0
1408	15	-1	10	5
1409	15	1	1	0
1410	15	-1	26	17
1411	15	1	1	0
1412	15	-1	17	12
1413	15	1	5	3
1414	15	1	1	0
1415	15	1	1	0
1416	15	-1	3	1
1417	15	1	1	1
1418	15	1	14	6
1419	15	1	1	0
1420	15	0	19	8
1421	15	-1	2	1
1422	15	-1	2	1
1423	15	1	1	1
1424	15	-1	14	9
1425	15	-1	2	1
1426	15	1	3	1
1427	15	1	1	0
1428	15	-1	2	1
1429	15	1	1	1
1430	15	-1	2	1
1431	15	-1	15	10
1432	15	-1	5	3
1433	15	-1	9	4
1434	15	-1	10	4
1435	15	1	18	11
1436	15	-1	5	3
1437	15	-1	9	5
1438	15	1	1	0
1439	15	1	1	0
1440	15	1	1	0
1441	15	-1	15	9
1442	15	1	1	0
1443	15	1	6	4
1444	15	0	4	2
1445	15	1	6	4
1446	15	-1	2	1
1447	15	-1	2	1
1448	15	-1	2	1
1449	15	1	1	1
1450	15	-1	4	1
1451	15	-1	10	5
1452	15	-1	11	5
1453	15	-1	4	1
1454	15	-1	12	6
1455	15	-1	34	21
1456	15	-1	10	5
1457	15	1	1	0
1458	15	-1	11	6
1459	15	1	3	1
1460	15	1	1	0
1461	15	-1	18	10
1462	15	1	3	1
1463	15	-1	27	19
1464	15	1	1	0
1465	15	1	1	0
1466	15	-1	8	5
1467	15	-1	2	0
1468	15	1	1	0
1469	15	-1	10	8
1470	15	-1	4	2
1471	15	-1	2	1
1472	15	1	1	0
1473	15	-1	4	1
1474	15	-1	2	1
1475	15	1	5	3
1476	15	-1	12	6
1477	15	1	1	0
1478	15	-1	8	6
1479	15	1	1	0
1480	15	-1	11	6
1481	15	-1	25	15
1482	15	1	14	10
1483	15	1	1	0
1484	15	1	3	1
1485	15	1	1	0
1486	15	1	1	0
1487	15	1	1	0
1488	15	1	3	1
1489	15	-1	2	0
1490	15	-1	4	1
1491	15	-1	11	6
1492	15	-1	2	0
1493	15	1	6	4
1494	15	1	1	0
1495	15	1	1	0
1496	15	-1	4	3
1497	15	1	22	15
1498	15	-1	16	10
1499	15	0	10	5
1500	15	-1	6	3
1501	15	1	3	2
1502	15	1	1	0
1503	15	1	1	0
1504	15	1	3	2
1505	15	-1	30	16
1506	15	-1	3	1
1507	15	-1	4	2
1508	15	1	4	2
1509	15	1	1	0
1510	15	-1	3	1
1511	15	-1	10	6
1512	15	-1	10	6
1513	15	1	1	0
1514	15	1	1	0
1515	15	1	17	9
1516	15	1	1	0
1517	15	1	1	0
1518	15	1	1	0
1519	15	-1	2	0
1520	15	-1	14	6
1521	15	1	1	1
1522	15	1	1	0
1523	15	-1	2	0
1524	15	1	6	2
1525	15	-1	2	1
1526	15	-1	13	8
1527	15	1	4	2
1528	15	1	22	13
1529	15	1	1	0
1530	15	-1	3	1
1531	15	-1	10	6
1532	15	-1	12	7
1533	15	-1	3	1
1534	15	0	17	9
1535	15	1	1	0
1536	15	-1	4	2
1537	15	-1	2	0
1538	15	1	1	1
1539	15	1	22	9
1540	15	1	26	14
1541	15	-1	10	5
1542	15	1	1	0
1543	15	-1	2	1
1544	15	-1	3	1
1545	15	-1	11	4
1546	15	-1	10	6
1547	15	1	18	9
1548	15	1	1	0
1549	15	1	1	0
1550	15	1	16	8
1551	15	1	1	0
1552	15	-1	14	6
1553	15	-1	2	1
1554	15	1	3	2
1555	15	1	3	1
1556	15	0	17	8
1557	15	-1	11	6
1558	15	-1	10	6
1559	15	-1	10	5
1560	15	1	56	25
1561	15	1	3	1
1562	15	1	4	2
1563	15	1	4	2
1564	15	1	1	0
1565	15	0	16	8
1566	15	-1	10	5
1567	15	-1	3	1
1568	15	0	12	7
1569	15	-1	4	2
1570	15	-1	3	1
1571	15	1	1	0
1572	15	1	1	0
1573	15	1	1	0
1574	15	1	1	1
1575	15	1	6	2
1576	15	1	3	1
1577	15	1	3	1
1578	15	0	12	5
1579	15	1	1	0
1580	15	1	4	2
1581	15	1	1	0
1582	15	1	3	1
1583	15	1	3	1
1584	15	1	1	0
1585	15	1	1	0
1586	15	-1	2	0
1587	15	1	15	7
1588	15	-1	3	1
1589	15	1	1	0
1590	15	1	14	6
1591	15	1	3	1
1592	15	1	1	0
1593	15	1	1	0
1594	15	1	1	0
1595	15	-1	24	15
1596	15	0	12	6
1597	15	1	1	0
1598	15	1	1	0
1599	15	1	1	0
1600	15	-1	2	1
1601	15	1	1	0
1602	15	-1	5	1
1603	15	1	1	0
1604	15	0	17	8
1605	15	-1	14	7
1606	15	-1	4	1
1607	15	1	1	0
1608	15	-1	3	1
1609	15	1	1	1
1610	15	1	1	1
1611	15	1	3	1
1612	15	-1	13	6
1613	15	-1	4	1
1614	15	-1	2	1
1615	15	-1	10	1
1616	15	-1	13	8
1617	15	-1	3	1
1618	15	-1	11	6
1619	15	1	1	0
1620	15	1	1	0
1621	15	1	1	0
1622	15	1	1	0
1623	15	1	5	3
1624	15	-1	10	5
1625	15	-1	2	0
1626	15	1	3	1
1627	15	-1	3	1
1628	15	0	62	30
1629	15	-1	2	0
1630	15	1	1	0
1631	15	1	1	0
1632	15	1	22	11
1633	15	1	5	2
1634	15	-1	34	14
1635	15	-1	11	5
1636	15	1	10	4
1637	15	-1	6	2
1638	15	0	19	8
1639	15	1	1	0
1640	15	-1	2	1
1641	15	-1	28	15
1642	15	-1	20	12
1643	15	1	1	0
1644	15	-1	2	0
1645	15	-1	10	5
1646	15	-1	14	8
1647	15	1	1	0
1648	15	0	24	13
1649	15	0	35	18
1650	15	1	1	0
1651	15	-1	2	1
1652	15	1	1	0
1653	15	1	15	7
1654	15	-1	2	1
1655	15	0	19	9
1656	15	1	3	1
1657	15	1	1	0
1658	15	1	3	1
1659	15	1	1	0
1660	15	1	1	0
1661	15	1	1	0
1662	15	-1	15	7
1663	15	1	1	0
1664	15	-1	11	5
1665	15	1	1	0
1666	15	-1	2	1
1667	15	1	3	2
1668	15	-1	11	6
1669	15	1	1	0
1670	15	1	1	0
1671	16	1	3	1
1672	16	0	124	56
1673	16	1	1	0
1674	16	1	1	0
1675	16	1	3	1
1676	16	-1	3	1
1677	16	-1	16	8
1678	16	1	21	11
1679	16	1	19	10
1680	16	1	1	0
1681	16	-1	5	3
1682	16	1	4	1
1683	16	-1	3	1
1684	16	-1	2	0
1685	16	1	1	0
1686	16	1	16	8
1687	16	-1	3	1
1688	16	1	3	0
1689	16	-1	16	8
1690	16	1	3	2
1691	16	1	1	1
1692	16	-1	34	17
1693	16	1	1	0
1694	16	-1	2	0
1695	16	-1	2	1
1696	16	-1	13	6
1697	16	0	7	2
1698	16	-1	2	0
1699	16	-1	3	1
1700	16	1	6	3
1701	16	-1	9	4
1702	16	1	4	2
1703	16	-1	10	6
1704	16	-1	12	5
1705	16	0	18	7
1706	16	-1	12	5
1707	16	1	1	0
1708	16	0	48	21
1709	16	1	14	7
1710	16	-1	9	5
1711	16	1	30	16
1712	16	1	1	0
1713	16	1	5	3
1714	16	1	1	0
1715	16	-1	9	3
1716	16	-1	10	5
1717	16	-1	11	5
1718	16	1	11	5
1719	16	-1	12	7
1720	16	1	6	3
1721	16	1	1	0
1722	16	1	3	2
1723	16	-1	3	1
1724	16	1	5	2
1725	16	1	3	1
1726	16	-1	46	40
1727	16	1	7	4
1728	16	-1	2	0
1729	16	-1	2	1
1730	16	-1	26	14
1731	16	1	1	0
1732	16	-1	9	4
1733	16	-1	12	7
1734	16	1	1	0
1735	16	1	1	0
1736	16	-1	11	5
1737	16	1	1	1
1738	16	1	4	2
1739	16	1	1	0
1740	16	-1	2	0
1741	16	-1	12	7
1742	16	-1	14	5
1743	16	-1	2	1
1744	16	-1	2	0
1745	16	-1	6	2
1746	16	-1	9	5
1747	16	1	1	0
1748	16	1	18	8
1749	16	-1	2	0
1750	16	-1	10	3
1751	16	-1	2	0
1752	16	-1	4	1
1753	16	-1	10	4
1754	16	-1	13	5
1755	16	-1	5	2
1756	16	1	6	2
1757	16	1	1	0
1758	16	-1	2	0
1759	16	1	5	2
1760	16	1	1	0
1761	16	0	21	9
1762	16	1	25	9
1763	16	1	3	0
1764	16	1	12	5
1765	16	1	5	2
1766	16	0	2	0
1767	16	1	9	3
1768	16	1	24	11
1769	16	1	1	0
1770	16	-1	3	2
1771	16	-1	22	11
1772	16	-1	2	0
1773	16	-1	3	1
1774	16	-1	11	5
1775	16	-1	17	9
1776	16	-1	5	2
1777	16	1	91	36
1778	16	-1	11	5
1779	16	1	3	1
1780	16	1	1	0
1781	16	1	1	0
1782	16	1	1	0
1783	16	1	1	0
1784	16	1	6	3
1785	16	-1	20	8
1786	16	1	20	8
1787	16	1	28	10
1788	16	1	1	0
1789	16	0	123	49
1790	16	1	1	0
1791	16	-1	11	5
1792	16	-1	15	6
1793	16	-1	5	2
1794	16	-1	5	2
1795	16	1	1	0
1796	16	-1	2	0
1797	16	1	1	0
1798	16	0	77	33
1799	16	1	1	1
1800	16	-1	13	6
1801	16	1	1	1
1802	16	-1	19	9
1803	16	1	1	0
1804	16	1	42	17
1805	16	-1	11	5
1806	16	1	1	0
1807	16	1	23	14
1808	16	1	31	15
1809	16	1	1	0
1810	16	1	4	3
1811	16	1	1	0
1812	16	-1	9	3
1813	16	-1	12	6
1814	16	-1	13	6
1815	16	-1	16	8
1816	16	1	4	1
1817	16	-1	3	2
1818	16	0	25	9
1819	16	-1	13	6
1820	16	-1	2	1
1821	16	1	1	0
1822	16	1	1	0
1823	16	-1	11	6
1824	16	-1	3	1
1825	16	1	1	0
1826	16	-1	4	2
1827	16	-1	19	8
1828	16	1	31	12
1829	16	1	16	5
1830	16	1	1	0
1831	16	1	14	6
1832	16	-1	9	4
1833	16	0	36	15
1834	16	-1	3	1
1835	16	-1	10	4
1836	16	1	45	20
1837	16	1	1	0
1838	16	1	17	7
1839	16	1	1	0
1840	16	1	1	0
1841	16	1	27	12
1842	16	-1	4	2
1843	16	1	1	0
1844	16	1	1	0
1845	16	1	41	19
1846	16	1	1	0
1847	16	-1	9	4
1848	16	1	1	0
1849	16	1	7	2
1850	16	0	2	0
1851	16	1	8	3
1852	16	-1	37	17
1853	16	1	14	5
1854	16	1	27	13
1855	16	1	6	3
1856	16	1	1	0
1857	16	1	1	0
1858	16	1	6	1
1859	16	-1	2	0
1860	16	-1	13	5
1861	16	-1	13	5
1862	16	-1	11	4
1863	16	1	13	5
1864	16	1	1	0
1865	16	0	2	0
1866	16	1	1	0
1867	16	1	1	0
1868	16	0	11	4
1869	16	1	1	0
1870	16	-1	2	0
1871	16	1	1	1
1872	16	1	1	1
1873	16	1	1	0
1874	16	-1	3	1
1875	16	1	5	2
1876	16	-1	2	0
1877	16	-1	2	1
1878	16	0	47	20
1879	16	-1	5	1
1880	16	1	27	13
1881	16	-1	9	4
1882	16	1	1	0
1883	16	1	17	7
1884	16	1	1	0
1885	16	1	1	0
1886	16	1	30	15
1887	16	-1	39	15
1888	16	1	1	0
1889	16	0	36	15
1890	16	1	1	0
1891	16	-1	2	1
1892	16	0	122	42
1893	16	1	1	0
1894	16	1	1	0
1895	16	1	13	5
1896	16	-1	3	1
1897	16	-1	46	19
1898	16	1	38	17
1899	16	-1	2	0
1900	16	1	5	2
1901	16	1	44	16
1902	16	1	13	5
1903	16	-1	2	0
1904	16	1	1	0
1905	16	1	8	2
1906	16	1	1	0
1907	16	1	4	1
1908	16	1	1	0
1909	16	1	1	0
1910	16	1	1	0
1911	16	-1	18	8
1912	16	1	1	0
1913	16	1	1	1
1914	16	1	1	0
1915	16	1	6	2
1916	16	1	13	5
1917	16	-1	3	1
1918	16	-1	11	4
1919	16	-1	17	6
1920	16	-1	9	3
1921	16	-1	5	2
1922	16	0	20	9
1923	16	1	1	0
1924	16	1	20	9
1925	16	1	1	0
1926	16	-1	10	5
1927	16	1	3	1
1928	16	-1	5	2
1929	16	1	5	1
1930	16	-1	47	23
1931	16	-1	17	7
1932	16	-1	10	4
1933	16	1	11	4
1934	16	-1	12	4
1935	16	1	1	0
1936	16	1	1	0
1937	16	-1	3	1
1938	16	-1	2	0
1939	16	-1	2	0
1940	16	-1	2	0
1941	16	1	20	11
1942	16	1	34	11
1943	16	1	1	0
1944	16	-1	4	1
1945	16	-1	15	6
1946	16	1	25	11
1947	16	1	3	1
1948	16	1	1	0
1949	16	-1	3	0
1950	16	-1	2	0
1951	16	-1	5	1
1952	16	1	4	2
1953	16	-1	2	1
1954	16	-1	5	1
1955	16	-1	13	18
1956	16	0	17	8
1957	16	1	61	24
1958	16	-1	10	3
1959	16	1	1	0
1960	16	-1	2	0
1961	16	-1	2	1
1962	16	1	1	0
1963	16	0	52	19
1964	16	1	1	0
1965	16	1	4	2
1966	16	-1	3	1
1967	16	-1	13	4
1968	16	1	1	0
1969	16	1	1	0
1970	16	-1	16	6
1971	17	1	27	11
1972	17	-1	11	5
1973	17	1	15	6
1974	17	-1	38	16
1975	17	1	1	0
1976	17	1	65	24
1977	17	1	1	0
1978	17	-1	11	5
1979	17	1	12	4
1980	17	-1	10	4
1981	17	0	69	28
1982	17	1	6	3
1983	17	-1	25	10
1984	17	1	22	7
1985	17	1	31	14
1986	17	1	4	1
1987	17	-1	2	0
1988	17	1	1	0
1989	17	-1	26	12
1990	17	1	25	12
1991	17	1	28	12
1992	17	-1	17	8
1993	17	-1	11	4
1994	17	1	14	6
1995	17	-1	3	1
1996	17	1	3	1
1997	17	-1	2	0
1998	17	1	1	0
1999	17	1	1	0
2000	17	1	6	3
2001	17	-1	20	11
2002	17	-1	18	9
2003	17	1	1	0
2004	17	-1	9	4
2005	17	0	120	56
2006	17	-1	14	5
2007	17	-1	8	3
2008	17	-1	18	7
2009	17	1	17	7
2010	17	1	25	11
2011	17	1	18	8
2012	17	1	1	0
2013	17	1	1	0
2014	17	1	1	0
2015	17	1	80	41
2016	17	-1	4	2
2017	17	-1	14	7
2018	17	-1	3	1
2019	17	-1	3	0
2020	17	1	1	0
2021	17	-1	14	7
2022	17	1	5	3
2023	17	1	3	1
2024	17	1	1	0
2025	17	1	1	0
2026	17	-1	12	6
2027	17	-1	25	11
2028	17	-1	2	0
2029	17	1	1	0
2030	17	-1	3	1
2031	17	1	16	7
2032	17	1	1	0
2033	17	-1	5	2
2034	17	1	3	9
2035	17	0	26	19
2036	17	0	44	28
2037	17	1	6	2
2038	17	-1	3	1
2039	17	1	7	2
2040	17	-1	10	5
2041	17	-1	46	26
2042	17	1	1	0
2043	17	-1	2	1
2044	17	1	3	2
2045	17	1	1	0
2046	17	1	30	18
2047	17	-1	17	7
2048	17	1	12	7
2049	17	1	29	17
2050	17	1	1	1
2051	17	1	1	0
2052	17	-1	48	45
2053	17	-1	17	10
2054	17	1	13	8
2055	17	1	8	4
2056	17	1	5	3
2057	17	-1	75	36
2058	17	1	1	0
2059	17	0	95	51
2060	17	-1	3	1
2061	17	-1	11	5
2062	17	1	1	0
2063	17	1	1	0
2064	17	-1	10	4
2065	17	-1	4	2
2066	17	1	20	8
2067	17	-1	50	18
2068	17	1	66	32
2069	17	-1	10	4
2070	17	-1	21	10
2071	17	1	14	5
2072	17	1	6	3
2073	17	1	20	10
2074	17	1	1	1
2075	17	1	1	0
2076	17	0	50	24
2077	17	-1	13	5
2078	17	1	1	0
2079	17	-1	2	1
2080	17	-1	12	5
2081	17	-1	4	1
2082	17	1	1	0
2083	17	1	15	7
2084	17	1	3	1
2085	17	-1	24	14
2086	17	-1	17	7
2087	17	1	20	8
2088	17	1	7	2
2089	17	-1	60	30
2090	17	1	22	11
2091	17	1	18	9
2092	17	-1	5	3
2093	17	1	15	7
2094	17	1	1	0
2095	17	1	1	0
2096	17	-1	5	2
2097	17	1	6	2
2098	17	1	7	2
2099	17	-1	4	2
2100	17	-1	11	5
2101	17	1	5	1
2102	17	1	1	0
2103	17	0	235	99
2104	17	-1	63	27
2105	17	-1	20	8
2106	17	0	2	0
2107	17	1	25	12
2108	17	1	1	0
2109	17	-1	6	3
2110	17	1	1	0
2111	17	1	42	18
2112	17	-1	37	18
2113	17	1	18	7
2114	17	-1	27	12
2115	17	0	34	14
2116	17	1	5	2
2117	17	1	4	1
2118	17	1	12	5
2119	17	1	22	9
2120	17	1	43	19
2121	17	1	1	0
2122	17	1	15	6
2123	17	1	26	9
2124	17	-1	183	65
2125	17	0	40	14
2126	17	1	3	1
2127	17	-1	13	5
2128	17	1	1	0
2129	17	-1	4	1
2130	17	-1	2	0
2131	17	1	33	11
2132	17	-1	2	1
2133	17	1	6	1
2134	17	-1	2	0
2135	17	0	33	11
2136	17	1	21	8
2137	17	1	3	1
2138	17	1	19	7
2139	17	-1	37	16
2140	17	-1	21	7
2141	17	-1	31	13
2142	17	-1	4	1
2143	17	-1	25	10
2144	17	-1	3	1
2145	17	1	3	1
2146	17	-1	21	9
2147	17	1	20	8
2148	17	-1	12	5
2149	17	1	1	0
2150	17	0	56	20
2151	17	1	1	0
2152	17	-1	168	66
2153	17	1	8	3
2154	17	-1	10	4
2155	17	1	8	4
2156	17	-1	81	25
2157	17	0	113	34
2158	17	1	1	0
2159	17	1	12	4
2160	17	1	5	1
2161	17	1	1	0
2162	17	1	21	8
2163	17	1	14	5
2164	17	1	4	1
2165	17	-1	10	2
2166	17	1	55	19
2167	17	1	28	10
2168	17	-1	4	1
2169	17	-1	14	6
2170	17	-1	33	12
2171	17	-1	2	1
2172	17	1	7	2
2173	17	-1	32	11
2174	17	-1	31	11
2175	17	1	6	2
2176	17	1	3	1
2177	17	-1	36	12
2178	17	-1	4	1
2179	17	1	3	1
2180	17	1	17	6
2181	17	1	8	3
2182	17	1	1	0
2183	17	1	1	0
2184	17	-1	9	3
2185	17	-1	2	1
2186	17	1	30	11
2187	17	-1	3	1
2188	17	-1	7	2
2189	17	-1	4	2
2190	17	1	3	1
2191	17	-1	3	1
2192	17	-1	9	3
2193	17	-1	8	2
2194	17	-1	2	0
2195	17	-1	4	1
2196	17	-1	18	8
2197	17	1	4	1
2198	17	-1	2	1
2199	17	-1	2	0
2200	17	-1	13	4
2201	17	-1	129	44
2202	17	1	3	1
2203	17	-1	30	11
2204	17	1	31	13
2205	17	-1	2	0
2206	17	1	6	1
2207	17	1	3	1
2208	17	1	3	0
2209	17	-1	14	5
2210	17	1	1	0
2211	17	-1	40	17
2212	17	1	19	6
2213	17	-1	12	6
2214	17	-1	31	24
2215	17	1	21	9
2216	17	1	41	16
2217	17	-1	10	3
2218	17	-1	21	7
2219	17	1	1	1
2220	17	1	4	1
2221	17	-1	14	6
2222	17	1	5	2
2223	17	-1	13	6
2224	17	1	1	0
2225	17	1	5	1
2226	17	1	134	52
2227	17	1	4	1
2228	17	-1	2	4
2229	17	1	1	0
2230	17	-1	12	5
2231	17	0	345	101
2232	17	1	5	2
2233	17	-1	40	17
2234	17	1	50	21
2235	17	-1	2	0
2236	17	1	5	2
2237	17	-1	23	8
2238	17	-1	55	18
2239	17	1	17	8
2240	17	-1	5	1
2241	17	1	32	27
2242	17	-1	39	15
2243	17	1	1	0
2244	17	-1	10	3
2245	17	-1	34	16
2246	17	1	114	41
2247	17	1	4	2
2248	17	1	1	0
2249	17	-1	3	1
2250	17	1	1	0
2251	17	-1	2	1
2252	17	1	3	1
2253	17	1	19	6
2254	17	1	15	5
2255	17	1	19	8
2256	17	1	15	5
2257	17	1	276	94
2258	17	-1	4	1
2259	17	0	163	55
2260	17	-1	2	0
2261	17	-1	31	16
2262	17	-1	12	6
2263	17	1	4	1
2264	17	-1	78	29
2265	17	1	9	4
2266	17	-1	4	2
2267	17	1	28	12
2268	17	-1	2	0
2269	17	1	6	2
2270	17	0	42	14
2271	18	1	9	5
2272	18	1	9	5
2273	18	1	1	0
2274	18	-1	45	17
2275	18	-1	20	9
2276	18	-1	108	52
2277	18	-1	3	1
2278	18	-1	7	3
2279	18	1	326	108
2280	18	1	16	6
2281	18	1	22	7
2282	18	1	9	6
2283	18	-1	10	3
2284	18	-1	24	8
2285	18	-1	91	37
2286	18	1	7	3
2287	18	-1	20	8
2288	18	1	22	7
2289	18	1	341	121
2290	18	-1	23	8
2291	18	1	10	4
2292	18	-1	7	3
2293	18	-1	2	1
2294	18	-1	3	1
2295	18	1	6	3
2296	18	1	4	3
2297	18	-1	45	20
2298	18	1	3	1
2299	18	-1	12	5
2300	18	1	8	3
2301	18	1	55	23
2302	18	1	3	2
2303	18	-1	31	13
2304	18	-1	5	1
2305	18	1	7	3
2306	18	-1	2	0
2307	18	1	51	48
2308	18	1	3	2
2309	18	1	38	26
2310	18	-1	185	95
2311	18	1	11	5
2312	18	-1	98	44
2313	18	1	1	0
2314	18	-1	2	1
2315	18	-1	25	15
2316	18	1	17	8
2317	18	-1	122	56
2318	18	1	5	2
2319	18	-1	2	1
2320	18	1	1	1
2321	18	-1	23	11
2322	18	1	1	0
2323	18	-1	232	106
2324	18	-1	11	5
2325	18	1	6	2
2326	18	-1	71	32
2327	18	1	7	2
2328	18	1	1	0
2329	18	-1	135	50
2330	18	1	1	0
2331	18	-1	7	2
2332	18	1	1	0
2333	18	-1	22	8
2334	18	-1	16	5
2335	18	1	1	0
2336	18	-1	49	13
2337	18	0	155	59
2338	18	0	15	6
2339	18	1	8	3
2340	18	1	7	3
2341	18	-1	24	9
2342	18	1	7	4
2343	18	1	77	24
2344	18	-1	50	15
2345	18	-1	63	27
2346	18	-1	152	58
2347	18	-1	24	8
2348	18	-1	4	2
2349	18	-1	50	18
2350	18	-1	23	8
2351	18	-1	8	3
2352	18	-1	49	16
2353	18	1	76	26
2354	18	-1	3	1
2355	18	1	1	0
2356	18	-1	112	46
2357	18	-1	12	4
2358	18	-1	3	1
2359	18	1	40	16
2360	18	-1	46	14
2361	18	1	1	0
2362	18	1	31	12
2363	18	-1	2	0
2364	18	-1	6	2
2365	18	-1	2	0
2366	18	-1	41	15
2367	18	1	1	0
2368	18	-1	146	52
2369	18	1	91	48
2370	18	-1	12	4
2371	18	-1	2	0
2372	18	-1	14	6
2373	18	1	36	48
2374	18	-1	93	71
2375	18	-1	43	29
2376	18	-1	3	1
2377	18	-1	29	20
2378	18	-1	66	57
2379	18	1	1	0
2380	18	-1	151	86
2381	18	1	31	19
2382	18	1	23	14
2383	18	1	7	3
2384	18	-1	414	192
2385	18	1	3	1
2386	18	-1	3	1
2387	18	1	1	1
2388	18	1	175	83
2389	18	-1	23	12
2390	18	1	7	3
2391	18	1	1	0
2392	18	-1	10	4
2393	18	1	22	11
2394	18	-1	5	4
2395	18	1	7	3
2396	18	-1	5	3
2397	18	1	1	0
2398	18	1	14	6
2399	18	-1	30	16
2400	18	-1	3	1
2401	18	1	1	0
2402	18	1	28	15
2403	18	-1	29	15
2404	18	1	1	0
2405	18	1	41	23
2406	18	-1	2	1
2407	18	1	5	3
2408	18	-1	3	1
2409	18	-1	26	11
2410	18	-1	4	2
2411	18	1	45	24
2412	18	-1	4	2
2413	18	1	1	0
2414	18	1	35	19
2415	18	-1	10	5
2416	18	1	1	1
2417	18	-1	6	3
2418	18	1	3	2
2419	18	-1	3	2
2420	18	1	1	0
2421	18	-1	4	1
2422	18	-1	36	20
2423	18	1	3	1
2424	18	1	17	9
2425	18	-1	3	1
2426	18	1	3	2
2427	18	-1	16	8
2428	18	1	38	18
2429	18	-1	3	1
2430	18	0	48	23
2431	18	-1	47	24
2432	18	-1	26	11
2433	18	-1	101	47
2434	18	1	47	14
2435	18	-1	4	2
2436	18	1	7	2
2437	18	1	51	24
2438	18	-1	3	0
2439	18	-1	148	77
2440	18	1	19	10
2441	18	-1	244	256
2442	18	0	426	175
2443	18	1	155	76
2444	18	1	31	15
2445	18	-1	16	8
2446	18	0	11	6
2447	18	-1	61	29
2448	18	1	1	0
2449	18	1	34	19
2450	18	1	6	3
2451	18	1	5	1
2452	18	0	249	104
2453	18	-1	39	18
2454	18	-1	34	15
2455	18	-1	98	39
2456	18	1	11	5
2457	18	1	30	14
2458	18	-1	24	12
2459	18	0	25	11
2460	18	-1	10	4
2461	18	1	7	3
2462	18	1	1	0
2463	18	1	11	5
2464	18	1	1	0
2465	18	1	10	4
2466	18	-1	23	10
2467	18	1	12	5
2468	18	0	837	293
2469	18	-1	61	22
2470	18	-1	14	6
2471	18	1	5	1
2472	18	1	1	0
2473	18	-1	13	5
2474	18	1	14	5
2475	18	1	3	1
2476	18	1	1	0
2477	18	1	17	7
2478	18	1	21	8
2479	18	0	83	35
2480	18	-1	4	1
2481	18	1	32	12
2482	18	1	128	42
2483	18	1	3	1
2484	18	0	55	18
2485	18	1	3	0
2486	18	1	8	3
2487	18	1	5	2
2488	18	1	7	3
2489	18	-1	3	1
2490	18	1	4	1
2491	18	1	1	0
2492	18	-1	11	4
2493	18	-1	96	37
2494	18	-1	8	3
2495	18	-1	63	19
2496	18	-1	17	6
2497	18	1	1	0
2498	18	1	15	5
2499	18	1	9	3
2500	18	-1	13	4
2501	18	-1	11	4
2502	18	1	1	0
2503	18	1	14	4
2504	18	1	1	0
2505	18	-1	3	1
2506	18	1	6	1
2507	18	1	12	3
2508	18	-1	28	9
2509	18	1	26	8
2510	18	1	25	9
2511	18	-1	3	0
2512	18	-1	66	20
2513	18	1	17	6
2514	18	1	1	0
2515	18	-1	120	37
2516	18	-1	20	7
2517	18	-1	17	6
2518	18	-1	10	3
2519	18	-1	43	13
2520	18	1	9	3
2521	18	1	1	0
2522	18	1	45	14
2523	18	-1	100	29
2524	18	-1	29	12
2525	18	-1	147	43
2526	18	1	1	0
2527	18	-1	30	9
2528	18	1	7	2
2529	18	-1	165	45
2530	18	0	89	20
2531	18	-1	17	5
2532	18	-1	18	6
2533	18	-1	8	2
2534	18	1	1	0
2535	18	0	301	79
2536	18	-1	4	1
2537	18	1	18	5
2538	18	1	12	3
2539	18	1	38	10
2540	18	-1	75	23
2541	18	1	5	1
2542	18	-1	95	26
2543	18	-1	55	15
2544	18	1	19	5
2545	18	1	311	85
2546	18	-1	13	4
2547	18	1	1	0
2548	18	1	65	21
2549	18	-1	20	5
2550	18	0	148	41
2551	18	-1	26	9
2552	18	1	4	0
2553	18	-1	146	44
2554	18	1	266	68
2555	18	-1	18	7
2556	18	-1	64	19
2557	18	1	10	2
2558	18	1	51	12
2559	18	1	21	5
2560	18	-1	117	32
2561	18	-1	5	1
2562	18	-1	109	32
2563	18	1	39	13
2564	18	-1	160	49
2565	18	1	24	8
2566	18	1	5	2
2567	18	1	1	0
2568	18	-1	50	13
2569	18	1	1	0
2570	18	1	1	0
2571	19	1	70	18
2572	19	1	29	8
2573	19	1	25	7
2574	19	-1	5	2
2575	19	-1	29	10
2576	19	-1	19	6
2577	19	1	9	3
2578	19	1	115	36
2579	19	-1	84	31
2580	19	-1	196	56
2581	19	1	39	18
2582	19	1	27	12
2583	19	-1	10	2
2584	19	1	5	1
2585	19	1	63	21
2586	19	1	28	8
2587	19	-1	118	39
2588	19	1	28	9
2589	19	-1	32	11
2590	19	1	9	4
2591	19	1	3	1
2592	19	1	116	38
2593	19	1	75	20
2594	19	1	7	2
2595	19	1	27	11
2596	19	-1	25	10
2597	19	0	1769	501
2598	19	-1	3	0
2599	19	1	8	2
2600	19	1	164	47
2601	19	1	121	47
2602	19	1	51	18
2603	19	0	19	5
2604	19	-1	24	7
2605	19	1	3	1
2606	19	-1	3	1
2607	19	-1	344	152
2608	19	1	43	16
2609	19	1	1	0
2610	19	0	194	57
2611	19	1	29	10
2612	19	0	17	5
2613	19	1	17	6
2614	19	-1	15	6
2615	19	1	18	7
2616	19	1	1	0
2617	19	1	18	6
2618	19	1	166	68
2619	19	1	3	1
2620	19	-1	77	32
2621	19	1	1	0
2622	19	-1	31	12
2623	19	1	358	114
2624	19	1	9	3
2625	19	1	70	21
2626	19	1	12	4
2627	19	1	7	2
2628	19	1	58	22
2629	19	1	198	70
2630	19	1	7	2
2631	19	1	7	2
2632	19	-1	272	75
2633	19	-1	14	4
2634	19	1	51	19
2635	19	-1	100	31
2636	19	-1	31	11
2637	19	-1	20	8
2638	19	-1	41	21
2639	19	-1	1337	390
2640	19	-1	369	98
2641	19	1	159	49
2642	19	1	87	27
2643	19	1	7	2
2644	19	-1	6	1
2645	19	1	84	27
2646	19	1	1	0
2647	19	0	51	15
2648	19	-1	3	1
2649	19	1	1	0
2650	19	-1	8	2
2651	19	-1	18	5
2652	19	1	1	0
2653	19	1	137	44
2654	19	1	1	0
2655	19	1	1	0
2656	19	1	3	1
2657	19	-1	2	0
2658	19	1	1	0
2659	19	1	7	2
2660	19	-1	3	1
2661	19	1	1	0
2662	19	1	181	77
2663	19	-1	3	1
2664	19	-1	53	21
2665	19	-1	51	18
2666	19	-1	36	14
2667	19	1	89	31
2668	19	1	74	27
2669	19	-1	11	3
2670	19	-1	196	64
2671	19	1	32	11
2672	19	-1	225	73
2673	19	-1	45	15
2674	19	1	44	15
2675	19	-1	28	10
2676	19	1	1	0
2677	19	-1	2	0
2678	19	1	1	0
2679	19	-1	10	3
2680	19	1	19	7
2681	19	1	27	9
2682	19	-1	8	3
2683	19	1	81	24
2684	19	1	1	1
2685	19	1	5	2
2686	19	-1	109	38
2687	19	1	1	0
2688	19	1	139	42
2689	19	-1	91	22
2690	19	-1	49	16
2691	19	1	1	0
2692	19	-1	26	9
2693	19	1	66	21
2694	19	-1	11	4
2695	19	-1	193	59
2696	19	1	21	6
2697	19	-1	5	11
2698	19	1	122	35
2699	19	-1	13	7
2700	19	1	28	9
2701	19	1	1	0
2702	19	-1	2	0
2703	19	-1	14	3
2704	19	1	1	0
2705	19	-1	16	4
2706	19	-1	57	17
2707	19	1	5	2
2708	19	1	9	3
2709	19	1	12	4
2710	19	1	8	2
2711	19	-1	2	0
2712	19	1	26	30
2713	19	1	1	0
2714	19	1	111	51
2715	19	1	100	47
2716	19	-1	13	5
2717	19	1	1	1
2718	19	-1	11	4
2719	19	1	66	28
2720	19	0	424	168
2721	19	1	24	10
2722	19	-1	5	1
2723	19	1	970	314
2724	19	1	8	4
2725	19	-1	66	26
2726	19	1	20	7
2727	19	0	502	146
2728	19	1	9	3
2729	19	-1	3	1
2730	19	-1	28	11
2731	19	-1	105	36
2732	19	-1	29	9
2733	19	1	16	5
2734	19	1	5	1
2735	19	1	3	1
2736	19	-1	31	8
2737	19	-1	96	26
2738	19	-1	12	5
2739	19	-1	131	40
2740	19	-1	16	6
2741	19	0	723	198
2742	19	1	1	0
2743	19	1	1	0
2744	19	1	1	0
2745	19	-1	19	5
2746	19	0	152	57
2747	19	-1	74	27
2748	19	-1	195	61
2749	19	1	12	3
2750	19	-1	17	6
2751	19	-1	141	42
2752	19	1	163	54
2753	19	1	3	1
2754	19	1	22	7
2755	19	1	1	0
2756	19	-1	31	11
2757	19	0	116	31
2758	19	-1	27	9
2759	19	0	106	31
2760	19	-1	127	39
2761	19	-1	38	16
2762	19	-1	3	0
2763	19	1	32	9
2764	19	1	12	4
2765	19	-1	143	46
2766	19	1	271	80
2767	19	-1	99	31
2768	19	-1	127	36
2769	19	-1	10	3
2770	19	-1	6	1
2771	19	-1	18	5
2772	19	1	458	122
2773	19	1	17	6
2774	19	1	18	5
2775	19	1	18	6
2776	19	0	80	25
2777	19	-1	176	48
2778	19	1	261	81
2779	19	1	14	3
2780	19	1	1	0
2781	19	-1	3	1
2782	19	1	19	5
2783	19	-1	167	55
2784	19	-1	190	64
2785	19	-1	3	1
2786	19	1	68	18
2787	19	-1	20	6
2788	19	1	3	1
2789	19	1	1	0
2790	19	-1	95	26
2791	19	-1	4	1
2792	19	1	21	6
2793	19	-1	166	50
2794	19	1	263	74
2795	19	1	38	11
2796	19	-1	104	33
2797	19	1	4	1
2798	19	1	1	0
2799	19	1	3	0
2800	19	1	168	49
2801	19	1	15	4
2802	19	-1	3	0
2803	19	-1	16	4
2804	19	1	1	0
2805	19	-1	4	1
2806	19	1	59	19
2807	19	-1	38	12
2808	19	1	20	6
2809	19	-1	12	4
2810	19	-1	3	0
2811	19	1	302	78
2812	19	1	22	6
2813	19	-1	9	2
2814	19	-1	20	5
2815	19	-1	16	5
2816	19	-1	4	1
2817	19	-1	186	51
2818	19	1	25	9
2819	19	-1	1134	281
2820	19	-1	14	3
2821	19	-1	124	38
2822	19	1	6	1
2823	19	1	17	5
2824	19	-1	85	22
2825	19	-1	97	28
2826	19	1	3	1
2827	19	-1	22	5
2828	19	1	1	0
2829	19	1	57	17
2830	19	1	18	5
2831	19	-1	2	0
2832	19	1	31	9
2833	19	-1	18	5
2834	19	1	32	8
2835	19	-1	71	20
2836	19	-1	192	70
2837	19	1	16	5
2838	19	1	1	0
2839	19	1	7	1
2840	19	1	379	105
2841	19	1	302	85
2842	19	0	105	28
2843	19	1	1	0
2844	19	-1	12	2
2845	19	1	23	8
2846	19	-1	213	65
2847	19	1	1	0
2848	19	1	27	7
2849	19	1	19	7
2850	19	-1	37	12
2851	19	-1	13	3
2852	19	-1	15	4
2853	19	1	1	0
2854	19	-1	4	1
2855	19	1	105	33
2856	19	1	19	7
2857	19	1	17	6
2858	19	-1	92	25
2859	19	1	18	6
2860	19	-1	28	8
2861	19	1	1	0
2862	19	1	14	3
2863	19	-1	13	4
2864	19	1	24	8
2865	19	-1	18	5
2866	19	-1	3	0
2867	19	0	87	22
2868	19	-1	3	1
2869	19	1	10	3
2870	19	-1	7	2
2871	20	0	638	154
2872	20	0	6	1
2873	20	-1	23	6
2874	20	1	14	5
2875	20	-1	52	15
2876	20	-1	22	6
2877	20	-1	54	18
2878	20	-1	435	121
2879	20	1	60	21
2880	20	-1	36	12
2881	20	1	1385	412
2882	20	-1	65	22
2883	20	-1	82	25
2884	20	-1	384	117
2885	20	-1	86	25
2886	20	1	474	132
2887	20	-1	38	9
2888	20	-1	55	17
2889	20	1	10	3
2890	20	-1	1345	354
2891	20	-1	40	16
2892	20	1	11	4
2893	20	1	1323	429
2894	20	1	32	12
2895	20	1	5	2
2896	20	1	1	0
2897	20	-1	1019	266
2898	20	-1	89	27
2899	20	-1	302	91
2900	20	-1	422	122
2901	20	1	135	43
2902	20	-1	143	45
2903	20	-1	1563	424
2904	20	1	4	1
2905	20	1	6	2
2906	20	1	3	0
2907	20	-1	188	60
2908	20	-1	3	0
2909	20	-1	46	14
2910	20	-1	1072	310
2911	20	1	1	0
2912	20	-1	173	46
2913	20	1	1	0
2914	20	1	335	93
2915	20	-1	7	2
2916	20	1	3	0
2917	20	-1	50	18
2918	20	1	54	16
2919	20	1	207	58
2920	20	1	7	2
2921	20	-1	1049	286
2922	20	-1	53	17
2923	20	1	120	34
2924	20	1	3	1
2925	20	1	13	4
2926	20	1	1	0
2927	20	1	47	14
2928	20	1	171	49
2929	20	-1	2	0
2930	20	-1	1575	432
2931	20	1	1	0
2932	20	1	1	0
2933	20	-1	19	7
2934	20	1	1	0
2935	20	-1	279	80
2936	20	-1	50	16
2937	20	1	7	3
2938	20	1	94	25
2939	20	1	8	2
2940	20	1	41	10
2941	20	1	3	1
2942	20	0	405	96
2943	20	-1	154	44
2944	20	-1	68	20
2945	20	1	48	15
2946	20	1	16	5
2947	20	1	1	0
2948	20	-1	87	24
2949	20	-1	2	0
2950	20	1	196	56
2951	20	-1	21	8
2952	20	1	22	7
2953	20	1	5	2
2954	20	1	30	8
2955	20	1	113	30
2956	20	1	20	6
2957	20	-1	33	10
2958	20	1	7	2
2959	20	1	1	0
2960	20	1	1	0
2961	20	1	20	6
2962	20	-1	3	0
2963	20	-1	3	1
2964	20	-1	4	1
2965	20	1	36	10
2966	20	-1	6	2
2967	20	1	42	12
2968	20	-1	263	84
2969	20	-1	813	228
2970	20	1	14	5
2971	20	1	291	85
2972	20	-1	11	3
2973	20	1	178	53
2974	20	-1	44	12
2975	20	1	235	70
2976	20	1	1	0
2977	20	1	29	7
2978	20	1	94	26
2979	20	1	38	12
2980	20	-1	12	5
2981	20	1	26	8
2982	20	-1	286	94
2983	20	-1	220	67
2984	20	1	3	1
2985	20	1	1	0
2986	20	1	4	1
2987	20	-1	26	10
2988	20	-1	563	163
2989	20	1	1	0
2990	20	-1	140	43
2991	20	1	6	1
2992	20	1	23	8
2993	20	1	1	0
2994	20	-1	94	27
2995	20	1	1	0
2996	20	1	7	2
2997	20	1	59	18
2998	20	1	630	157
2999	20	1	10	3
3000	20	1	1	0
3001	20	1	73	22
3002	20	-1	82	25
3003	20	1	11	3
3004	20	1	9	3
3005	20	-1	3	1
3006	20	-1	125	42
3007	20	1	293	76
3008	20	1	10	3
3009	20	-1	3	1
3010	20	1	173	48
3011	20	-1	32	11
3012	20	-1	3	0
3013	20	1	10	3
3014	20	1	53	14
3015	20	1	5	1
3016	20	-1	80	22
3017	20	0	4785	1221
3018	20	1	111	27
3019	20	-1	36	10
3020	20	1	34	10
3021	20	-1	4	1
3022	20	1	72	23
3023	20	-1	63	20
3024	20	-1	66	16
3025	20	1	15	5
3026	20	-1	21	5
3027	20	1	14	5
3028	20	-1	631	169
3029	20	-1	333	91
3030	20	1	118	30
3031	20	1	8	2
3032	20	-1	231	63
3033	20	-1	474	123
3034	20	-1	128	45
3035	20	-1	33	12
3036	20	-1	158	49
3037	20	-1	94	30
3038	20	1	21	6
3039	20	-1	58	17
3040	20	1	10	2
3041	20	1	20	7
3042	20	1	501	144
3043	20	1	1	0
3044	20	-1	80	28
3045	20	0	435	99
3046	20	0	3089	767
3047	20	-1	6	2
3048	20	-1	76	21
3049	20	0	873	212
3050	20	-1	28	9
3051	20	-1	114	39
3052	20	-1	302	91
3053	20	1	227	64
3054	20	-1	13	4
3055	20	1	417	118
3056	20	1	49	15
3057	20	-1	6	1
3058	20	1	36	10
3059	20	1	39	13
3060	20	-1	28	8
3061	20	1	40	11
3062	20	1	1	0
3063	20	-1	13	3
3064	20	-1	245	62
3065	20	-1	1526	392
3066	20	1	1	0
3067	20	-1	10	3
3068	20	1	4	1
3069	20	1	6	2
3070	20	1	73	22
3071	20	1	5	1
3072	20	-1	37	11
3073	20	1	1	0
3074	20	1	1	0
3075	20	-1	5	1
3076	20	-1	25	9
3077	20	1	780	195
3078	20	1	230	63
3079	20	-1	128	34
3080	20	-1	131	35
3081	20	1	20	5
3082	20	-1	3	0
3083	20	-1	17	5
3084	20	-1	1283	340
3085	20	-1	11	2
3086	20	1	24	9
3087	20	1	7	2
3088	20	-1	213	57
3089	20	1	41	12
3090	20	-1	78	25
3091	20	1	14	4
3092	20	-1	103	27
3093	20	-1	100	24
3094	20	-1	10	2
3095	20	-1	252	72
3096	20	1	19	5
3097	20	-1	30	8
3098	20	-1	209	59
3099	20	-1	256	70
3100	20	1	3	1
3101	20	1	1	0
3102	20	0	265	64
3103	20	-1	587	149
3104	20	1	9	3
3105	20	-1	58	15
3106	20	-1	22	8
3107	20	-1	1167	307
3108	20	1	82	25
3109	20	-1	55	20
3110	20	1	49	14
3111	20	1	25	8
3112	20	1	30	10
3113	20	-1	2	0
3114	20	-1	62	21
3115	20	0	1714	470
3116	20	1	15	4
3117	20	-1	587	153
3118	20	1	4	1
3119	20	-1	461	136
3120	20	0	1382	483
3121	20	1	1	0
3122	20	1	3	1
3123	20	1	239	82
3124	20	-1	134	54
3125	20	1	13	6
3126	20	-1	24	12
3127	20	1	1	0
3128	20	-1	3048	878
3129	20	1	103	33
3130	20	1	24	9
3131	20	-1	3	1
3132	20	-1	462	135
3133	20	-1	303	104
3134	20	1	18	6
3135	20	1	110	35
3136	20	-1	137	41
3137	20	-1	114	44
3138	20	1	4	1
3139	20	1	323	103
3140	20	1	13	5
3141	20	-1	12	4
3142	20	1	33	11
3143	20	-1	6	1
3144	20	1	180	52
3145	20	1	3	1
3146	20	-1	21	11
3147	20	1	4	1
3148	20	1	32	12
3149	20	-1	97	44
3150	20	1	31	9
3151	20	-1	22	7
3152	20	-1	4	1
3153	20	-1	22	7
3154	20	1	126	44
3155	20	1	5	2
3156	20	-1	52	17
3157	20	-1	136	42
3158	20	-1	71	26
3159	20	-1	11	3
3160	20	-1	3	1
3161	20	1	199	61
3162	20	1	37	12
3163	20	1	104	40
3164	20	-1	206	78
3165	20	1	94	25
3166	20	-1	48	17
3167	20	-1	70	28
3168	20	-1	101	38
3169	20	1	39	14
3170	20	-1	64	21
3171	21	1	297	86
3172	21	-1	22	8
3173	21	-1	21	7
3174	21	-1	3	1
3175	21	-1	70	23
3176	21	-1	425	118
3177	21	1	231	79
3178	21	1	64	23
3179	21	-1	37	16
3180	21	-1	2427	664
3181	21	-1	249	76
3182	21	1	1798	538
3183	21	1	45	15
3184	21	1	173	63
3185	21	-1	68	23
3186	21	-1	172	56
3187	21	1	1	0
3188	21	1	16	6
3189	21	-1	685	205
3190	21	-1	185	56
3191	21	1	14	5
3192	21	1	7	2
3193	21	-1	2672	777
3194	21	1	779	274
3195	21	1	200	64
3196	21	-1	309	97
3197	21	1	25	11
3198	21	1	195	59
3199	21	1	1	0
3200	21	1	45	17
3201	21	1	29	10
3202	21	1	14	5
3203	21	1	58	23
3204	21	1	57	20
3205	21	1	11	4
3206	21	1	7	2
3207	21	1	1554	448
3208	21	1	12	5
3209	21	-1	567	173
3210	21	1	1	0
3211	21	1	223	69
3212	21	1	60	19
3213	21	1	56	23
3214	21	1	1	0
3215	21	1	159	41
3216	21	-1	638	209
3217	21	-1	53	16
3218	21	0	466	145
3219	21	-1	428	150
3220	21	0	38	11
3221	21	-1	42	16
3222	21	1	33	13
3223	21	1	662	204
3224	21	1	6	2
3225	21	-1	1145	352
3226	21	1	1588	480
3227	21	-1	15	6
3228	21	-1	89	29
3229	21	-1	294	85
3230	21	1	3	0
3231	21	-1	87	33
3232	21	-1	266	92
3233	21	-1	91	31
3234	21	1	238	79
3235	21	1	8	2
3236	21	0	132	46
3237	21	1	57	22
3238	21	1	254	82
3239	21	1	6	2
3240	21	-1	212	73
3241	21	1	103	36
3242	21	1	171	59
3243	21	1	1	0
3244	21	-1	45	17
3245	21	-1	86	33
3246	21	1	14	4
3247	21	1	1	0
3248	21	1	53	17
3249	21	1	110	36
3250	21	1	209	70
3251	21	-1	27	12
3252	21	1	1	0
3253	21	0	108	33
3254	21	1	19	6
3255	21	-1	386	137
3256	21	1	82	28
3257	21	1	46	17
3258	21	-1	787	235
3259	21	-1	451	136
3260	21	1	1	0
3261	21	1	7	3
3262	21	1	98	35
3263	21	1	1157	300
3264	21	-1	2402	706
3265	21	1	84	34
3266	21	-1	575	167
3267	21	1	5	2
3268	21	1	256	81
3269	21	1	3	2
3270	21	-1	351	114
3271	21	-1	49	21
3272	21	1	51	19
3273	21	1	4439	1342
3274	21	-1	647	209
3275	21	1	8	3
3276	21	1	15	7
3277	21	1	29	12
3278	21	-1	14	5
3279	21	-1	48	20
3280	21	1	128	43
3281	21	1	108	29
3282	21	-1	442	138
3283	21	1	15	4
3284	21	-1	142	43
3285	21	1	1	0
3286	21	0	62	25
3287	21	1	1	1
3288	21	-1	6	2
3289	21	1	15	4
3290	21	1	24	8
3291	21	-1	3	0
3292	21	0	351	119
3293	21	-1	2	0
3294	21	-1	3	1
3295	21	-1	181	63
3296	21	1	3	1
3297	21	1	7	3
3298	21	1	19	7
3299	21	-1	45	16
3300	21	1	1	0
3301	21	-1	9	3
3302	21	-1	80	27
3303	21	-1	1260	405
3304	21	1	163	56
3305	21	1	100	39
3306	21	-1	56	21
3307	21	-1	143	52
3308	21	1	25	9
3309	21	-1	40	15
3310	21	-1	10	5
3311	21	-1	511	137
3312	21	-1	44	13
3313	21	-1	145	45
3314	21	-1	103	28
3315	21	-1	6	1
3316	21	1	6	2
3317	21	-1	628	177
3318	21	1	1336	352
3319	21	1	1023	262
3320	21	0	2095	555
3321	21	1	1136	323
3322	21	1	21	8
3323	21	-1	200	67
3324	21	-1	51	18
3325	21	-1	54	16
3326	21	-1	97	39
3327	21	1	16	6
3328	21	1	47	16
3329	21	1	710	199
3330	21	-1	372	110
3331	21	1	133	44
3332	21	-1	40	17
3333	21	1	317	117
3334	21	-1	545	177
3335	21	-1	1188	438
3336	21	1	16	6
3337	21	-1	3	1
3338	21	-1	224	89
3339	21	-1	314	107
3340	21	-1	86	29
3341	21	-1	39	13
3342	21	1	1157	330
3343	21	1	12	4
3344	21	0	2239	662
3345	21	1	20	6
3346	21	1	313	107
3347	21	1	25	9
3348	21	1	10	3
3349	21	-1	51	20
3350	21	-1	67	28
3351	21	1	70	25
3352	21	1	44	15
3353	21	-1	2160	606
3354	21	1	4	1
3355	21	1	163	55
3356	21	1	70	26
3357	21	-1	1375	396
3358	21	-1	1700	546
3359	21	1	33	13
3360	21	1	55	21
3361	21	1	8	3
3362	21	-1	96	31
3363	21	1	1	0
3364	21	-1	41	20
3365	21	1	13	5
3366	21	1	150	50
3367	21	1	3	1
3368	21	1	82	26
3369	21	1	42	15
3370	21	1	33	11
3371	21	1	8	3
3372	21	1	47	16
3373	21	-1	51	20
3374	21	1	369	110
3375	21	1	7	3
3376	21	1	1	0
3377	21	1	45	14
3378	21	-1	151	50
3379	21	1	42	15
3380	21	-1	806	251
3381	21	1	171	58
3382	21	1	1	1
3383	21	-1	162	55
3384	21	1	99	37
3385	21	1	148	51
3386	21	-1	41	14
3387	21	-1	295	99
3388	21	1	5	2
3389	21	1	40	15
3390	21	1	20	8
3391	21	1	711	226
3392	21	-1	9	3
3393	21	1	499	128
3394	21	1	14	5
3395	21	-1	65	20
3396	21	-1	125	40
3397	21	-1	5	2
3398	21	-1	12	5
3399	21	-1	85	27
3400	21	-1	59	20
3401	21	1	7	2
3402	21	1	39	12
3403	21	1	508	149
3404	21	-1	72	23
3405	21	1	59	22
3406	21	-1	80	23
3407	21	1	385	125
3408	21	-1	5	2
3409	21	1	28	10
3410	21	1	1	0
3411	21	1	1	0
3412	21	1	1216	305
3413	21	-1	22	6
3414	21	-1	115	38
3415	21	-1	320	105
3416	21	1	170	47
3417	21	1	94	29
3418	21	0	384	107
3419	21	-1	340	107
3420	21	1	357	102
3421	21	1	120	36
3422	21	1	33	17
3423	21	1	39	15
3424	21	-1	1286	325
3425	21	1	231	77
3426	21	-1	98	25
3427	21	-1	647	194
3428	21	-1	295	100
3429	21	1	14	4
3430	21	1	6	2
3431	21	-1	260	92
3432	21	-1	2866	873
3433	21	-1	400	144
3434	21	1	30	12
3435	21	1	1	0
3436	21	-1	413	162
3437	21	-1	1880	607
3438	21	-1	2677	952
3439	21	1	178	59
3440	21	-1	75	28
3441	21	-1	217	64
3442	21	1	24	8
3443	21	1	3	2
3444	21	-1	898	293
3445	21	1	1197	368
3446	21	0	471	148
3447	21	-1	10	5
3448	21	1	5	2
3449	21	-1	11	3
3450	21	1	1	0
3451	21	1	128	48
3452	21	-1	2	0
3453	21	-1	140	46
3454	21	-1	29	8
3455	21	1	7	3
3456	21	-1	3331	1018
3457	21	-1	46	15
3458	21	1	126	35
3459	21	1	142	51
3460	21	1	7	2
3461	21	1	5	1
3462	21	1	95	32
3463	21	1	197	59
3464	21	-1	39	17
3465	21	-1	384	144
3466	21	1	7	3
3467	21	-1	1370	498
3468	21	-1	157	56
3469	21	-1	31	14
3470	21	-1	90	33
3471	22	1	376	125
3472	22	1	232	85
3473	22	-1	161	58
3474	22	-1	253	93
3475	22	1	1548	482
3476	22	1	105	38
3477	22	1	208	74
3478	22	1	733	264
3479	22	-1	111	42
3480	22	-1	591	232
3481	22	1	3	1
3482	22	1	1646	541
3483	22	-1	31105	8493
3484	22	1	1	0
3485	22	-1	9	3
3486	22	1	27	7
3487	22	-1	76	38
3488	22	-1	790	257
3489	22	-1	2533	743
3490	22	1	33	12
3491	22	-1	5	2
3492	22	1	94	34
3493	22	-1	541	168
3494	22	-1	1313	378
3495	22	1	1764	611
3496	22	1	22	9
3497	22	-1	13	4
3498	22	-1	26	12
3499	22	-1	36	16
3500	22	-1	76	26
3501	22	-1	19	9
3502	22	-1	797	311
3503	22	-1	250	98
3504	22	1	82	33
3505	22	1	670	211
3506	22	-1	2756	801
3507	22	-1	1537	477
3508	22	1	6	3
3509	22	1	5	2
3510	22	1	34	14
3511	22	1	13	4
3512	22	1	837	275
3513	22	-1	120	41
3514	22	-1	165	60
3515	22	1	480	205
3516	22	1	61	21
3517	22	-1	104	42
3518	22	1	1155	374
3519	22	-1	221	70
3520	22	-1	125	59
3521	22	-1	146	65
3522	22	-1	2950	961
3523	22	1	201	69
3524	22	-1	255	99
3525	22	1	13	5
3526	22	-1	801	266
3527	22	-1	104	48
3528	22	-1	3	0
3529	22	-1	425	141
3530	22	-1	37853	10916
3531	22	-1	72	33
3532	22	0	10794	3295
3533	22	1	51	20
3534	22	1	14	8
3535	22	1	46	18
3536	22	-1	16114	4499
3537	22	1	667	212
3538	22	-1	722	267
3539	22	1	1663	508
3540	22	1	389	126
3541	22	1	12	5
3542	22	1	6	2
3543	22	-1	86	35
3544	22	1	54	27
3545	22	-1	271	112
3546	22	1	149	52
3547	22	-1	749	262
3548	22	1	117	41
3549	22	1	8	4
3550	22	1	153	59
3551	22	-1	103	36
3552	22	-1	45427	12811
3553	22	0	4214	1126
3554	22	-1	295	122
3555	22	-1	746	250
3556	22	-1	180	70
3557	22	-1	244	76
3558	22	-1	18	5
3559	22	1	965	289
3560	22	1	107	39
3561	22	1	14	5
3562	22	1	9	4
3563	22	1	408	143
3564	22	1	188	59
3565	22	-1	153	53
3566	22	-1	191	69
3567	22	1	73	33
3568	22	-1	4	1
3569	22	1	1658	491
3570	22	1	510	158
3571	22	-1	601	211
3572	22	-1	604	201
3573	22	-1	90	34
3574	22	1	81	28
3575	22	1	1	1
3576	22	1	232	74
3577	22	1	3591	1130
3578	22	1	8	3
3579	22	1	27	10
3580	22	1	1329	447
3581	22	1	138	57
3582	22	-1	77	30
3583	22	1	983	320
3584	22	-1	3582	1342
3585	22	-1	78	35
3586	22	1	309	116
3587	22	1	48	18
3588	22	-1	2595	849
3589	22	1	170	56
3590	22	-1	1235	476
3591	22	1	9	4
3592	22	-1	860	288
3593	22	-1	693	253
3594	22	-1	261	77
3595	22	-1	71	29
3596	22	-1	1660	533
3597	22	-1	11	5
3598	22	-1	3098	999
3599	22	1	7	3
3600	22	-1	8	3
3601	22	1	461	142
3602	22	-1	406	132
3603	22	-1	359	132
3604	22	1	4712	1425
3605	22	1	94	29
3606	22	-1	95	41
3607	22	1	2442	797
3608	22	-1	1201	384
3609	22	1	662	252
3610	22	1	94	32
3611	22	1	225	79
3612	22	-1	80	37
3613	22	1	7	2
3614	22	1	14	4
3615	22	-1	1030	315
3616	22	-1	187	77
3617	22	-1	1219	375
3618	22	1	112	47
3619	22	-1	397	132
3620	22	1	44	17
3621	22	1	133	47
3622	22	-1	290	101
3623	22	-1	103	37
3624	22	-1	57	21
3625	22	-1	255	92
3626	22	1	105	41
3627	22	-1	656	227
3628	22	-1	12	7
3629	22	-1	23	6
3630	22	1	1	0
3631	22	1	240	83
3632	22	-1	366	134
3633	22	1	2580	874
3634	22	1	12	4
3635	22	1	313	100
3636	22	1	111	46
3637	22	-1	3	1
3638	22	-1	240	97
3639	22	1	3	1
3640	22	1	174	60
3641	22	1	26	15
3642	22	-1	330	115
3643	22	1	66	27
3644	22	-1	2360	779
3645	22	1	944	324
3646	22	-1	207	69
3647	22	-1	26439	7654
3648	22	-1	2	1
3649	22	1	922	300
3650	22	1	160	52
3651	22	1	949	332
3652	22	-1	52	21
3653	22	-1	19	9
3654	22	1	39	17
3655	22	1	491	157
3656	22	1	11820	3412
3657	22	1	362	112
3658	22	1	344	113
3659	22	-1	4	1
3660	22	-1	554	215
3661	22	-1	173	63
3662	22	1	11	5
3663	22	-1	4	2
3664	22	1	1	0
3665	22	1	754	247
3666	22	1	148	52
3667	22	-1	61	24
3668	22	1	196	71
3669	22	-1	1176	400
3670	22	1	136	52
3671	22	1	16	6
3672	22	1	17	7
3673	22	-1	2397	789
3674	22	1	209	72
3675	22	-1	55	23
3676	22	1	44	15
3677	22	-1	1313	395
3678	22	1	31	18
3679	22	1	268	106
3680	22	1	182	63
3681	22	1	160	56
3682	22	1	72	27
3683	22	-1	199	66
3684	22	1	708	237
3685	22	1	246	88
3686	22	1	1	0
3687	22	1	63	28
3688	22	1	35	15
3689	22	-1	33	17
3690	22	1	3	0
3691	22	-1	4	1
3692	22	1	19	7
3693	22	1	4555	1376
3694	22	-1	701	202
3695	22	1	276	113
3696	22	1	46	18
3697	22	0	6106	1928
3698	22	-1	70	29
3699	22	1	98	36
3700	22	-1	143	54
3701	22	1	1059	356
3702	22	1	1	0
3703	22	1	1941	574
3704	22	-1	4	1
3705	22	0	366	117
3706	22	-1	359	133
3707	22	1	8	4
3708	22	1	345	117
3709	22	1	1316	454
3710	22	-1	432	163
3711	22	-1	3120	961
3712	22	-1	608	244
3713	22	-1	3450	1113
3714	22	-1	49	21
3715	22	-1	509	194
3716	22	-1	2	1
3717	22	1	88	48
3718	22	1	6087	1867
3719	22	1	1224	402
3720	22	1	42	15
3721	22	1	23	6
3722	22	-1	199	90
3723	22	1	80	34
3724	22	-1	130	57
3725	22	-1	107	48
3726	22	1	1536	466
3727	22	1	49	19
3728	22	1	42	20
3729	22	1	80	59
3730	22	-1	400	164
3731	22	-1	193	67
3732	22	-1	2723	813
3733	22	-1	3	0
3734	22	1	89	27
3735	22	-1	55	18
3736	22	-1	6748	1526
3737	22	1	2330	607
3738	22	0	469	124
3739	22	1	89	26
3740	22	-1	232	69
3741	22	-1	288	90
3742	22	-1	388	117
3743	22	-1	14	9
3744	22	1	157	51
3745	22	1	22	7
3746	22	1	6	1
3747	22	-1	4612	1156
3748	22	-1	1766	594
3749	22	1	54	20
3750	22	-1	1665	558
3751	22	0	153	56
3752	22	1	55	25
3753	22	1	1	0
3754	22	-1	301	116
3755	22	-1	82	34
3756	22	1	13046	3571
3757	22	1	812	273
3758	22	-1	257	89
3759	22	1	3	1
3760	22	-1	370	115
3761	22	-1	115	49
3762	22	1	3404	960
3763	22	-1	491	172
3764	22	1	275	81
3765	22	-1	552	194
3766	22	1	263	86
3767	22	-1	29	14
3768	22	1	382	133
3769	22	-1	11	5
3770	22	1	376	106
3771	23	1	16	6
3772	23	-1	1374	436
3773	23	-1	1504	455
3774	23	-1	7525	2147
3775	23	-1	2	0
3776	23	-1	2404	781
3777	23	-1	9747	2876
3778	23	1	1911	617
3779	23	0	12134	3681
3780	23	-1	1567	471
3781	23	-1	31	15
3782	23	1	4602	1481
3783	23	-1	13281	3777
3784	23	0	49	21
3785	23	-1	2661	725
3786	23	1	196	68
3787	23	-1	505	181
3788	23	-1	304	103
3789	23	1	7	4
3790	23	1	3355	1022
3791	23	1	789	245
3792	23	1	5045	1577
3793	23	1	15596	4336
3794	23	1	2892	964
3795	23	-1	648	219
3796	23	1	246	91
3797	23	-1	279	75
3798	23	-1	1714	455
3799	23	1	1309	366
3800	23	-1	1118	331
3801	23	0	703	237
3802	23	1	305	97
3803	23	-1	74	27
3804	23	-1	1328	407
3805	23	1	3075	921
3806	23	-1	28517	8356
3807	23	1	1	0
3808	23	1	1552	504
3809	23	1	1	0
3810	23	1	22	8
3811	23	1	1005	301
3812	23	1	34	15
3813	23	1	1	0
3814	23	1	2360	674
3815	23	-1	195	89
3816	23	1	206	82
3817	23	1	20	11
3818	23	1	64	23
3819	23	-1	1666	555
3820	23	1	41910	11155
3821	23	1	772	261
3822	23	-1	165	62
3823	23	-1	60	25
3824	23	-1	995	290
3825	23	0	3714	1087
3826	23	0	43	15
3827	23	-1	399	122
3828	23	1	20	6
3829	23	-1	8144	2346
3830	23	1	91	28
3831	23	1	1503	437
3832	23	-1	127	55
3833	23	-1	149	61
3834	23	1	8	3
3835	23	1	16	7
3836	23	1	16	6
3837	23	1	7	3
3838	23	1	72	27
3839	23	-1	95	35
3840	23	-1	188	72
3841	23	-1	13002	3696
3842	23	1	743	234
3843	23	1	31	11
3844	23	-1	1376	436
3845	23	1	1284	434
3846	23	1	1537	486
3847	23	1	59	29
3848	23	1	3226	1046
3849	23	-1	2176	706
3850	23	1	79	27
3851	23	1	353	129
3852	23	1	330	115
3853	23	-1	2003	594
3854	23	1	135	53
3855	23	1	889	277
3856	23	1	35503	9825
3857	23	1	4271	1324
3858	23	-1	704	225
3859	23	-1	438	135
3860	23	-1	16577	5096
3861	23	1	103	41
3862	23	-1	273	94
3863	23	1	1664	459
3864	23	-1	746	223
3865	23	-1	3697	1073
3866	23	1	41	15
3867	23	-1	711	210
3868	23	-1	20	7
3869	23	0	4712	1410
3870	23	1	2060	609
3871	23	1	13	6
3872	23	-1	22694	7071
3873	23	1	255	82
3874	23	1	756	259
3875	23	1	295	91
3876	23	1	9491	2890
3877	23	1	3612	1157
3878	23	1	126	42
3879	23	1	17	8
3880	23	1	66	28
3881	23	1	324	117
3882	23	-1	317	118
3883	23	1	75	24
3884	23	1	219	70
3885	23	1	14	7
3886	23	-1	32	18
3887	23	-1	2625	967
3888	23	1	62	23
3889	23	1	34	12
3890	23	1	45	18
3891	23	-1	154	42
3892	23	1	14	5
3893	23	1	13565	3850
3894	23	1	1519	496
3895	23	1	1992	648
3896	23	-1	278	97
3897	23	-1	277	96
3898	23	1	80	27
3899	23	1	885	287
3900	23	-1	535	172
3901	23	1	23	11
3902	23	-1	117	45
3903	23	-1	3213	861
3904	23	1	1481	420
3905	23	-1	44	20
3906	23	-1	28	10
3907	23	-1	1112	313
3908	23	-1	65	29
3909	23	1	310	117
3910	23	1	524	150
3911	23	-1	950	296
3912	23	-1	1575	515
3913	23	1	3016	905
3914	23	1	37	12
3915	23	-1	5	2
3916	23	-1	6490	1736
3917	23	1	7	2
3918	23	-1	4062	1172
3919	23	-1	14348	4146
3920	23	1	16	7
3921	23	1	268	83
3922	23	1	3312	898
3923	23	1	2357	7808
3924	23	1	1	0
3925	23	1	17	8
3926	23	1	1327	473
3927	23	1	305	139
3928	23	-1	71122	46775
3929	23	-1	5	3
3930	23	1	1882	589
3931	23	0	1696	475
3932	23	1	17	5
3933	23	-1	8	3
3934	23	0	3566	1119
3935	23	-1	651	226
3936	23	1	269	98
3937	23	-1	482	147
3938	23	1	4292	1309
3939	23	1	7376	1974
3940	23	1	13	6
3941	23	-1	120	42
3942	23	-1	641	206
3943	23	0	1684	618
3944	23	1	5778	1678
3945	23	-1	2742	777
3946	23	1	20	11
3947	23	1	705	235
3948	23	1	7	2
3949	23	1	58	23
3950	23	-1	43	14
3951	23	-1	93	33
3952	23	-1	107	42
3953	23	-1	1851	693
3954	23	1	19662	14271
3955	23	1	9	3
3956	23	-1	1028	336
3957	23	1	1420	426
3958	23	-1	752	235
3959	23	1	183	77
3960	23	-1	116	43
3961	23	1	102	34
3962	23	1	3347	1007
3963	23	-1	404	124
3964	23	-1	292	91
3965	23	1	1	0
3966	23	-1	316	115
3967	23	1	48	20
3968	23	-1	338	105
3969	23	-1	3450	1150
3970	23	-1	6	2
3971	23	-1	82	50
3972	23	-1	2	0
3973	23	-1	121	50
3974	23	-1	5092	1640
3975	23	-1	2	0
3976	23	-1	1666	3586
3977	23	-1	21	10
3978	23	-1	1628	470
3979	23	1	194	61
3980	23	1	563	140
3981	23	1	242	88
3982	23	-1	3697	1090
3983	23	1	575	172
3984	23	1	12203	3750
3985	23	1	8192	2184
3986	23	-1	449	163
3987	23	-1	283	92
3988	23	-1	34860	9218
3989	23	1	4598	1283
3990	23	1	13	5
3991	23	1	23089	6523
3992	23	1	5878	1749
3993	23	1	381	121
3994	23	-1	1703	532
3995	23	-1	149	54
3996	23	1	203	60
3997	23	-1	99	38
3998	23	1	339	106
3999	23	1	742	244
4000	23	1	5508	1626
4001	23	1	15	5
4002	23	1	51	20
4003	23	1	34	16
4004	23	-1	576	232
4005	23	-1	377	167
4006	23	-1	403	126
4007	23	1	3	1
4008	23	1	189	65
4009	23	-1	160	58
4010	23	-1	357	112
4011	23	1	63	18
4012	23	-1	2741	883
4013	23	1	16681	5080
4014	23	1	30	14
4015	23	1	254	90
4016	23	-1	735	254
4017	23	1	194	57
4018	23	-1	305	102
4019	23	1	13	6
4020	23	1	52	18
4021	23	1	336	91
4022	23	1	6407	1642
4023	23	0	67	20
4024	23	1	1	0
4025	23	-1	239	67
4026	23	1	1223	329
4027	23	-1	22	5
4028	23	-1	176	66
4029	23	-1	3	0
4030	23	-1	56	15
4031	23	-1	147	56
4032	23	1	30	10
4033	23	-1	3	1
4034	23	1	7543	1988
4035	23	1	169	47
4036	23	0	1997	566
4037	23	1	8	3
4038	23	-1	185	65
4039	23	1	732	229
4040	23	1	32	16
4041	23	1	684	267
4042	23	1	42	15
4043	23	1	915	320
4044	23	-1	8738	2658
4045	23	-1	2011	598
4046	23	1	2409	703
4047	23	-1	864	242
4048	23	1	1863	508
4049	23	1	305	107
4050	23	1	2734	681
4051	23	1	1261	316
4052	23	1	78	23
4053	23	-1	1687	449
4054	23	1	797	221
4055	23	1	52852	14277
4056	23	-1	108	50
4057	23	1	9945	2987
4058	23	1	15	5
4059	23	-1	62	30
4060	23	1	2765	929
4061	23	0	1003	324
4062	23	1	688	212
4063	23	-1	1245	438
4064	23	1	6	3
4065	23	-1	2116	727
4066	23	1	130	48
4067	23	1	3	8
4068	23	1	128	60
4069	23	1	2204	762
4070	23	-1	3697	5193
4071	24	-1	11080	6604
4072	24	1	570	180
4073	24	1	9416	3109
4074	24	1	46	18
4075	24	1	11	3
4076	24	1	108	34
4077	24	1	25	10
4078	24	-1	105	47
4079	24	-1	578	236
4080	24	1	13	6
4081	24	-1	43425	30462
4082	24	1	1304	451
4083	24	1	589	188
4084	24	-1	74314	19729
4085	24	-1	358	124
4086	24	-1	5245	1778
4087	24	1	20	7
4088	24	-1	148	61
4089	24	1	796	273
4090	24	-1	7870	2135
4091	24	1	87	33
4092	24	1	1454	498
4093	24	1	473	156
4094	24	1	4302	1414
4095	24	-1	1713	525
4096	24	1	5	3
4097	24	-1	366	115
4098	24	1	2703	759
4099	24	-1	13627	4118
4100	24	-1	4461	1414
4101	24	1	1986	623
4102	24	1	23033	6677
4103	24	1	2795	834
4104	24	1	18	7
4105	24	-1	843	201
4106	24	-1	13628	4333
4107	24	-1	383	128
4108	24	-1	2	0
4109	24	1	244	88
4110	24	-1	205	88
4111	24	1	8610	2293
4112	24	1	283	120
4113	24	-1	472	156
4114	24	1	46	15
4115	24	1	4762	1462
4116	24	1	1157	412
4117	24	1	3	1
4118	24	1	3530	810
4119	24	-1	2	1
4120	24	-1	21025	5993
4121	24	1	1701	527
4122	24	1	685	244
4123	24	-1	249	81
4124	24	1	5	4
4125	24	1	5	2
4126	24	-1	333	117
4127	24	1	2524	4849
4128	24	-1	6625	1994
4129	24	0	6679	2228
4130	24	-1	1338	498
4131	24	1	8508	6991
4132	24	1	326	147
4133	24	1	8	4
4134	24	1	3004	912
4135	24	1	1	0
4136	24	1	17	8
4137	24	-1	3	1
4138	24	1	31	11
4139	24	-1	357	150
4140	24	-1	3066	5175
4141	24	1	47	22
4142	24	-1	1616	572
4143	24	-1	185	62
4144	24	-1	342	134
4145	24	-1	6669	6320
4146	24	1	358	127
4147	24	1	848	329
4148	24	-1	4330	1511
4149	24	-1	5403	1775
4150	24	-1	2588	964
4151	24	-1	1910	4659
4152	24	1	56	25
4153	24	-1	112	58
4154	24	0	22026	14771
4155	24	-1	553	204
4156	24	1	36	18
4157	24	-1	883	312
4158	24	1	1502	454
4159	24	1	2954	969
4160	24	1	2485	783
4161	24	1	5225	1687
4162	24	-1	33	21
4163	24	1	1040	382
4164	24	-1	266	117
4165	24	1	765	281
4166	24	1	339	121
4167	24	-1	5009	1550
4168	24	1	3706	1110
4169	24	1	283	102
4170	24	1	8	3
4171	24	-1	53	25
4172	24	-1	110	50
4173	24	1	3437	1247
4174	24	1	219	93
4175	24	1	3	2
4176	24	1	1509	529
4177	24	1	8	4
4178	24	-1	330	138
4179	24	1	1581	503
4180	24	1	889	326
4181	24	1	2511	730
4182	24	-1	32220	8658
4183	24	-1	291	92
4184	24	1	1612	615
4185	24	-1	1016	377
4186	24	-1	4359	1253
4187	24	-1	6877	2307
4188	24	1	23216	6774
4189	24	-1	14	8
4190	24	-1	513	179
4191	24	-1	1590	553
4192	24	-1	40	15
4193	24	1	3006	849
4194	24	1	5364	1547
4195	24	-1	1740	543
4196	24	-1	8327	2365
4197	24	1	1510	569
4198	24	-1	29	11
4199	24	1	32	12
4200	24	-1	753	298
4201	24	-1	2031	661
4202	24	-1	2061	684
4203	24	-1	5245	1806
4204	24	-1	253	93
4205	24	-1	3077	983
4206	24	1	6	3
4207	24	-1	4325	1364
4208	24	1	2447	831
4209	24	-1	91	27
4210	24	1	14	6
4211	24	-1	4847	1457
4212	24	1	5	2
4213	24	-1	2	0
4214	24	-1	19006	5160
4215	24	-1	30240	9083
4216	24	1	222	76
4217	24	-1	1657	590
4218	24	1	1904	591
4219	24	1	10750	2973
4220	24	-1	2423	708
4221	24	1	42827	13649
4222	24	-1	378	126
4223	24	1	13	5
4224	24	1	37	17
4225	24	1	2757	956
4226	24	-1	190	89
4227	24	1	15237	4758
4228	24	1	4	2
4229	24	-1	153	67
4230	24	-1	7160	2289
4231	24	-1	10783	3752
4232	24	-1	6573	2072
4233	24	-1	865	315
4234	24	-1	14341	4779
4235	24	-1	2725	958
4236	24	-1	305	125
4237	24	1	1879	556
4238	24	1	1267	470
4239	24	-1	9372	2958
4240	24	-1	4728	1621
4241	24	-1	124	58
4242	24	-1	5245	1886
4243	24	1	66	32
4244	24	-1	8773	2977
4245	24	1	287	105
4246	24	1	768	259
4247	24	1	90451	25848
4248	24	-1	34537	10642
4249	24	-1	3355	1189
4250	24	-1	12065	3819
4251	24	-1	226	94
4252	24	1	1	0
4253	24	-1	34	11
4254	24	-1	253	94
4255	24	1	1249	476
4256	24	-1	1045	398
4257	24	-1	1467	512
4258	24	1	1810	619
4259	24	1	1229	393
4260	24	1	2795	791
4261	24	1	654	250
4262	24	-1	1145	396
4263	24	-1	62	26
4264	24	1	848	288
4265	24	1	7451	2331
4266	24	-1	3	1
4267	24	-1	1291	386
4268	24	-1	765	242
4269	24	1	38	14
4270	24	1	1495	502
4271	24	1	18	7
4272	24	-1	18339	5662
4273	24	1	4222	1338
4274	24	1	6	3
4275	24	-1	7	3
4276	24	1	24050	7684
4277	24	1	1692	571
4278	24	1	3	2
4279	24	-1	3675	1311
4280	24	-1	513	192
4281	24	1	2245	710
4282	24	-1	2086	584
4283	24	1	7636	2439
4284	24	1	6	2
4285	24	1	764	268
4286	24	1	56	21
4287	24	-1	635	222
4288	24	1	37	16
4289	24	-1	368	132
4290	24	1	586	217
4291	24	1	10699	3129
4292	24	1	5379	5614
4293	24	0	465	150
4294	24	1	1025	327
4295	24	-1	4422	1486
4296	24	-1	3355	5213
4297	24	-1	2	0
4298	24	-1	1885	634
4299	24	-1	5139	1655
4300	24	-1	9473	2840
4301	24	-1	3387	1093
4302	24	0	654	247
4303	24	-1	6987	2171
4304	24	1	1817	573
4305	24	1	154	73
4306	24	1	1103	385
4307	24	-1	90	34
4308	24	-1	5373	1764
4309	24	-1	1700	598
4310	24	1	102	51
4311	24	-1	1365	458
4312	24	1	1	1
4313	24	1	1217	405
4314	24	-1	124	48
4315	24	1	175	59
4316	24	-1	5245	1728
4317	24	-1	6342	1896
4318	24	1	140	49
4319	24	1	923	289
4320	24	1	578	203
4321	24	-1	5245	1741
4322	24	-1	2001	651
4323	24	-1	363	137
4324	24	1	416	155
4325	24	-1	2005	585
4326	24	-1	8	2
4327	24	1	184	61
4328	24	1	1309	431
4329	24	-1	6030	1705
4330	24	0	2424	799
4331	24	-1	98	41
4332	24	1	2762	888
4333	24	-1	2702	894
4334	24	-1	426	131
4335	24	-1	111590	31775
4336	24	-1	5245	1830
4337	24	1	1	0
4338	24	1	7439	2345
4339	24	-1	189	70
4340	24	1	33	14
4341	24	-1	249	94
4342	24	-1	104	43
4343	24	-1	1074	352
4344	24	1	50	18
4345	24	1	4	2
4346	24	1	5	1
4347	24	1	204	70
4348	24	1	26	11
4349	24	0	17017	5499
4350	24	-1	932	361
4351	24	-1	957	314
4352	24	-1	1627	574
4353	24	0	737	248
4354	24	1	64	28
4355	24	-1	258	103
4356	24	-1	8228	2556
4357	24	1	16	9
4358	24	-1	77	31
4359	24	-1	1470	488
4360	24	1	824	292
4361	24	0	864	312
4362	24	1	552	177
4363	24	1	285	101
4364	24	1	494	176
4365	24	1	4460	1502
4366	24	1	20156	5880
4367	24	1	72	21
4368	24	-1	380	147
4369	24	1	1959	654
4370	24	-1	449	162
4371	25	-1	370	139
4372	25	1	269	110
4373	25	-1	2984	958
4374	25	1	29	12
4375	25	-1	2583	806
4376	25	-1	2513	861
4377	25	1	366	135
4378	25	1	18954	5837
4379	25	1	2390	770
4380	25	1	4899	1465
4381	25	0	3593	1333
4382	25	-1	1455	496
4383	25	-1	9748	3319
4384	25	1	6	3
4385	25	-1	133	52
4386	25	-1	37941	13348
4387	25	1	488	195
4388	25	1	19	9
4389	25	-1	459	214
4390	25	1	118	62
4391	25	-1	33702	10147
4392	25	-1	388	164
4393	25	1	186	64
4394	25	1	170	69
4395	25	1	1	0
4396	25	-1	202983	61790
4397	25	1	367	128
4398	25	-1	295	123
4399	25	-1	2898	1005
4400	25	1	2425	847
4401	25	-1	160	84
4402	25	1	1853	574
4403	25	1	387	149
4404	25	1	2728	916
4405	25	-1	24278	6364
4406	25	1	11285	3395
4407	25	1	123	50
4408	25	1	2118	654
4409	25	-1	2878	940
4410	25	1	11381	3393
4411	25	1	1955	602
4412	25	1	1	0
4413	25	-1	223	91
4414	25	-1	25069	7725
4415	25	-1	5692	2058
4416	25	1	1521	498
4417	25	0	11248	3670
4418	25	1	102731	30814
4419	25	1	65	31
4420	25	1	692	241
4421	25	1	8388	2680
4422	25	1	2629	810
4423	25	1	2703	848
4424	25	-1	46	16
4425	25	1	3414	1095
4426	25	1	35	14
4427	25	1	47	18
4428	25	1	4848	1482
4429	25	1	1270	440
4430	25	-1	26533	8360
4431	25	1	1220	438
4432	25	1	1453	449
4433	25	1	9	4
4434	25	1	768	267
4435	25	1	35260	11032
4436	25	-1	641	224
4437	25	1	285	106
4438	25	-1	13274	4332
4439	25	1	4	2
4440	25	1	53402	15705
4441	25	0	11831	3891
4442	25	-1	1685	553
4443	25	1	1429	511
4444	25	-1	9236	2986
4445	25	1	278	104
4446	25	1	3933	1265
4447	25	1	11054	3680
4448	25	-1	67299	19936
4449	25	-1	49874	15545
4450	25	1	5816	2001
4451	25	-1	6456	2155
4452	25	-1	10463	3594
4453	25	1	440	146
4454	25	1	8657	6761
4455	25	-1	293	119
4456	25	1	2409	758
4457	25	1	304	138
4458	25	1	23	10
4459	25	-1	73915	48666
4460	25	-1	109842	32976
4461	25	-1	1012	350
4462	25	0	8659	2846
4463	25	-1	3	1
4464	25	1	1753	667
4465	25	1	311	120
4466	25	-1	30	17
4467	25	-1	2797	968
4468	25	-1	394	133
4469	25	-1	328	127
4470	25	1	311	83
4471	25	-1	2513	4921
4472	25	-1	58174	37916
4473	25	-1	2797	998
4474	25	1	28979	17327
4475	25	1	1	0
4476	25	-1	5535	1883
4477	25	-1	152	78
4478	25	-1	588	202
4479	25	-1	6432	5932
4480	25	-1	18	9
4481	25	1	15	6
4482	25	-1	169	74
4483	25	1	13668	7630
4484	25	1	390	148
4485	25	-1	16155	9526
4486	25	-1	6688	2391
4487	25	0	12133	3653
4488	25	-1	2	1
4489	25	1	71284	23538
4490	25	1	7009	2248
4491	25	1	9	4
4492	25	1	15158	5067
4493	25	1	37	18
4494	25	-1	1142	362
4495	25	1	176	67
4496	25	1	2804	852
4497	25	1	57	41
4498	25	1	64	22
4499	25	1	479	185
4500	25	1	4776	5634
4501	25	-1	25524	15891
4502	25	-1	46944	29784
4503	25	-1	2631	1145
4504	25	0	4487	5553
4505	25	-1	166	61
4506	25	-1	2232	834
4507	25	-1	19764	10231
4508	25	1	7052	2456
4509	25	-1	72	27
4510	25	1	254	113
4511	25	1	767	233
4512	25	-1	9711	3362
4513	25	-1	4705	1625
4514	25	1	6451	2312
4515	25	1	584	202
4516	25	1	14	7
4517	25	0	24684	9564
4518	25	1	1702	580
4519	25	-1	1423	525
4520	25	1	22640	7935
4521	25	1	136	75
4522	25	-1	2504	920
4523	25	1	38153	11716
4524	25	-1	138	40
4525	25	1	19	8
4526	25	-1	1436	521
4527	25	-1	3857	1299
4528	25	1	528	163
4529	25	0	29231	9305
4530	25	1	1	1
4531	25	1	505	176
4532	25	1	1291	509
4533	25	1	5109	1693
4534	25	1	5343	1608
4535	25	-1	2158	797
4536	25	-1	69	31
4537	25	1	84704	24621
4538	25	1	521	189
4539	25	1	1594	571
4540	25	1	8779	2803
4541	25	1	123	52
4542	25	-1	27109	8789
4543	25	1	26	11
4544	25	1	7	4
4545	25	1	14	5
4546	25	1	1312	434
4547	25	1	2765	933
4548	25	-1	11836	3986
4549	25	-1	478	162
4550	25	-1	373	146
4551	25	-1	2919	1056
4552	25	1	5	3
4553	25	-1	8	5
4554	25	1	137	51
4555	25	1	4	1
4556	25	-1	29	12
4557	25	-1	101	39
4558	25	1	432	147
4559	25	1	1178	391
4560	25	1	38149	12053
4561	25	1	30	15
4562	25	1	39	18
4563	25	-1	25810	8136
4564	25	1	6	2
4565	25	-1	4021	1412
4566	25	-1	15455	4796
4567	25	-1	1641	565
4568	25	1	1261	430
4569	25	1	1	0
4570	25	1	51	20
4571	25	0	1095	393
4572	25	1	1024	332
4573	25	1	497	174
4574	25	1	347	136
4575	25	-1	12	5
4576	25	1	7002	2266
4577	25	-1	22841	6784
4578	25	1	1	0
4579	25	-1	23597	7632
4580	25	-1	366	174
4581	25	-1	7441	2442
4582	25	-1	35181	11238
4583	25	1	639	209
4584	25	-1	222	85
4585	25	1	18382	6149
4586	25	1	1303	502
4587	25	1	3427	1146
4588	25	-1	42464	12888
4589	25	1	2177	739
4590	25	-1	203	75
4591	25	0	245593	76025
4592	25	1	418	141
4593	25	-1	10821	3716
4594	25	1	120903	37532
4595	25	1	40596	13765
4596	25	1	486	172
4597	25	1	13840	4213
4598	25	-1	38	15
4599	25	0	42750	15036
4600	25	1	181132	55805
4601	25	1	36	18
4602	25	1	1	0
4603	25	-1	4911	1508
4604	25	-1	2895	929
4605	25	-1	4990	1554
4606	25	1	53093	15941
4607	25	-1	2366	829
4608	25	1	1331	455
4609	25	1	9	4
4610	25	-1	1716	540
4611	25	-1	5979	2133
4612	25	1	366	141
4613	25	1	49569	14858
4614	25	1	6117	1896
4615	25	-1	2559	868
4616	25	-1	21614	6395
4617	25	-1	33155	10433
4618	25	-1	5706	1778
4619	25	1	328	124
4620	25	1	387	148
4621	25	1	43686	13608
4622	25	-1	311	112
4623	25	1	1846	595
4624	25	1	166	60
4625	25	1	3932	1359
4626	25	1	64	41
4627	25	-1	541	207
4628	25	-1	55115	18657
4629	25	1	975	380
4630	25	1	23372	7219
4631	25	1	134	46
4632	25	1	24	10
4633	25	1	3432	1157
4634	25	-1	126	56
4635	25	-1	33044	10098
4636	25	1	5275	1933
4637	25	1	3110	1040
4638	25	1	2361	860
4639	25	-1	24762	12546
4640	25	1	210	117
4641	25	-1	24100	7711
4642	25	-1	4	2
4643	25	1	4747	1695
4644	25	-1	4498	1707
4645	25	1	354	125
4646	25	1	4	2
4647	25	1	952	356
4648	25	-1	11491	6790
4649	25	-1	13273	7422
4650	25	-1	350	129
4651	25	-1	2516	839
4652	25	-1	1311	510
4653	25	1	843	288
4654	25	1	454	161
4655	25	1	56681	36937
4656	25	-1	162	84
4657	25	1	2522	854
4658	25	-1	197	74
4659	25	-1	2973	5101
4660	25	1	15	7
4661	25	1	22	10
4662	25	1	1	1
4663	25	1	544	181
4664	25	1	81	26
4665	25	1	162	58
4666	25	1	1	0
4667	25	-1	4533	1376
4668	25	-1	1030	379
4669	25	1	33799	10439
4670	25	-1	161	57
4671	26	-1	6907	2085
4672	26	1	2064	687
4673	26	-1	3752	1260
4674	26	-1	990	366
4675	26	1	1255	408
4676	26	-1	5973	2038
4677	26	1	16413	4674
4678	26	1	2360	661
4679	26	-1	288549	91896
4680	26	-1	6556	2449
4681	26	0	10932	3883
4682	26	-1	2	1
4683	26	-1	28	22
4684	26	1	7	3
4685	26	-1	21064	6430
4686	26	-1	13507	4786
4687	26	-1	253	89
4688	26	1	115973	41836
4689	26	-1	376881	128690
4690	26	-1	8980	3111
4691	26	0	50207	16339
4692	26	1	16247	5113
4693	26	1	15336	5132
4694	26	1	41479	13963
4695	26	-1	8583	2619
4696	26	-1	7274	2399
4697	26	1	1345	551
4698	26	-1	38	17
4699	26	1	35127	14018
4700	26	1	20	11
4701	26	-1	112614	35315
4702	26	-1	8536	2753
4703	26	1	177	78
4704	26	1	4451	1499
4705	26	1	260	103
4706	26	-1	19517	6102
4707	26	-1	23058	9192
4708	26	1	624	184
4709	26	1	31925	10296
4710	26	-1	200	97
4711	26	1	553	224
4712	26	-1	11530	4104
4713	26	1	433	205
4714	26	1	5789	2130
4715	26	1	33	13
4716	26	1	11800	4042
4717	26	-1	79	33
4718	26	-1	34301	12443
4719	26	1	15107	5395
4720	26	-1	29727	9876
4721	26	-1	3689	1319
4722	26	1	12545	4144
4723	26	-1	696516	224120
4724	26	1	4671	1785
4725	26	-1	52540	17386
4726	26	-1	33349	10796
4727	26	1	45755	17968
4728	26	-1	3	2
4729	26	-1	16306	5416
4730	26	1	1	1
4731	26	-1	78812	28171
4732	26	1	17645	5966
4733	26	-1	1916	683
4734	26	1	1886	675
4735	26	-1	342	136
4736	26	-1	24506	8588
4737	26	1	9030	3136
4738	26	-1	41470	14031
4739	26	1	1946	693
4740	26	1	65	42
4741	26	1	8759	2863
4742	26	-1	1238	472
4743	26	1	3033	862
4744	26	-1	38812	11069
4745	26	-1	7808	2361
4746	26	1	1970	604
4747	26	-1	74801	23417
4748	26	-1	2	0
4749	26	-1	99	43
4750	26	1	31585	9786
4751	26	-1	240174	75128
4752	26	-1	22259	6906
4753	26	-1	1504	521
4754	26	1	32	13
4755	26	1	29	12
4756	26	0	7403	2271
4757	26	1	18942	6631
4758	26	-1	19069	6572
4759	26	1	10011	3630
4760	26	-1	7657	2771
4761	26	-1	4929	1773
4762	26	-1	5815	2100
4763	26	-1	3	1
4764	26	-1	23769	7488
4765	26	-1	326	126
4766	26	1	47646	15723
4767	26	-1	440775	144447
4768	26	1	4393	1490
4769	26	1	2165	872
4770	26	-1	535	232
4771	26	-1	7205	2476
4772	26	1	36036	11653
4773	26	-1	46260	16096
4774	26	1	13726	4515
4775	26	1	3751	1554
4776	26	1	2606	799
4777	26	-1	2	0
4778	26	1	1268	4565
4779	26	-1	1144	437
4780	26	-1	20816	7064
4781	26	1	31	14
4782	26	-1	270	159
4783	26	-1	240	100
4784	26	1	8113	2699
4785	26	1	9504	3018
4786	26	1	6029	2220
4787	26	1	233329	80567
4788	26	-1	11540	4127
4789	26	-1	40426	14068
4790	26	-1	8868	3149
4791	26	1	15924	5139
4792	26	-1	5110	1768
4793	26	-1	809	352
4794	26	1	14718	4338
4795	26	-1	9356	3198
4796	26	-1	61	34
4797	26	1	36	15
4798	26	-1	2	0
4799	26	1	2661	877
4800	26	-1	343	144
4801	26	1	3113	1136
4802	26	-1	3	1
4803	26	1	9406	3107
4804	26	-1	68	42
4805	26	1	1793	669
4806	26	1	33710	11657
4807	26	1	1	1
4808	26	-1	140753	42546
4809	26	1	24	14
4810	26	-1	318682	104566
4811	26	1	17254	5730
4812	26	1	228	93
4813	26	-1	6556	2480
4814	26	1	45539	14656
4815	26	-1	408754	137474
4816	26	-1	357	141
4817	26	1	5547	1947
4818	26	1	258	102
4819	26	1	1935	751
4820	26	1	40	22
4821	26	-1	9230	3582
4822	26	1	565	227
4823	26	1	7278	2602
4824	26	1	70	25
4825	26	1	18144	10548
4826	26	1	733	301
4827	26	1	1065	443
4828	26	-1	10557	11044
4829	26	-1	989	352
4830	26	1	9832	7714
4831	26	1	2366	4847
4832	26	1	130	56
4833	26	-1	10146	3542
4834	26	1	9	4
4835	26	-1	7696	2685
4836	26	-1	15388	13498
4837	26	0	3433	1198
4838	26	1	1750	4607
4839	26	1	112	65
4840	26	1	12545	7475
4841	26	1	30988	14582
4842	26	-1	2023	866
4843	26	1	8465	2751
4844	26	-1	29140	10489
4845	26	1	3242	1223
4846	26	1	4845	1810
4847	26	1	1844	720
4848	26	-1	1703	746
4849	26	-1	3843	1747
4850	26	-1	6291	2273
4851	26	1	1042	431
4852	26	-1	307889	106459
4853	26	1	957	327
4854	26	-1	1387	536
4855	26	1	1593	496
4856	26	1	15583	5742
4857	26	1	1	0
4858	26	0	80903	28595
4859	26	1	1206	431
4860	26	1	285	118
4861	26	1	5204	1938
4862	26	1	38018	12346
4863	26	-1	37976	12785
4864	26	-1	4317	1460
4865	26	1	143	59
4866	26	1	6174	2347
4867	26	-1	7696	2576
4868	26	-1	281278	92525
4869	26	-1	21354	7122
4870	26	-1	364	156
4871	26	1	7962	2447
4872	26	-1	1288	460
4873	26	-1	2585	994
4874	26	-1	3058	1178
4875	26	-1	6311	2114
4876	26	-1	2474	758
4877	26	1	3	1
4878	26	-1	9938	3441
4879	26	-1	625	257
4880	26	-1	47804	16516
4881	26	-1	1306	460
4882	26	-1	4672	1564
4883	26	1	5514	1850
4884	26	1	10264	3413
4885	26	1	571	224
4886	26	-1	384729	119879
4887	26	-1	14771	5544
4888	26	1	10243	3270
4889	26	1	12545	4122
4890	26	1	4755	1523
4891	26	1	207	85
4892	26	1	64	29
4893	26	-1	350	128
4894	26	-1	10201	3550
4895	26	1	42176	13547
4896	26	-1	977	339
4897	26	1	1	0
4898	26	-1	143429	46263
4899	26	1	6	4
4900	26	1	9722	3158
4901	26	-1	6	3
4902	26	-1	125	49
4903	26	1	5219	1816
4904	26	-1	2446	893
4905	26	-1	6556	2458
4906	26	1	63158	21031
4907	26	-1	84	50
4908	26	1	11	5
4909	26	1	2252	793
4910	26	-1	3898	1260
4911	26	-1	18206	6072
4912	26	1	71460	22209
4913	26	-1	320731	105114
4914	26	1	85	64
4915	26	1	42689	14716
4916	26	1	27849	9049
4917	26	1	22181	6954
4918	26	1	5115	1661
4919	26	-1	4296	1671
4920	26	1	182	62
4921	26	1	3	2
4922	26	-1	377	154
4923	26	1	5253	1765
4924	26	1	4046	1380
4925	26	-1	3412	1261
4926	26	1	33751	10853
4927	26	1	451	169
4928	26	-1	20846	6637
4929	26	-1	340	146
4930	26	1	149	58
4931	26	1	17445	6074
4932	26	1	255	88
4933	26	1	7044	2318
4934	26	1	18455	6429
4935	26	1	437	168
4936	26	-1	136	77
4937	26	-1	117	66
4938	26	-1	296030	97140
4939	26	-1	996750	428592
4940	26	-1	1136	470
4941	26	1	20405	6572
4942	26	-1	183	68
4943	26	1	24	13
4944	26	1	2400	618
4945	26	-1	477637	161043
4946	26	1	188	84
4947	26	1	11654	4034
4948	26	-1	6969	2351
4949	26	1	3257	1020
4950	26	1	107	42
4951	26	-1	727	298
4952	26	1	25	10
4953	26	-1	3179	1238
4954	26	1	2653	1025
4955	26	-1	4150	1355
4956	26	1	9	5
4957	26	1	7787	2605
4958	26	1	434775	151214
4959	26	1	22176	8030
4960	26	-1	2446	896
4961	26	1	4179	1452
4962	26	1	2273	977
4963	26	-1	12099	4214
4964	26	-1	26623	8586
4965	26	1	1137	429
4966	26	1	1064	355
4967	26	1	29	14
4968	26	1	3763	1363
4969	26	1	13	5
4970	26	1	80	31
4971	27	1	62661	20096
4972	27	-1	1644	770
4973	27	1	5656	1961
4974	27	-1	31985	10857
4975	27	1	2756	978
4976	27	1	440827	144808
4977	27	-1	53000	18732
4978	27	1	46	17
4979	27	1	14643	5012
4980	27	-1	848	288
4981	27	1	556	227
4982	27	-1	34	11
4983	27	1	13719	5152
4984	27	1	1168	371
4985	27	-1	243129	166931
4986	27	1	9	3
4987	27	1	7074	6359
4988	27	-1	8828	4399
4989	27	1	174	84
4990	27	-1	8571	3371
4991	27	1	1382	4585
4992	27	1	1	1
4993	27	-1	38749	16994
4994	27	1	119199	39604
4995	27	-1	572	241
4996	27	1	23049	8593
4997	27	1	2010	842
4998	27	1	35	20
4999	27	1	444	166
5000	27	1	3082	1062
5001	27	-1	140509	45763
5002	27	1	78084	24415
5003	27	-1	49171	16246
5004	27	1	16058	5543
5005	27	1	123549	38465
5006	27	-1	3821	1383
5007	27	1	9483	2718
5008	27	-1	18182	6106
5009	27	-1	468	162
5010	27	1	8360	2567
5011	27	-1	396	133
5012	27	-1	18	7
5013	27	1	37510	27844
5014	27	1	593	213
5015	27	1	9249	6526
5016	27	1	198939	133221
5017	27	1	390	129
5018	27	1	73653	23654
5019	27	1	72	34
5020	27	1	361	126
5021	27	1	144	77
5022	27	1	6839	2610
5023	27	-1	10448	3457
5024	27	1	668320	221171
5025	27	1	378045	140063
5026	27	1	33063	23139
5027	27	1	3	2
5028	27	-1	1591	699
5029	27	-1	162466	50710
5030	27	1	14556	4892
5031	27	1	867	327
5032	27	-1	535401	178852
5033	27	-1	297	137
5034	27	-1	83823	29694
5035	27	-1	372	164
5036	27	1	13526	4779
5037	27	1	116	61
5038	27	1	453	170
5039	27	-1	4462	1600
5040	27	1	411	153
5041	27	-1	162780	57282
5042	27	-1	3	1
5043	27	1	54115	18908
5044	27	1	790	301
5045	27	-1	23534	7983
5046	27	1	9352	3231
5047	27	1	7219	2137
5048	27	1	470	181
5049	27	-1	36	14
5050	27	1	12	5
5051	27	1	21	11
5052	27	-1	121404	41917
5053	27	1	5	3
5054	27	-1	138459	44750
5055	27	1	21622	6684
5056	27	1	308	98
5057	27	-1	5	2
5058	27	1	1	0
5059	27	1	1	0
5060	27	0	411433	136990
5061	27	1	117228	35614
5062	27	-1	4345	1624
5063	27	-1	4030	1642
5064	27	1	755	286
5065	27	1	482766	153980
5066	27	1	1	1
5067	27	1	8550	2972
5068	27	1	43222	14744
5069	27	1	7347	2414
5070	27	-1	192	91
5071	27	1	9446	3098
5072	27	1	1	1
5073	27	1	32	16
5074	27	-1	13245	4978
5075	27	1	2524	1108
5076	27	-1	8902	3083
5077	27	1	402	193
5078	27	-1	99243	36294
5079	27	1	179	65
5080	27	-1	2990	1083
5081	27	1	29	46
5082	27	-1	4470	1949
5083	27	-1	30909	10159
5084	27	1	12152	4262
5085	27	1	766942	265807
5086	27	-1	430	201
5087	27	1	570963	250699
5088	27	1	3200	1368
5089	27	1	5240	1744
5090	27	1	14761	5330
5091	27	1	5999	2039
5092	27	1	2325	868
5093	27	-1	98116	32377
5094	27	-1	9400	3324
5095	27	-1	42661	14585
5096	27	1	46062	16525
5097	27	1	5267	2015
5098	27	1	539	228
5099	27	1	37844	13364
5100	27	1	3	2
5101	27	1	1315	456
5102	27	1	211203	70812
5103	27	-1	1117	421
5104	27	-1	14689	5675
5105	27	1	4	2
5106	27	1	1480	497
5107	27	-1	31002	11562
5108	27	-1	2906	1135
5109	27	1	617035	204092
5110	27	1	5147	1715
5111	27	1	7352	2793
5112	27	-1	10537	3595
5113	27	1	2401	868
5114	27	1	34738	12278
5115	27	1	536116	175981
5116	27	1	295627	89879
5117	27	1	23758	8061
5118	27	1	3	2
5119	27	1	47794	17289
5120	27	1	45788	15076
5121	27	-1	279764	90962
5122	27	1	20	11
5123	27	1	2440995	888339
5124	27	-1	54349	40447
5125	27	-1	28653	18671
5126	27	-1	46673	16148
5127	27	-1	155	65
5128	27	1	69	29
5129	27	1	6283	2111
5130	27	-1	9601	3680
5131	27	1	4	3
5132	27	-1	3	2
5133	27	1	62	46
5134	27	1	226505	77881
5135	27	1	10	7
5136	27	1	3907	1445
5137	27	1	4954	1903
5138	27	1	141527	48680
5139	27	1	413688	129237
5140	27	-1	148189	48494
5141	27	-1	410	195
5142	27	1	110413	37580
5143	27	1	3167	1047
5144	27	1	964616	315676
5145	27	1	197314	61618
5146	27	1	22	10
5147	27	1	21	10
5148	27	-1	41094	26175
5149	27	1	298	113
5150	27	1	22	9
5151	27	-1	488749	333606
5152	27	1	97464	55872
5153	27	-1	96931	32349
5154	27	1	525	185
5155	27	1	42268	14635
5156	27	1	16	7
5157	27	-1	5460	1976
5158	27	1	122763	42514
5159	27	-1	676996	220277
5160	27	-1	891	300
5161	27	-1	13295	4547
5162	27	1	30068	9251
5163	27	1	28287	8883
5164	27	1	25483	9397
5165	27	1	98	36
5166	27	1	25109	8858
5167	27	1	4440	1419
5168	27	-1	36276	11603
5169	27	1	106769	33890
5170	27	-1	3056	1042
5171	27	1	859	276
5172	27	1	307136	99699
5173	27	-1	1181	472
5174	27	1	476241	153493
5175	27	1	3630097	1230424
5176	27	1	928	360
5177	27	1	3620	1432
5178	27	1	413688	131933
5179	27	-1	5	3
5180	27	1	171	76
5181	27	-1	11973	4280
5182	27	-1	489	167
5183	27	1	47	21
5184	27	-1	80839	26188
5185	27	-1	3475	1336
5186	27	1	1548	494
5187	27	1	291263	96503
5188	27	1	70778	25334
5189	27	-1	1889	837
5190	27	-1	2300	996
5191	27	-1	17032	6107
5192	27	1	70752	23348
5193	27	1	25481	8465
5194	27	-1	33654	11690
5195	27	1	5	3
5196	27	-1	8694	3137
5197	27	1	921	386
5198	27	1	61	24
5199	27	-1	18084	6425
5200	27	1	671	284
5201	27	1	1	0
5202	27	-1	259117	87435
5203	27	1	4169	1519
5204	27	-1	1893	778
5205	27	0	4311	1401
5206	27	-1	1110	530
5207	27	1	2385	855
5208	27	-1	11816	3985
5209	27	-1	884	275
5210	27	1	807	354
5211	27	-1	2418	1029
5212	27	1	5589	2032
5213	27	1	296	142
5214	27	1	14	7
5215	27	-1	20074	7422
5216	27	1	17010	6098
5217	27	1	36546	12295
5218	27	-1	2559	1025
5219	27	1	2641	902
5220	27	1	5157	1784
5221	27	1	6404	2364
5222	27	-1	31	25
5223	27	-1	1113	471
5224	27	1	16894	5741
5225	27	1	5562	2182
5226	27	1	2499	1040
5227	27	1	39078	14555
5228	27	1	373	165
5229	27	-1	2	1
5230	27	-1	2526	1087
5231	27	1	16741	13664
5232	27	1	2919	1052
5233	27	1	202	115
5234	27	1	10423	7669
5235	27	1	5	3
5236	27	1	805634	401113
5237	27	0	788490	252005
5238	27	-1	239529	79902
5239	27	-1	5	3
5240	27	-1	117089	39149
5241	27	1	5	2
5242	27	1	47914	16704
5243	27	1	3074	1250
5244	27	1	5873	2035
5245	27	-1	15	6
5246	27	-1	3473	1516
5247	27	1	546900	183945
5248	27	1	49616	16848
5249	27	1	4267	1566
5250	27	-1	286080	87084
5251	27	-1	8422	2901
5252	27	1	510046	170281
5253	27	1	2846	1008
5254	27	1	24743	9230
5255	27	1	125	70
5256	27	1	535	209
5257	27	-1	280208	90778
5258	27	1	16	8
5259	27	-1	2	1
5260	27	1	8033	2729
5261	27	1	20446	6845
5262	27	1	16813	5666
5263	27	1	1543	651
5264	27	-1	781	307
5265	27	1	7086	2232
5266	27	1	49098	15691
5267	27	-1	3457	1310
5268	27	-1	9357	3201
5269	27	1	14320	4646
5270	27	1	1167	413
5271	28	-1	507164	168710
5272	28	1	520681	168643
5273	28	1	2838	1090
5274	28	-1	21	10
5275	28	-1	2902	1066
5276	28	-1	29115	10756
5277	28	-1	383	139
5278	28	1	60942	21763
5279	28	1	1080	360
5280	28	1	31624	11650
5281	28	1	60942	21978
5282	28	-1	58487	19259
5283	28	1	1	0
5284	28	-1	2647773	902127
5285	28	1	81260	28105
5286	28	-1	32778	12056
5287	28	-1	122039	41201
5288	28	1	1	1
5289	28	-1	215606	78973
5290	28	1	296442	98447
5291	28	1	325145	112430
5292	28	1	265130	92876
5293	28	-1	8353	3319
5294	28	-1	16	9
5295	28	1	233570	86782
5296	28	-1	33526	11609
5297	28	-1	4301	1744
5298	28	1	50	24
5299	28	1	96167	46495
5300	28	1	604774	207839
5301	28	1	25977	8237
5302	28	-1	6	3
5303	28	-1	73566	26404
5304	28	1	21306	6968
5305	28	1	265438	95873
5306	28	1	2887	928
5307	28	1	248576	78508
5308	28	1	5636	2040
5309	28	1	7612	2684
5310	28	-1	264984	95431
5311	28	-1	176	92
5312	28	-1	408056	180612
5313	28	1	576147	244918
5314	28	1	2221523	802341
5315	28	1	40	26
5316	28	-1	21	11
5317	28	-1	9669	3590
5318	28	-1	16870	6419
5319	28	1	10	6
5320	28	1	358	156
5321	28	-1	151230	59375
5322	28	1	563814	188050
5323	28	1	15057	6253
5324	28	1	5431	2257
5325	28	-1	412156	145132
5326	28	-1	186214	67577
5327	28	-1	240529	85361
5328	28	-1	98135	35370
5329	28	-1	38515	13580
5330	28	-1	154	80
5331	28	-1	45675	17185
5332	28	1	86001	29057
5333	28	1	19734	6737
5334	28	1	2175658	746092
5335	28	-1	232994	87772
5336	28	-1	129987	48378
5337	28	-1	2850	1115
5338	28	-1	116	65
5339	28	-1	2471	880
5340	28	1	422	186
5341	28	-1	843	348
5342	28	1	4	2
5343	28	1	39217	13266
5344	28	1	255162	84106
5345	28	-1	190478	63279
5346	28	-1	119	70
5347	28	1	758367	249480
5348	28	-1	36	16
5349	28	0	16172	5645
5350	28	-1	60	38
5351	28	1	106507	39071
5352	28	1	134435	44250
5353	28	-1	139920	45650
5354	28	-1	145569	51846
5355	28	-1	55982	19982
5356	28	1	2451	933
5357	28	1	22654	8394
5358	28	1	1412	454
5359	28	-1	4633	1715
5360	28	1	48860	17138
5361	28	-1	72182	25353
5362	28	2	5000001	2026611
5363	28	1	18	11
5364	28	-1	19771	7775
5365	28	1	434	210
5366	28	1	38505	13951
5367	28	1	73279	23899
5368	28	1	69087	24152
5369	28	1	16	8
5370	28	-1	80601	25947
5371	28	-1	53340	17813
5372	28	1	6	3
5373	28	-1	1261	501
5374	28	-1	17311	6138
5375	28	1	22791	7561
5376	28	1	397	149
5377	28	-1	1710	709
5378	28	-1	43	18
5379	28	1	1434	546
5380	28	1	20	10
5381	28	1	206891	72222
5382	28	-1	114241	40695
5383	28	-1	52	28
5384	28	1	1110731	396069
5385	28	1	66	40
5386	28	1	1065148	371392
5387	28	-1	673685	220056
5388	28	1	6682	2190
5389	28	-1	1028	466
5390	28	-1	16801	6172
5391	28	1	5173	1846
5392	28	1	3	2
5393	28	-1	1099	495
5394	28	-1	147310	50793
5395	28	-1	61711	23528
5396	28	-1	24896	9037
5397	28	-1	44043	15266
5398	28	1	2737	1047
5399	28	-1	763	374
5400	28	1	546800	182983
5401	28	1	498689	180022
5402	28	-1	13512	5092
5403	28	-1	6649	2422
5404	28	1	323809	103118
5405	28	-1	3691	1590
5406	28	1	358	154
5407	28	-1	26599	9021
5408	28	-1	80979	27503
5409	28	1	3096	1072
5410	28	1	6717	2371
5411	28	1	72	43
5412	28	-1	37283	12672
5413	28	1	47	24
5414	28	-1	41666	14725
5415	28	1	25605	8856
5416	28	-1	7350	2496
5417	28	1	274822	94372
5418	28	1	38306	14401
5419	28	-1	506813	161723
5420	28	1	2255	852
5421	28	-1	7621	2842
5422	28	-1	60797	19946
5423	28	1	259485	89357
5424	28	1	3334	1354
5425	28	-1	7889	3012
5426	28	-1	215503	70320
5427	28	1	8	5
5428	28	1	741	282
5429	28	1	59137	21461
5430	28	-1	110428	36709
5431	28	-1	76823	26312
5432	28	-1	81895	28127
5433	28	-1	13	6
5434	28	-1	40607	14787
5435	28	1	269	88
5436	28	0	1331619	454522
5437	28	1	4512	1561
5438	28	-1	280771	99031
5439	28	1	11789	4115
5440	28	0	477115	225417
5441	28	-1	4527873	1503061
5442	28	1	36	26
5443	28	1	5303	2102
5444	28	-1	35220	21955
5445	28	1	259485	174426
5446	28	2	5000001	1659095
5447	28	-1	115229	37565
5448	28	1	65	35
5449	28	-1	133710	46977
5450	28	-1	34004	12054
5451	28	-1	29421	10398
5452	28	-1	5023	1627
5453	28	1	6977	2468
5454	28	-1	260314	98398
5455	28	2	5000001	1639867
5456	28	1	1380	540
5457	28	1	48167	17779
5458	28	-1	38480	13415
5459	28	1	231	116
5460	28	1	23	13
5461	28	1	4227	1493
5462	28	-1	725092	323846
5463	28	-1	70260	27409
5464	28	-1	4780	1814
5465	28	-1	1284718	498881
5466	28	1	12	7
5467	28	1	60260	21524
5468	28	1	4	2
5469	28	1	3017	1053
5470	28	1	53192	19307
5471	28	1	316162	109128
5472	28	1	2020	870
5473	28	1	1	0
5474	28	0	150609	50309
5475	28	1	70340	23754
5476	28	-1	101962	36978
5477	28	1	8945	3111
5478	28	1	316	130
5479	28	-1	45516	15467
5480	28	1	132	66
5481	28	-1	6223	2361
5482	28	1	72346	23741
5483	28	-1	838715	284926
5484	28	1	13056	5017
5485	28	-1	344773	121247
5486	28	1	91752	31214
5487	28	-1	73566	28058
5488	28	1	3	2
5489	28	-1	31878	11245
5490	28	1	2923	1174
5491	28	1	5113	2000
5492	28	1	93499	32776
5493	28	-1	17074	6636
5494	28	-1	4966	1988
5495	28	1	138	79
5496	28	1	13322	4801
5497	28	1	4	2
5498	28	-1	286000	96227
5499	28	1	13770	4992
5500	28	-1	42786	15040
5501	28	-1	914	384
5502	28	1	8	5
5503	28	1	498361	166403
5504	28	1	42086	15970
5505	28	1	454013	151488
5506	28	1	48251	16122
5507	28	1	476359	217435
5508	28	-1	5812	2160
5509	28	1	1102	443
5510	28	1	142988	52057
5511	28	-1	69544	23436
5512	28	-1	21862	7814
5513	28	1	15	8
5514	28	1	5	3
5515	28	-1	1996790	643427
5516	28	-1	259078	92407
5517	28	1	93679	34264
5518	28	-1	797241	270107
5519	28	1	278191	85907
5520	28	1	148259	51949
5521	28	-1	95	44
5522	28	1	81260	27355
5523	28	1	4826	1622
5524	28	1	47	22
5525	28	-1	635919	215381
5526	28	-1	24896	9474
5527	28	-1	112179	40006
5528	28	1	4995	1788
5529	28	-1	12749	4694
5530	28	-1	31364	11209
5531	28	1	648064	201297
5532	28	-1	412156	142754
5533	28	-1	386	179
5534	28	1	5	4
5535	28	-1	43615	35788
5536	28	1	15	7
5537	28	-1	106699	35149
5538	28	1	1934	732
5539	28	-1	2612	942
5540	28	1	36390	11842
5541	28	1	47470	15119
5542	28	1	77488	27074
5543	28	1	10	5
5544	28	-1	198368	65667
5545	28	1	42993	14052
5546	28	1	3121	1114
5547	28	1	501	214
5548	28	1	11299	3383
5549	28	1	1	0
5550	28	-1	32460	11785
5551	28	-1	1807	709
5552	28	1	32589	11594
5553	28	-1	19129	6612
5554	28	1	10776	3468
5555	28	-1	286105	96552
5556	28	1	1927	748
5557	28	1	2038	895
5558	28	-1	189812	66629
5559	28	1	34221	11774
5560	28	1	1	1
5561	28	1	9779	3598
5562	28	-1	167	83
5563	28	-1	83525	30763
5564	28	-1	34166	12491
5565	28	-1	27	18
5566	28	1	92	42
5567	28	-1	379944	126790
5568	28	-1	4	2
5569	28	1	5556	1828
5570	28	-1	323688	117981
5571	29	1	17	9
5572	29	-1	1799	632
5573	29	-1	986536	315646
5574	29	-1	11259	4382
5575	29	-1	3295	1365
5576	29	1	215865	72301
5577	29	2	5000001	1688914
5578	29	1	15742	5489
5579	29	-1	16000	6477
5580	29	-1	3	2
5581	29	1	31701	12511
5582	29	-1	6456	2383
5583	29	1	22188	8015
5584	29	-1	187833	66106
5585	29	1	2186367	796910
5586	29	-1	1013	358
5587	29	1	16598	6141
5588	29	1	145093	46828
5589	29	1	11	6
5590	29	1	41114	15296
5591	29	-1	244843	91911
5592	29	1	26158	8134
5593	29	1	1038003	526404
5594	29	1	2818980	943335
5595	29	-1	15424	5355
5596	29	-1	878458	317180
5597	29	1	387290	132165
5598	29	1	2810	1148
5599	29	1	1887	750
5600	29	1	313279	123686
5601	29	1	86354	32661
5602	29	1	313799	111807
5603	29	1	24462	8828
5604	29	-1	1129596	404622
5605	29	-1	8	4
5606	29	1	82968	26082
5607	29	1	66549	22428
5608	29	1	127281	41418
5609	29	1	752	261
5610	29	-1	12561	4426
5611	29	1	70	37
5612	29	1	78	37
5613	29	-1	405838	133907
5614	29	1	88682	28626
5615	29	-1	624736	215845
5616	29	1	7	4
5617	29	1	663	224
5618	29	-1	46515	15953
5619	29	-1	530175	185559
5620	29	1	4832	1624
5621	29	1	1394402	483833
5622	29	-1	27195	10956
5623	29	1	49313	17436
5624	29	1	112133	42082
5625	29	-1	1689	723
5626	29	1	64	31
5627	29	1	51	23
5628	29	-1	87073	31798
5629	29	1	676	262
5630	29	1	51	27
5631	29	1	86453	31142
5632	29	-1	12	7
5633	29	1	7896	2728
5634	29	-1	104158	39245
5635	29	-1	12342	4676
5636	29	-1	3298	1288
5637	29	-1	776	273
5638	29	1	215779	82171
5639	29	1	70660	24057
5640	29	1	60453	19654
5641	29	1	91951	33822
5642	29	-1	183024	68218
5643	29	-1	2402428	1002045
5644	29	1	2072	750
5645	29	1	12	6
5646	29	1	92	41
5647	29	-1	190924	69344
5648	29	-1	480142	158685
5649	29	-1	113705	42762
5650	29	-1	458768	150569
5651	29	1	251781	90340
5652	29	-1	32137	11229
5653	29	-1	282267	102722
5654	29	1	56333	21455
5655	29	1	227908	82439
5656	29	1	9656	3533
5657	29	1	494398	181302
5658	29	1	280288	101386
5659	29	-1	41511	15535
5660	29	-1	1009326	332700
5661	29	-1	166756	60225
5662	29	1	34	19
5663	29	-1	383	162
5664	29	-1	930	363
5665	29	-1	821101	304624
5666	29	1	109496	36941
5667	29	1	4401	1438
5668	29	1	28282	9987
5669	29	-1	534856	179982
5670	29	-1	201	112
5671	29	1	7394	2717
5672	29	-1	33316	12131
5673	29	1	497157	176503
5674	29	1	169318	59833
5675	29	-1	9611	3150
5676	29	-1	30259	9963
5677	29	-1	11693	4400
5678	29	-1	21272	7895
5679	29	-1	459350	161328
5680	29	-1	35764	13321
5681	29	1	16288	5549
5682	29	-1	12543	4729
5683	29	1	26618	9548
5684	29	1	1	1
5685	29	1	275882	99728
5686	29	1	38414	13624
5687	29	1	18879	6338
5688	29	1	1675551	558606
5689	29	1	735	278
5690	29	1	2926	1123
5691	29	-1	14047	5246
5692	29	1	12526	5139
5693	29	1	1972	744
5694	29	-1	3	1
5695	29	-1	34686	12778
5696	29	1	51	21
5697	29	-1	549679	259545
5698	29	-1	8898	3467
5699	29	1	9	6
5700	29	-1	30365	11652
5701	29	1	80218	28143
5702	29	-1	42030	14364
5703	29	-1	4586	1663
5704	29	-1	129017	44913
5705	29	1	54223	18529
5706	29	1	1690	583
5707	29	1	1005	367
5708	29	0	3147447	1097129
5709	29	-1	1026959	345530
5710	29	-1	470554	166097
5711	29	1	930391	306122
5712	29	1	5265	1641
5713	29	1	40592	15317
5714	29	1	52182	16550
5715	29	1	78052	28839
5716	29	-1	149856	52114
5717	29	1	231	106
5718	29	1	63764	21621
5719	29	1	1769	674
5720	29	1	143682	45603
5721	29	1	259634	86722
5722	29	1	1029	446
5723	29	-1	22160	7824
5724	29	-1	7535	2588
5725	29	1	12281	4570
5726	29	1	326186	110183
5727	29	-1	3926928	1502849
5728	29	-1	40936	15182
5729	29	1	1185	492
5730	29	1	543885	199858
5731	29	1	31	16
5732	29	1	8095	2965
5733	29	1	28852	10963
5734	29	-1	1839871	622586
5735	29	-1	878458	327546
5736	29	1	161734	54737
5737	29	1	6860	2309
5738	29	1	648909	222275
5739	29	-1	135303	45366
5740	29	1	12281	4565
5741	29	1	265809	97409
5742	29	-1	71817	26214
5743	29	1	916317	301048
5744	29	-1	17096	5889
5745	29	1	6820	2573
5746	29	1	76555	27709
5747	29	-1	93054	33991
5748	29	1	20496	7317
5749	29	-1	34028	12301
5750	29	-1	1270594	480205
5751	29	1	936892	419332
5752	29	1	14711	5076
5753	29	1	69791	24079
5754	29	1	35980	12329
5755	29	-1	2248253	883359
5756	29	1	2612	973
5757	29	-1	639927	216364
5758	29	1	38868	12116
5759	29	1	1	1
5760	29	1	80498	28359
5761	29	-1	71017	23084
5762	29	1	43211	13609
5763	29	-1	509089	175320
5764	29	1	1394402	577026
5765	29	-1	350856	119330
5766	29	1	71617	23921
5767	29	1	114404	40009
5768	29	1	3398	1356
5769	29	1	802	287
5770	29	-1	12481	4227
5771	29	-1	11568	3935
5772	29	1	1582624	558683
5773	29	1	21101	7261
5774	29	-1	100682	34368
5775	29	-1	265829	90567
5776	29	-1	296	141
5777	29	1	807557	329597
5778	29	-1	104	61
5779	29	-1	124519	52143
5780	29	1	7109	2398
5781	29	1	20	6
5782	29	-1	295636	202620
5783	29	-1	152455	50182
5784	29	1	27	17
5785	29	1	106569	35819
5786	29	-1	1900	748
5787	29	1	1394402	480185
5788	29	1	349	146
5789	29	0	2609341	904841
5790	29	1	91	52
5791	29	1	11571	4246
5792	29	-1	32625	11130
5793	29	-1	720	318
5794	29	-1	461	195
5795	29	1	2704	916
5796	29	1	78	33
5797	29	-1	336538	117847
5798	29	-1	7358	2869
5799	29	1	70660	23755
5800	29	-1	11	7
5801	29	1	1468	582
5802	29	-1	936798	315433
5803	29	-1	249295	90532
5804	29	1	18040	6880
5805	29	1	25357	9094
5806	29	2	5000001	1688899
5807	29	1	45	25
5808	29	-1	98562	37184
5809	29	1	9	5
5810	29	-1	167770	52644
5811	29	1	89	41
5812	29	2	5000001	2094825
5813	29	1	2235	839
5814	29	2	5000001	1752659
5815	29	1	63584	21834
5816	29	1	5135	1946
5817	29	-1	68261	22359
5818	29	1	2098	792
5819	29	1	40672	14118
5820	29	-1	67135	22485
5821	29	-1	78996	26949
5822	29	1	6	4
5823	29	1	12562	4264
5824	29	1	64241	22114
5825	29	1	52334	18716
5826	29	1	154349	56415
5827	29	-1	171839	57637
5828	29	1	15419	5470
5829	29	1	4711	1741
5830	29	-1	27	12
5831	29	1	679502	258236
5832	29	2	5000001	1605863
5833	29	1	56333	21948
5834	29	-1	3	1
5835	29	1	356	164
5836	29	1	4665	2031
5837	29	-1	100151	35544
5838	29	-1	5501	2112
5839	29	1	2750	1034
5840	29	1	42095	16332
5841	29	1	8639	3399
5842	29	1	190733	92891
5843	29	1	656109	229052
5844	29	1	104147	38080
5845	29	-1	97596	35230
5846	29	1	172	74
5847	29	-1	18233	6095
5848	29	1	286576	93822
5849	29	-1	1396353	558880
5850	29	1	105570	38086
5851	29	1	1574	540
5852	29	-1	4423	1838
5853	29	1	70660	24758
5854	29	-1	15255	6238
5855	29	-1	91072	35091
5856	29	1	109496	37023
5857	29	-1	31798	12013
5858	29	1	739683	256726
5859	29	1	1803	661
5860	29	-1	124268	43387
5861	29	1	11	7
5862	29	1	379	166
5863	29	1	104097	38459
5864	29	-1	215322	72013
5865	29	-1	63701	22492
5866	29	1	1394402	545982
5867	29	1	10695	4328
5868	29	1	371633	140189
5869	29	-1	133178	41184
5870	29	1	12092	4447
5871	30	1	2083686	705067
5872	30	1	7964	3333
5873	30	-1	314660	177827
5874	30	-1	185282	69278
5875	30	1	45545	18010
5876	30	-1	17020	6649
5877	30	1	517677	188920
5878	30	-1	647100	217766
5879	30	-1	6417	3026
5880	30	2	5000001	1897783
5881	30	1	373704	130428
5882	30	2	5000001	1722275
5883	30	-1	3917597	1426334
5884	30	-1	168726	58513
5885	30	2	5000001	1757549
5886	30	-1	1306333	492879
5887	30	-1	1903373	714017
5888	30	1	94728	38037
5889	30	1	6553	2276
5890	30	-1	28	17
5891	30	-1	4499	1994
5892	30	2	5000001	1786143
5893	30	1	776566	284861
5894	30	-1	81482	30084
5895	30	1	210435	81230
5896	30	-1	1893651	700272
5897	30	-1	86742	28679
5898	30	-1	3618209	1301213
5899	30	-1	311083	111647
5900	30	-1	114280	44248
5901	30	-1	38882	15214
5902	30	-1	1694397	612352
5903	30	-1	15029	5717
5904	30	-1	12380	4606
5905	30	-1	3203216	1125728
5906	30	1	329	146
5907	30	1	2356659	856312
5908	30	-1	178265	64479
5909	30	-1	2570857	881594
5910	30	1	326344	122860
5911	30	-1	1528224	560517
5912	30	1	182851	63118
5913	30	-1	226544	77445
5914	30	-1	3751620	1483993
5915	30	-1	732746	396343
5916	30	-1	909	442
5917	30	-1	5972	2379
5918	30	-1	3157087	1199190
5919	30	-1	4148	1505
5920	30	-1	3441548	1300646
5921	30	1	17377	6143
5922	30	-1	2922554	1294556
5923	30	1	7	5
5924	30	1	255027	91702
5925	30	-1	426309	164175
5926	30	1	3233563	1190672
5927	30	-1	1306160	492735
5928	30	1	214916	72017
5929	30	-1	36573	13293
5930	30	2	5000001	1808279
5931	30	-1	433073	162660
5932	30	-1	212033	80136
5933	30	-1	1182750	440385
5934	30	2	5000001	1776562
5935	30	-1	227832	164936
5936	30	-1	344087	161260
5937	30	-1	4973924	1887761
5938	30	-1	401154	155232
5939	30	2	5000001	1895488
5940	30	-1	426309	170288
5941	30	-1	81647	28195
5942	30	1	114	49
5943	30	-1	496524	173895
5944	30	1	2002789	781461
5945	30	1	5	3
5946	30	1	28975	11578
5947	30	-1	832680	301539
5948	30	1	50741	19287
5949	30	1	682007	257156
5950	30	1	5	3
5951	30	1	2558	921
5952	30	-1	442070	150856
5953	30	-1	30	12
5954	30	-1	22	20
5955	30	-1	1480781	560299
5956	30	1	42747	14215
5957	30	-1	192824	136899
5958	30	1	490302	171192
5959	30	-1	1406628	484456
5960	30	-1	3369030	1292774
5961	30	1	45349	16182
5962	30	1	11668	4225
5963	30	-1	2023700	791995
5964	30	1	21644	18684
5965	30	-1	54063	30677
5966	30	1	277873	100829
5967	30	-1	267982	95452
5968	30	-1	1088500	472061
5969	30	-1	189572	70427
5970	30	1	1559264	543556
5971	30	-1	91734	33977
5972	30	1	34008	12248
5973	30	-1	83560	32528
5974	30	-1	2597137	917367
5975	30	1	2793605	935167
5976	30	1	1760	725
5977	30	1	229	98
5978	30	1	1588624	536950
5979	30	-1	790407	278333
5980	30	-1	1822	780
5981	30	-1	39573	15075
5982	30	1	923113	319823
5983	30	-1	169680	60787
5984	30	1	818840	290310
5985	30	-1	196397	83308
5986	30	1	520	223
5987	30	-1	2076954	770814
5988	30	1	6096	2098
5989	30	-1	24968	8932
5990	30	-1	2570857	882234
5991	30	-1	952738	370851
5992	30	1	23	11
5993	30	-1	227618	79236
5994	30	-1	3463596	1266630
5995	30	1	5	8
5996	30	1	2952	1081
5997	30	-1	139134	52128
5998	30	1	106229	38755
5999	30	2	5000001	1893096
6000	30	2	5000001	1764561
6001	30	1	286049	102682
6002	30	-1	147962	54371
6003	30	-1	240482	80996
6004	30	-1	15	8
6005	30	-1	1903373	779854
6006	30	1	19	10
6007	30	1	230889	78814
6008	30	-1	385414	142162
6009	30	-1	2076954	748205
6010	30	1	98051	36464
6011	30	1	42245	12914
6012	30	1	22532	8610
6013	30	-1	935433	435110
6014	30	1	1771246	637431
6015	30	2	5000001	1768762
6016	30	-1	1692954	627663
6017	30	1	21997	8087
6018	30	1	1809951	712941
6019	30	-1	119566	45391
6020	30	-1	2253575	815550
6021	30	-1	2128644	768477
6022	30	1	28842	10153
6023	30	-1	587721	227196
6024	30	2	5000001	1891278
6025	30	-1	44206	18405
6026	30	1	74378	28561
6027	30	1	262132	93638
6028	30	-1	37097	15296
6029	30	1	15	11
6030	30	2	5000001	2006316
6031	30	1	45588	17886
6032	30	1	26023	9293
6033	30	-1	31550	11195
6034	30	2	5000001	1797131
6035	30	1	9122	3171
6036	30	1	2519993	928587
6037	30	-1	52372	19335
6038	30	-1	1569393	571782
6039	30	-1	2575	907
6040	30	1	9	4
6041	30	-1	216128	77341
6042	30	1	3916785	1291571
6043	30	-1	1987056	715567
6044	30	1	519308	171503
6045	30	1	3336628	1456267
6046	30	1	36773	13161
6047	30	1	12459	4499
6048	30	-1	3532118	1275406
6049	30	2	5000001	1789922
6050	30	-1	145622	51170
6051	30	-1	2073857	757109
6052	30	-1	337825	122511
6053	30	1	66621	24710
6054	30	1	3032050	1089470
6055	30	-1	2627731	1042014
6056	30	-1	2549992	941363
6057	30	2	5000001	1757395
6058	30	1	513867	183512
6059	30	1	45349	16013
6060	30	1	3127598	1169282
6061	30	1	15872	5294
6062	30	-1	12077	4712
6063	30	0	11733	4612
6064	30	-1	46815	16463
6065	30	1	3786	1305
6066	30	1	143	70
6067	30	-1	1421	593
6068	30	-1	4960	1926
6069	30	1	27	19
6070	30	2	5000001	1615392
6071	30	1	4069583	1404922
6072	30	1	1205233	451245
6073	30	1	30289	10615
6074	30	-1	9	4
6075	30	-1	1167241	414134
6076	30	-1	241948	93495
6077	30	1	1590636	544327
6078	30	-1	416292	137037
6079	30	-1	544407	213284
6080	30	-1	38523	13768
6081	30	2	5000001	1881208
6082	30	1	515709	185623
6083	30	-1	4390244	1630907
6084	30	1	35	23
6085	30	1	88288	34234
6086	30	-1	3624122	1358867
6087	30	1	1715365	793101
6088	30	-1	1942640	691803
6089	30	-1	2901150	1006605
6090	30	1	175632	61732
6091	30	1	106459	38222
6092	30	-1	3926	1639
6093	30	-1	219644	86774
6094	30	1	49316	16796
6095	30	1	47444	11968
6096	30	1	3	1
6097	30	-1	698900	188405
6098	30	1	756155	259146
6099	30	-1	762	351
6100	30	-1	3618209	1258782
6101	30	1	6	5
6102	30	-1	1124593	433503
6103	30	-1	81282	33640
6104	30	1	3333	1131
6105	30	-1	1769841	734912
6106	30	1	1955254	667251
6107	30	-1	90606	33776
6108	30	1	8	4
6109	30	1	12	5
6110	30	-1	12456	3906
6111	30	1	338	167
6112	30	-1	21569	7926
6113	30	-1	1812569	635774
6114	30	1	14337	5004
6115	30	-1	119004	47339
6116	30	1	177144	60158
6117	30	-1	1383584	505930
6118	30	1	716231	265416
6119	30	-1	2250158	829911
6120	30	-1	2358395	878396
6121	30	1	246	117
6122	30	1	14465	5343
6123	30	1	77327	29284
6124	30	-1	94829	38052
6125	30	1	464773	169578
6126	30	1	9463	3648
6127	30	1	177862	60855
6128	30	-1	452978	176742
6129	30	-1	1306333	503476
6130	30	1	8094	3011
6131	30	1	234671	83708
6132	30	-1	106665	41325
6133	30	1	2839063	1036893
6134	30	1	10906	4186
6135	30	1	59533	22727
6136	30	1	343	167
6137	30	-1	391304	137855
6138	30	-1	2164751	977388
6139	30	-1	80698	65329
6140	30	2	5000001	1882143
6141	30	-1	450550	160135
6142	30	1	2595633	1120272
6143	30	-1	20765	7828
6144	30	1	159	87
6145	30	1	2093328	763509
6146	30	-1	89750	61787
6147	30	-1	175488	122779
6148	30	-1	55	27
6149	30	2	5000001	1930726
6150	30	1	109259	40905
6151	30	1	1699	715
6152	30	-1	1274027	459923
6153	30	-1	102867	31506
6154	30	-1	25224	6017
6155	30	1	274	141
6156	30	1	4469	1546
6157	30	1	47444	17044
6158	30	1	16000	5791
6159	30	2	5000001	1880127
6160	30	1	39	19
6161	30	-1	23819	9928
6162	30	1	313173	107163
6163	30	1	17	16
6164	30	1	214	116
6165	30	-1	4544438	1682375
6166	30	1	107010	40033
6167	30	1	6709	2597
6168	30	1	1494296	540482
6169	30	-1	112865	60223
6170	30	1	5193	1968
6171	31	2	5000001	1687950
6172	31	1	8832	4798
6173	31	1	3915692	1288203
6174	31	-1	3359161	1378495
6175	31	1	369396	128472
6176	31	1	345705	138279
6177	31	1	3684339	1379281
6178	31	1	65	45
6179	31	-1	16715	5832
6180	31	2	5000001	1835565
6181	31	1	34	18
6182	31	-1	1795	4631
6183	31	1	192	87
6184	31	2	5000001	1725413
6185	31	-1	148251	95987
6186	31	-1	1459128	623836
6187	31	1	2420983	1031345
6188	31	-1	503688	192941
6189	31	1	2235162	808936
6190	31	-1	3235670	1258710
6191	31	-1	2494979	850985
6192	31	1	700066	245693
6193	31	2	5000001	1747598
6194	31	-1	4021969	1577397
6195	31	1	253402	97275
6196	31	-1	1009	470
6197	31	1	2283477	810165
6198	31	1	120	56
6199	31	1	1986751	825400
6200	31	-1	2066485	829241
6201	31	1	903152	460946
6202	31	-1	661537	214479
6203	31	1	6041	2172
6204	31	1	27521	10197
6205	31	-1	1614708	554920
6206	31	2	5000001	1735394
6207	31	1	5941	1929
6208	31	1	171878	58416
6209	31	-1	151511	50042
6210	31	2	5000001	1685130
6211	31	1	72471	27857
6212	31	1	38	28
6213	31	1	857033	304902
6214	31	1	2293883	838683
6215	31	1	272004	106781
6216	31	1	149808	51643
6217	31	-1	903833	342563
6218	31	2	5000001	1894450
6219	31	2	5000001	1634857
6220	31	-1	237374	89991
6221	31	1	267734	89674
6222	31	1	1243036	460975
6223	31	-1	3486574	1424219
6224	31	-1	51014	17567
6225	31	1	1736351	662742
6226	31	-1	705698	273385
6227	31	1	692	301
6228	31	1	3384	1312
6229	31	-1	1129286	431032
6230	31	1	305498	110535
6231	31	2	5000001	1755625
6232	31	2	5000001	1719073
6233	31	1	4420815	1907028
6234	31	1	2294684	821780
6235	31	1	1248292	508960
6236	31	-1	2146474	760782
6237	31	1	368883	129447
6238	31	1	627710	229508
6239	31	1	16	11
6240	31	1	382840	140749
6241	31	2	5000001	1786648
6242	31	0	390140	151882
6243	31	1	258744	91803
6244	31	-1	933187	338111
6245	31	1	2981472	1065304
6246	31	1	1248292	481617
6247	31	-1	380185	145739
6248	31	-1	59521	21594
6249	31	1	220294	81710
6250	31	-1	234075	90231
6251	31	1	214029	78082
6252	31	1	3910090	1532141
6253	31	-1	1730178	615919
6254	31	1	81050	33809
6255	31	2	5000001	1814720
6256	31	1	2420527	888279
6257	31	-1	160475	59824
6258	31	1	2931203	1064236
6259	31	1	342912	118470
6260	31	1	206117	82463
6261	31	1	470914	191590
6262	31	2	5000001	1708886
6263	31	-1	298717	117314
6264	31	1	2273566	845345
6265	31	-1	1250684	480662
6266	31	1	217744	110303
6267	31	-1	1727043	589134
6268	31	-1	2251003	808509
6269	31	-1	1702863	612332
6270	31	1	1437643	535248
6271	31	-1	528594	189109
6272	31	-1	5014	1879
6273	31	1	793911	309840
6274	31	1	39712	14067
6275	31	1	123161	44084
6276	31	1	228436	82768
6277	31	-1	27184	9273
6278	31	1	3350352	1320497
6279	31	-1	1490904	843821
6280	31	-1	3021389	1021008
6281	31	0	1584523	566631
6282	31	-1	2908299	991540
6283	31	1	164	83
6284	31	2	5000001	2091026
6285	31	-1	6	4
6286	31	-1	588662	222391
6287	31	2	5000001	1863486
6288	31	1	201258	98379
6289	31	-1	1207963	424536
6290	31	1	75920	28758
6291	31	1	3905	1696
6292	31	2	5000001	2001777
6293	31	1	1231058	527188
6294	31	1	44579	17418
6295	31	-1	45302	19982
6296	31	1	3830866	1833078
6297	31	-1	639991	234045
6298	31	1	296533	105364
6299	31	-1	78609	28306
6300	31	2	5000001	1649399
6301	31	-1	138099	51945
6302	31	1	113239	40525
6303	31	-1	535008	209734
6304	31	1	22	10
6305	31	-1	4481301	1626091
6306	31	-1	613235	233470
6307	31	-1	2570534	969559
6308	31	2	5000001	1708542
6309	31	1	226495	80685
6310	31	1	216538	71754
6311	31	1	2194069	803478
6312	31	1	607392	213432
6313	31	-1	98090	41719
6314	31	1	630458	234408
6315	31	-1	2330121	857468
6316	31	-1	1359970	461391
6317	31	1	8572	3337
6318	31	1	4986132	1844169
6319	31	1	3330861	1299656
6320	31	-1	17649	6207
6321	31	1	542132	206461
6322	31	2	5000001	1747257
6323	31	-1	296551	108383
6324	31	1	108916	35716
6325	31	-1	93076	31136
6326	31	-1	3438769	1331541
6327	31	-1	2475463	890313
6328	31	-1	594	347
6329	31	-1	1702	687
6330	31	1	13891	5786
6331	31	-1	4322227	1550911
6332	31	1	646285	228158
6333	31	1	1676966	604748
6334	31	2	5000001	1778913
6335	31	1	106993	37244
6336	31	1	1695701	607676
6337	31	1	12559	4016
6338	31	1	227062	96655
6339	31	1	3092	1303
6340	31	1	2585997	1035643
6341	31	1	1946235	659683
6342	31	2	5000001	1798954
6343	31	1	84525	29849
6344	31	-1	632245	240861
6345	31	2	5000001	1812087
6346	31	1	2712059	996098
6347	31	-1	980137	349745
6348	31	-1	301438	110821
6349	31	1	34938	12176
6350	31	-1	531020	177953
6351	31	-1	66415	25530
6352	31	1	7315	2812
6353	31	1	2676159	982241
6354	31	1	335654	114583
6355	31	2	5000001	1787365
6356	31	1	21496	8175
6357	31	0	3919837	1404768
6358	31	2	5000001	1792093
6359	31	-1	2326772	912135
6360	31	1	746838	247219
6361	31	2	5000001	1727385
6362	31	1	1937	707
6363	31	1	204236	83861
6364	31	1	2078184	779691
6365	31	1	141178	54661
6366	31	1	2660852	1028854
6367	31	2	5000001	1772661
6368	31	1	2343980	979283
6369	31	-1	3238206	1254177
6370	31	-1	3595096	1377550
6371	31	1	394527	169784
6372	31	-1	45098	31648
6373	31	1	143998	117660
6374	31	1	780091	381098
6375	31	-1	1126818	405339
6376	31	-1	2346404	894148
6377	31	1	12911	4417
6378	31	1	44404	14912
6379	31	2	5000001	1662702
6380	31	2	5000001	1797143
6381	31	-1	1438026	578588
6382	31	-1	433895	159305
6383	31	-1	247695	100448
6384	31	-1	2	1
6385	31	1	72396	30580
6386	31	1	6498	2905
6387	31	-1	202	101
6388	31	-1	46322	16734
6389	31	1	27728	10949
6390	31	-1	847101	297518
6391	31	1	84496	34466
6392	31	1	700066	251614
6393	31	-1	1553581	697849
6394	31	2	5000001	1688785
6395	31	1	98491	33679
6396	31	1	11596	4171
6397	31	1	193815	69735
6398	31	1	3370797	1298997
6399	31	1	444105	162810
6400	31	1	579424	187022
6401	31	-1	834976	318141
6402	31	1	610368	221137
6403	31	1	3879771	1635893
6404	31	1	1133094	478040
6405	31	1	30930	10971
6406	31	1	354300	133691
6407	31	-1	293233	110620
6408	31	2	5000001	2033206
6409	31	1	29	14
6410	31	1	85	46
6411	31	-1	24735	9073
6412	31	1	64833	22614
6413	31	1	1986751	744813
6414	31	1	3910090	1418322
6415	31	1	4888113	1757592
6416	31	-1	2293919	811014
6417	31	1	2676159	1065868
6418	31	2	5000001	2032396
6419	31	2	5000001	1989531
6420	31	1	2429	1007
6421	31	1	4322	1801
6422	31	1	626863	236430
6423	31	1	73024	27155
6424	31	1	1145106	446193
6425	31	-1	574969	224601
6426	31	-1	929614	347506
6427	31	1	309372	106880
6428	31	-1	1053002	421028
6429	31	1	184	108
6430	31	-1	390021	144203
6431	31	-1	719992	273260
6432	31	1	241263	93692
6433	31	1	1483727	501780
6434	31	-1	36690	13404
6435	31	-1	32489	11900
6436	31	-1	65387	21715
6437	31	0	1390507	492039
6438	31	1	1736351	727043
6439	31	2	5000001	1624802
6440	31	1	166	100
6441	31	2	5000001	1676788
6442	31	1	2235162	792393
6443	31	-1	1865894	687476
6444	31	1	4535096	1529090
6445	31	2	5000001	1724846
6446	31	1	7540	2978
6447	31	1	903152	320667
6448	31	1	32971	12708
6449	31	-1	1126818	408944
6450	31	1	3	3
6451	31	1	58449	31557
6452	31	1	543	305
6453	31	1	225299	166411
6454	31	-1	221649	84208
6455	31	1	3879771	1359477
6456	31	1	24	15
6457	31	1	30911	11766
6458	31	-1	147309	52828
6459	31	1	3713718	1529679
6460	31	-1	535081	196418
6461	31	1	22	12
6462	31	2	5000001	1900257
6463	31	-1	192454	71665
6464	31	-1	1234513	444385
6465	31	1	2720059	972711
6466	31	2	5000001	1632563
6467	31	2	5000001	1672829
6468	31	1	1176042	489600
6469	31	-1	13974	5774
6470	31	1	6908	2667
6471	32	1	477	255
6472	32	-1	1735517	630251
6473	32	-1	4045510	1449415
6474	32	-1	3577523	1235741
6475	32	-1	13092	5263
6476	32	-1	564857	212494
6477	32	2	5000001	1783641
6478	32	-1	2137549	816493
6479	32	2	5000001	1742631
6480	32	-1	397716	144770
6481	32	-1	3346844	1223248
6482	32	-1	300307	115604
6483	32	1	8355	2994
6484	32	2	5000001	1844353
6485	32	-1	196510	78048
6486	32	2	5000001	1901063
6487	32	2	5000001	1972330
6488	32	-1	305448	103961
6489	32	-1	1647128	674774
6490	32	1	2941765	1013067
6491	32	1	166036	58154
6492	32	-1	885210	323404
6493	32	1	89	38
6494	32	-1	2984332	1118601
6495	32	1	22129	9036
6496	32	2	5000001	1800321
6497	32	-1	17688	7338
6498	32	-1	1308104	501109
6499	32	1	269829	104153
6500	32	2	5000001	1869615
6501	32	2	5000001	1854920
6502	32	-1	1502925	750452
6503	32	1	6	2
6504	32	1	201825	69352
6505	32	2	5000001	1814396
6506	32	-1	104228	37438
6507	32	1	22119	9399
6508	32	-1	2753165	973151
6509	32	1	3429738	1213341
6510	32	1	3670	1495
6511	32	2	5000001	1800237
6512	32	-1	242300	85815
6513	32	-1	2615865	1004243
6514	32	1	2687793	972942
6515	32	-1	1790959	704401
6516	32	2	5000001	1930165
6517	32	2	5000001	1889207
6518	32	2	5000001	1935423
6519	32	2	5000001	1785122
6520	32	2	5000001	1788603
6521	32	1	19	8
6522	32	1	26794	11217
6523	32	1	963238	362761
6524	32	-1	898364	315819
6525	32	-1	12874	4921
6526	32	1	5348	2184
6527	32	1	2091772	745991
6528	32	-1	276	149
6529	32	1	2494941	891391
6530	32	1	307846	111022
6531	32	-1	2682017	978430
6532	32	1	32418	12680
6533	32	-1	79760	29699
6534	32	-1	4608610	1662804
6535	32	2	5000001	1817075
6536	32	1	4587503	1722172
6537	32	-1	591855	230723
6538	32	2	5000001	1859744
6539	32	2	5000001	1853073
6540	32	2	5000001	1812590
6541	32	2	5000001	1807649
6542	32	2	5000001	1805059
6543	32	-1	366350	139222
6544	32	-1	1922190	729713
6545	32	1	583124	222993
6546	32	1	43896	17267
6547	32	-1	1721	664
6548	32	2	5000001	1730997
6549	32	1	1	0
6550	32	-1	40657	15400
6551	32	2	5000001	1690683
6552	32	1	901496	324457
6553	32	-1	359351	126853
6554	32	-1	1542178	587585
6555	32	-1	3266392	1085857
6556	32	2	5000001	1635703
6557	32	-1	1607116	592415
6558	32	1	17872	6610
6559	32	-1	4328612	1626059
6560	32	1	92190	31917
6561	32	2	5000001	2094023
6562	32	2	5000001	1763540
6563	32	1	844809	282439
6564	32	2	5000001	1753754
6565	32	2	5000001	1760696
6566	32	2	5000001	1866075
6567	32	1	41	25
6568	32	2	5000001	1929848
6569	32	1	125851	38890
6570	32	-1	4971377	1943132
6571	32	1	2061348	928473
6572	32	1	127003	46585
6573	32	1	7665	10033
6574	32	2	5000001	1771232
6575	32	1	1925868	737520
6576	32	2	5000001	1858045
6577	32	-1	2198943	837702
6578	32	2	5000001	2062662
6579	32	2	5000001	1976574
6580	32	2	5000001	1648004
6581	32	-1	3	2
6582	32	2	5000001	1736477
6583	32	-1	57664	22902
6584	32	2	5000001	1742805
6585	32	2	5000001	1764330
6586	32	-1	106366	37766
6587	32	2	5000001	2059531
6588	32	2	5000001	1763181
6589	32	1	4059735	1512093
6590	32	-1	3111020	1199757
6591	32	1	26458	9677
6592	32	1	1966887	772959
6593	32	-1	3294660	1298277
6594	32	2	5000001	1792799
6595	32	-1	22128	9179
6596	32	1	85315	32465
6597	32	2	5000001	1791867
6598	32	2	5000001	1946797
6599	32	-1	21028	7868
6600	32	1	61419	23538
6601	32	2	5000001	1874970
6602	32	-1	1381113	533176
6603	32	-1	1069708	518838
6604	32	-1	1512807	555203
6605	32	2	5000001	1684814
6606	32	1	50672	16289
6607	32	-1	481962	186527
6608	32	1	2595859	1019162
6609	32	-1	99462	36565
6610	32	-1	274250	94774
6611	32	1	110	60
6612	32	-1	2031	800
6613	32	2	5000001	1990731
6614	32	1	321606	121182
6615	32	2	5000001	1754576
6616	32	2	5000001	1966437
6617	32	-1	1175803	483089
6618	32	1	20	11
6619	32	2	5000001	2005525
6620	32	-1	52470	22406
6621	32	-1	1987225	696412
6622	32	2	5000001	1765237
6623	32	-1	4183056	1608508
6624	32	2	5000001	2075295
6625	32	1	60817	24525
6626	32	2	5000001	1818753
6627	32	1	15219	7854
6628	32	2	5000001	1865123
6629	32	1	29664	11731
6630	32	-1	4514820	1763540
6631	32	-1	2849042	1021388
6632	32	-1	1331044	494721
6633	32	2	5000001	1756759
6634	32	2	5000001	1741578
6635	32	1	192798	72178
6636	32	1	898559	315963
6637	32	2	5000001	1740390
6638	32	1	23939	10889
6639	32	-1	347816	160391
6640	32	-1	4793927	1794001
6641	32	-1	219056	83055
6642	32	2	5000001	2092191
6643	32	2	5000001	1853286
6644	32	1	110763	40301
6645	32	1	367123	154511
6646	32	1	27892	21300
6647	32	1	1844970	701807
6648	32	-1	3	2
6649	32	2	5000001	2030221
6650	32	-1	66668	25537
6651	32	-1	11333	4599
6652	32	2	5000001	1876556
6653	32	1	357040	122900
6654	32	2	5000001	1858959
6655	32	-1	236449	78045
6656	32	1	733158	250968
6657	32	2	5000001	1866889
6658	32	1	9364	3483
6659	32	1	1348535	470059
6660	32	2	5000001	1949994
6661	32	2	5000001	2009105
6662	32	2	5000001	1849709
6663	32	1	3816726	1373711
6664	32	1	237784	88463
6665	32	-1	23549	8958
6666	32	2	5000001	1751831
6667	32	1	13293	5516
6668	32	1	1910938	838167
6669	32	-1	3882528	1507286
6670	32	-1	4683742	1555000
6671	32	-1	2346518	848520
6672	32	2	5000001	1698837
6673	32	-1	4164104	1423697
6674	32	1	1366815	510515
6675	32	1	2595656	966626
6676	32	-1	495	249
6677	32	2	5000001	1635532
6678	32	2	5000001	1964134
6679	32	-1	1264714	463713
6680	32	1	43793	30765
6681	32	1	341172	118883
6682	32	-1	5	3
6683	32	1	123799	48997
6684	32	2	5000001	1900055
6685	32	2	5000001	1827969
6686	32	2	5000001	1752148
6687	32	2	5000001	1665177
6688	32	-1	7	5
6689	32	-1	29321	10469
6690	32	-1	3579435	1280449
6691	32	2	5000001	2154085
6692	32	2	5000001	1771482
6693	32	1	2447	1216
6694	32	1	302962	83577
6695	32	-1	1021342	403279
6696	32	-1	45	23
6697	32	-1	2341373	875559
6698	32	-1	155330	52103
6699	32	1	24	13
6700	32	1	6	3
6701	32	-1	609770	240764
6702	32	2	5000001	2005547
6703	32	2	5000001	1813128
6704	32	2	5000001	2193507
6705	32	2	5000001	1951988
6706	32	2	5000001	1818662
6707	32	2	5000001	1827774
6708	32	2	5000001	1857231
6709	32	-1	3122426	1489752
6710	32	2	5000001	1778432
6711	32	-1	69240	56803
6712	32	2	5000001	1895154
6713	32	1	99	47
6714	32	1	1210649	450573
6715	32	2	5000001	1856232
6716	32	2	5000001	1779038
6717	32	1	2220639	943236
6718	32	-1	4947426	1822968
6719	32	1	1521	746
6720	32	-1	1465782	526894
6721	32	2	5000001	1906011
6722	32	1	530734	191733
6723	32	1	209554	73741
6724	32	2	5000001	1776319
6725	32	1	374772	140750
6726	32	1	3722499	1331116
6727	32	1	5436	2179
6728	32	1	174359	59769
6729	32	-1	3600740	1229337
6730	32	2	5000001	1931594
6731	32	2	5000001	1741179
6732	32	-1	2969329	823165
6733	32	2	5000001	1226720
6734	32	2	5000001	1421659
6735	32	2	5000001	2132421
6736	32	2	5000001	1791342
6737	32	2	5000001	1782522
6738	32	2	5000001	1850687
6739	32	1	14318	5365
6740	32	-1	2911911	1068302
6741	32	1	16	11
6742	32	2	5000001	1826094
6743	32	1	86880	32460
6744	32	2	5000001	2075988
6745	32	1	6	5
6746	32	2	5000001	1775439
6747	32	-1	248	142
6748	32	2	5000001	1640237
6749	32	-1	755320	273877
6750	32	2	5000001	1739605
6751	32	2	5000001	1956951
6752	32	-1	1882920	712476
6753	32	2	5000001	1789593
6754	32	-1	1922190	706629
6755	32	1	2162039	964489
6756	32	2	5000001	1782336
6757	32	-1	250330	89411
6758	32	2	5000001	1864412
6759	32	2	5000001	1628005
6760	32	-1	86270	29646
6761	32	1	1417248	479639
6762	32	-1	539624	213527
6763	32	1	202510	82766
6764	32	2	5000001	1649545
6765	32	2	5000001	1622017
6766	32	1	64590	22096
6767	32	2	5000001	1715239
6768	32	-1	30384	9747
6769	32	-1	231909	115697
6770	32	1	1787470	653218
