index	P	result	nodes	us
0	9	1	1	0
1	9	0	4	3
2	9	1	1	0
3	9	0	4	0
4	9	1	1	0
5	9	1	1	0
6	9	1	1	0
7	10	1	1	0
8	10	0	5	0
9	10	1	1	0
10	10	0	4	0
11	10	0	4	0
12	10	1	1	0
13	10	0	4	0
14	10	1	1	0
15	10	1	1	0
16	10	1	1	0
17	10	0	4	0
18	10	0	4	0
19	10	1	1	0
20	10	1	1	0
21	10	0	4	0
22	10	1	1	0
23	10	0	6	2
24	10	1	1	0
25	10	1	1	0
26	10	0	4	0
27	10	1	1	0
28	10	1	1	0
29	10	-1	3	0
30	10	1	1	0
31	10	1	1	0
32	10	0	4	0
33	10	-1	3	0
34	10	1	1	0
35	10	0	5	0
36	10	1	1	0
37	10	0	4	0
38	10	0	4	0
39	10	0	4	0
40	10	1	1	0
41	10	1	1	0
42	10	0	4	0
43	10	1	1	0
44	10	0	4	0
45	10	1	1	0
46	10	0	4	0
47	10	1	1	0
48	10	1	1	0
49	10	0	4	0
50	10	1	1	0
51	10	0	4	0
52	10	1	1	0
53	10	1	1	0
54	10	1	1	0
55	10	1	1	0
56	10	1	1	0
57	10	0	4	0
58	10	1	1	0
59	10	0	4	0
60	10	1	1	0
61	10	1	1	0
62	10	0	4	0
63	10	0	4	0
64	10	1	1	0
65	10	1	1	0
66	10	0	4	0
67	10	0	4	0
68	10	1	1	0
69	10	0	4	0
70	10	1	1	0
71	10	1	1	0
72	10	1	1	0
73	10	0	4	0
74	10	0	4	0
75	10	-1	3	0
76	10	0	4	0
77	10	1	1	0
78	10	0	4	0
79	10	1	1	0
80	10	1	1	0
81	10	1	1	0
82	10	1	1	0
83	10	1	1	0
84	10	1	1	0
85	10	0	4	0
86	10	1	1	0
87	10	1	1	0
88	10	0	4	0
89	10	1	1	0
90	10	1	1	0
91	10	0	4	0
92	10	1	1	0
93	10	0	4	0
94	10	1	1	0
95	10	1	1	0
96	10	1	1	0
97	10	1	1	0
98	10	1	1	0
99	10	1	1	0
100	10	1	1	0
101	10	1	1	0
102	10	1	1	0
103	10	1	1	0
104	10	1	1	0
105	10	1	1	0
106	10	-1	3	0
107	10	1	1	0
108	10	1	1	0
109	10	1	1	0
110	10	1	1	0
111	10	1	1	0
112	10	1	1	0
113	10	1	1	0
114	10	1	1	0
115	10	1	1	0
116	10	1	1	0
117	10	0	4	0
118	10	1	1	0
119	10	1	1	0
120	10	1	1	0
121	10	1	1	0
122	10	0	4	0
123	10	1	1	0
124	10	0	4	0
125	10	1	1	0
126	10	0	6	0
127	10	0	4	0
128	10	0	4	0
129	10	1	1	0
130	10	0	4	0
131	10	1	1	0
132	10	1	1	0
133	10	1	1	0
134	10	1	1	0
135	10	0	5	0
136	10	1	1	0
137	10	1	1	0
138	10	1	1	0
139	10	1	1	0
140	10	1	1	0
141	10	1	1	0
142	10	1	1	0
143	10	1	1	0
144	10	0	4	0
145	10	1	1	0
146	10	1	1	0
147	10	1	1	0
148	10	1	1	0
149	10	1	1	0
150	10	0	4	0
151	10	0	4	0
152	10	0	4	0
153	10	1	1	0
154	10	1	1	0
155	10	1	1	0
156	10	1	1	0
157	10	0	4	0
158	10	0	4	0
159	10	0	4	0
160	10	0	5	0
161	10	1	1	0
162	10	1	1	0
163	10	0	4	0
164	10	0	4	0
165	10	1	1	0
166	10	1	1	0
167	10	-1	3	0
168	10	0	4	0
169	10	1	1	0
170	10	0	4	0
171	11	1	1	0
172	11	1	1	0
173	11	1	1	0
174	11	0	4	0
175	11	1	1	0
176	11	1	1	0
177	11	-1	3	0
178	11	1	1	0
179	11	1	1	0
180	11	-1	3	0
181	11	1	1	0
182	11	1	1	0
183	11	1	1	0
184	11	1	1	0
185	11	1	1	0
186	11	-1	3	0
187	11	0	4	0
188	11	1	1	0
189	11	0	6	0
190	11	1	1	0
191	11	0	6	0
192	11	1	1	0
193	11	0	4	0
194	11	1	1	0
195	11	1	1	0
196	11	-1	3	0
197	11	1	1	0
198	11	1	1	0
199	11	1	1	0
200	11	1	1	0
201	11	-1	3	0
202	11	-1	3	0
203	11	1	1	0
204	11	-1	3	0
205	11	1	1	0
206	11	1	1	0
207	11	-1	4	0
208	11	1	1	0
209	11	1	1	0
210	11	1	1	0
211	11	1	1	0
212	11	1	1	0
213	11	1	1	0
214	11	0	4	0
215	11	1	1	0
216	11	0	6	0
217	11	1	1	0
218	11	1	1	0
219	11	1	1	0
220	11	1	1	0
221	11	0	4	0
222	11	0	4	0
223	11	0	6	0
224	11	1	1	0
225	11	1	1	0
226	11	-1	3	0
227	11	1	1	0
228	11	0	4	0
229	11	-1	3	0
230	11	1	1	0
231	11	0	7	0
232	11	0	4	0
233	11	1	1	0
234	11	1	1	0
235	11	1	1	0
236	11	0	4	0
237	11	1	1	0
238	11	1	1	0
239	11	1	1	0
240	11	1	1	0
241	11	1	1	0
242	11	1	1	0
243	11	0	4	0
244	11	1	1	0
245	11	0	4	0
246	11	0	8	0
247	11	1	1	0
248	11	1	1	0
249	11	1	1	0
250	11	1	1	0
251	11	-1	4	0
252	11	1	1	0
253	11	1	1	0
254	11	1	1	0
255	11	0	7	0
256	11	1	1	0
257	11	1	1	0
258	11	1	1	0
259	11	1	1	0
260	11	1	1	0
261	11	1	1	0
262	11	1	1	0
263	11	1	1	0
264	11	1	1	0
265	11	-1	4	0
266	11	1	1	0
267	11	1	1	0
268	11	1	1	0
269	11	1	1	0
270	11	-1	3	0
271	11	1	1	0
272	11	1	1	0
273	11	1	1	0
274	11	1	1	0
275	11	1	1	0
276	11	1	1	0
277	11	-1	3	0
278	11	1	1	0
279	11	0	4	0
280	11	1	1	0
281	11	1	1	0
282	11	1	1	0
283	11	1	1	0
284	11	0	4	0
285	11	1	1	0
286	11	1	1	0
287	11	0	11	0
288	11	1	1	0
289	11	1	1	0
290	11	1	1	0
291	11	1	1	0
292	11	1	1	0
293	11	1	1	0
294	11	1	1	0
295	11	-1	3	0
296	11	1	1	0
297	11	0	4	0
298	11	1	1	0
299	11	0	4	0
300	11	0	4	0
301	11	0	6	0
302	11	1	1	0
303	11	0	4	0
304	11	0	6	0
305	11	1	1	0
306	11	0	4	0
307	11	1	1	0
308	11	1	1	0
309	11	1	1	0
310	11	1	1	0
311	11	1	1	0
312	11	1	1	0
313	11	1	1	0
314	11	1	1	0
315	11	1	1	0
316	11	1	1	0
317	11	1	1	0
318	11	0	6	0
319	11	1	1	0
320	11	1	1	0
321	11	0	6	0
322	11	1	1	0
323	11	0	4	0
324	11	1	1	0
325	11	1	1	0
326	11	-1	3	0
327	11	1	1	0
328	11	0	4	0
329	11	0	6	0
330	11	0	4	0
331	11	1	1	0
332	11	1	1	0
333	11	0	4	0
334	11	1	1	0
335	11	1	1	0
336	11	1	1	0
337	11	1	1	0
338	11	-1	7	1
339	11	1	1	0
340	11	-1	6	0
341	11	0	4	0
342	11	1	1	0
343	11	1	1	0
344	11	1	1	0
345	11	0	9	0
346	11	1	1	0
347	11	1	1	0
348	11	-1	3	0
349	11	1	1	0
350	11	1	1	0
351	11	1	1	0
352	11	1	1	0
353	11	0	4	0
354	11	1	1	0
355	11	1	1	0
356	11	1	1	0
357	11	0	6	0
358	11	1	1	0
359	11	1	1	0
360	11	1	1	0
361	11	1	1	0
362	11	1	1	0
363	11	1	1	0
364	11	1	1	0
365	11	1	1	0
366	11	1	1	0
367	11	1	1	0
368	11	1	1	0
369	11	0	4	0
370	11	1	1	0
371	11	1	1	0
372	11	-1	4	0
373	11	1	1	0
374	11	-1	3	0
375	11	1	1	0
376	11	1	1	0
377	11	1	1	0
378	11	1	1	0
379	11	1	1	0
380	11	1	1	0
381	11	1	1	0
382	11	1	1	0
383	11	1	1	0
384	11	1	1	0
385	11	0	8	1
386	11	1	1	0
387	11	1	1	0
388	11	-1	3	0
389	11	0	4	0
390	11	1	1	0
391	11	0	4	0
392	11	-1	3	0
393	11	0	6	0
394	11	1	1	0
395	11	1	1	0
396	11	0	4	0
397	11	1	1	0
398	11	1	1	0
399	11	1	1	0
400	11	1	1	0
401	11	1	1	0
402	11	1	1	0
403	11	1	1	0
404	11	1	1	0
405	11	1	1	0
406	11	1	1	0
407	11	-1	4	0
408	11	0	4	0
409	11	1	1	0
410	11	1	1	0
411	11	1	1	0
412	11	1	1	0
413	11	0	4	0
414	11	1	1	0
415	11	0	4	0
416	11	1	1	0
417	11	0	4	0
418	11	0	4	0
419	11	1	1	0
420	11	1	1	0
421	11	1	1	0
422	11	-1	3	0
423	11	1	1	0
424	11	0	4	0
425	11	0	4	0
426	11	1	1	0
427	11	1	1	0
428	11	1	1	0
429	11	-1	3	0
430	11	1	1	0
431	11	1	1	0
432	11	1	1	0
433	11	0	4	0
434	11	0	4	0
435	11	1	1	0
436	11	0	11	0
437	11	1	1	0
438	11	1	1	0
439	11	0	4	0
440	11	0	4	0
441	11	1	1	0
442	11	1	1	0
443	11	1	1	0
444	11	1	1	0
445	11	1	1	0
446	11	0	6	0
447	11	1	1	0
448	11	1	1	0
449	11	1	1	0
450	11	1	1	0
451	11	0	5	0
452	11	-1	3	0
453	11	1	1	0
454	11	1	1	0
455	11	1	1	0
456	11	1	1	0
457	11	1	1	0
458	11	1	1	0
459	11	1	1	0
460	11	1	1	0
461	11	1	1	0
462	11	1	1	0
463	11	1	1	0
464	11	1	1	0
465	11	-1	3	0
466	11	1	1	0
467	11	-1	3	0
468	11	1	1	0
469	11	1	1	0
470	11	1	1	0
471	12	1	1	0
472	12	1	1	0
473	12	1	1	0
474	12	1	1	0
475	12	1	1	0
476	12	1	3	0
477	12	1	1	0
478	12	1	1	0
479	12	1	1	0
480	12	-1	3	0
481	12	1	1	0
482	12	1	1	0
483	12	1	1	0
484	12	1	1	0
485	12	1	1	0
486	12	0	6	0
487	12	1	1	0
488	12	1	1	0
489	12	1	1	0
490	12	1	1	0
491	12	1	1	0
492	12	1	1	0
493	12	1	1	0
494	12	1	1	0
495	12	1	1	0
496	12	-1	3	0
497	12	1	1	0
498	12	1	1	0
499	12	1	1	0
500	12	1	1	0
501	12	1	1	0
502	12	-1	3	0
503	12	1	1	0
504	12	0	4	0
505	12	1	1	0
506	12	1	1	0
507	12	-1	3	0
508	12	1	1	0
509	12	1	1	0
510	12	1	1	0
511	12	1	1	0
512	12	1	1	0
513	12	-1	4	0
514	12	1	1	0
515	12	-1	3	0
516	12	0	6	0
517	12	-1	4	0
518	12	0	6	0
519	12	1	1	0
520	12	-1	3	0
521	12	-1	3	0
522	12	1	1	0
523	12	1	1	0
524	12	0	4	0
525	12	1	1	0
526	12	1	1	0
527	12	1	1	0
528	12	1	6	2
529	12	0	4	0
530	12	1	1	0
531	12	1	1	0
532	12	1	1	0
533	12	-1	3	0
534	12	1	1	0
535	12	-1	3	0
536	12	1	1	0
537	12	1	1	0
538	12	-1	12	2
539	12	1	1	0
540	12	1	1	0
541	12	1	1	0
542	12	1	1	0
543	12	1	1	0
544	12	0	9	0
545	12	1	1	0
546	12	1	4	0
547	12	1	1	0
548	12	1	1	0
549	12	1	1	0
550	12	1	1	0
551	12	1	1	0
552	12	-1	4	0
553	12	1	1	0
554	12	1	1	0
555	12	-1	3	0
556	12	1	4	0
557	12	1	1	0
558	12	1	1	0
559	12	1	1	0
560	12	-1	3	0
561	12	-1	3	0
562	12	1	1	0
563	12	1	1	0
564	12	1	1	0
565	12	-1	3	0
566	12	0	4	0
567	12	0	4	0
568	12	1	1	0
569	12	1	1	0
570	12	1	1	0
571	12	-1	6	1
572	12	1	1	0
573	12	-1	12	2
574	12	0	4	0
575	12	-1	3	0
576	12	1	1	0
577	12	0	4	0
578	12	1	1	0
579	12	1	1	0
580	12	-1	4	0
581	12	-1	3	0
582	12	1	1	0
583	12	-1	3	0
584	12	1	1	0
585	12	1	1	0
586	12	1	1	0
587	12	-1	3	0
588	12	1	1	0
589	12	1	1	0
590	12	1	1	0
591	12	1	1	0
592	12	1	4	0
593	12	-1	3	0
594	12	-1	3	0
595	12	1	1	0
596	12	1	1	0
597	12	-1	3	0
598	12	1	1	0
599	12	1	1	0
600	12	1	1	0
601	12	1	1	0
602	12	1	1	0
603	12	0	4	0
604	12	1	1	0
605	12	1	1	0
606	12	1	1	0
607	12	1	1	0
608	12	1	1	0
609	12	-1	3	0
610	12	1	1	0
611	12	-1	4	0
612	12	1	1	0
613	12	1	1	0
614	12	-1	3	0
615	12	1	1	0
616	12	-1	3	0
617	12	0	4	0
618	12	1	1	0
619	12	-1	12	2
620	12	1	1	0
621	12	1	1	0
622	12	1	1	0
623	12	1	1	0
624	12	1	1	0
625	12	1	1	0
626	12	1	3	0
627	12	1	1	0
628	12	0	6	0
629	12	1	1	0
630	12	1	1	0
631	12	1	1	0
632	12	-1	3	0
633	12	1	1	0
634	12	1	3	0
635	12	1	1	0
636	12	1	1	0
637	12	1	1	0
638	12	1	1	0
639	12	1	1	0
640	12	-1	3	0
641	12	1	1	0
642	12	1	1	0
643	12	1	1	0
644	12	1	1	0
645	12	1	1	0
646	12	1	1	0
647	12	1	1	0
648	12	1	5	0
649	12	-1	3	0
650	12	1	1	0
651	12	1	1	0
652	12	1	1	0
653	12	1	1	0
654	12	1	1	0
655	12	-1	3	0
656	12	1	1	0
657	12	1	1	0
658	12	-1	4	0
659	12	1	1	0
660	12	-1	3	0
661	12	0	6	0
662	12	1	1	0
663	12	1	1	0
664	12	1	1	0
665	12	1	1	0
666	12	-1	3	0
667	12	0	4	0
668	12	1	1	0
669	12	-1	3	0
670	12	1	1	0
671	12	1	1	0
672	12	1	1	0
673	12	1	1	0
674	12	-1	3	0
675	12	1	1	0
676	12	1	1	0
677	12	1	1	0
678	12	0	9	0
679	12	1	1	0
680	12	1	1	0
681	12	1	1	0
682	12	1	1	0
683	12	1	1	0
684	12	0	7	0
685	12	-1	11	2
686	12	-1	3	0
687	12	1	1	0
688	12	1	1	0
689	12	1	1	0
690	12	1	1	0
691	12	1	1	0
692	12	1	1	0
693	12	0	12	2
694	12	-1	3	0
695	12	1	1	0
696	12	0	8	0
697	12	1	1	0
698	12	1	1	0
699	12	1	1	0
700	12	1	1	0
701	12	-1	3	0
702	12	1	1	0
703	12	1	1	0
704	12	-1	3	0
705	12	-1	3	0
706	12	-1	3	0
707	12	1	1	0
708	12	-1	3	0
709	12	-1	3	0
710	12	-1	3	0
711	12	-1	3	0
712	12	-1	4	0
713	12	1	1	0
714	12	-1	3	0
715	12	1	1	0
716	12	1	1	0
717	12	0	5	0
718	12	-1	3	0
719	12	1	1	0
720	12	1	1	0
721	12	-1	5	0
722	12	1	1	0
723	12	1	1	0
724	12	1	1	0
725	12	1	1	0
726	12	1	1	0
727	12	1	1	0
728	12	-1	3	0
729	12	1	1	0
730	12	1	1	0
731	12	1	1	0
732	12	1	1	0
733	12	1	1	0
734	12	1	1	0
735	12	1	1	0
736	12	1	1	0
737	12	1	1	0
738	12	-1	3	0
739	12	0	8	0
740	12	1	1	0
741	12	1	1	0
742	12	-1	12	2
743	12	1	1	0
744	12	0	4	0
745	12	1	1	0
746	12	1	1	0
747	12	-1	3	0
748	12	1	1	0
749	12	1	1	0
750	12	-1	3	0
751	12	1	1	0
752	12	1	1	0
753	12	1	1	0
754	12	1	1	0
755	12	0	18	2
756	12	1	1	0
757	12	-1	3	0
758	12	1	1	0
759	12	1	1	0
760	12	1	1	0
761	12	1	1	0
762	12	1	1	0
763	12	0	4	0
764	12	1	1	0
765	12	1	1	0
766	12	-1	3	0
767	12	-1	3	0
768	12	1	1	0
769	12	1	1	0
770	12	1	1	0
771	13	-1	6	1
772	13	1	1	0
773	13	0	7	0
774	13	1	1	0
775	13	1	1	0
776	13	1	5	1
777	13	1	1	0
778	13	0	4	0
779	13	1	1	0
780	13	-1	3	0
781	13	1	1	0
782	13	1	1	0
783	13	1	5	1
784	13	1	1	0
785	13	-1	3	0
786	13	1	1	0
787	13	-1	4	0
788	13	-1	3	0
789	13	1	1	0
790	13	-1	3	0
791	13	1	1	0
792	13	1	1	0
793	13	1	1	0
794	13	1	1	0
795	13	1	1	0
796	13	-1	3	0
797	13	1	1	0
798	13	-1	3	0
799	13	1	1	0
800	13	1	1	0
801	13	1	1	0
802	13	1	1	0
803	13	1	1	0
804	13	-1	3	0
805	13	1	1	0
806	13	1	1	0
807	13	-1	3	0
808	13	-1	3	0
809	13	-1	3	0
810	13	-1	4	0
811	13	1	1	0
812	13	0	7	0
813	13	0	16	4
814	13	1	1	0
815	13	1	1	0
816	13	1	1	0
817	13	1	1	0
818	13	-1	4	0
819	13	1	5	1
820	13	0	8	0
821	13	-1	3	0
822	13	-1	3	0
823	13	1	1	0
824	13	1	1	0
825	13	-1	5	0
826	13	1	1	0
827	13	1	1	0
828	13	0	8	0
829	13	-1	12	8
830	13	1	1	0
831	13	0	4	0
832	13	1	1	0
833	13	0	11	0
834	13	-1	3	0
835	13	1	1	0
836	13	1	1	0
837	13	1	1	0
838	13	1	1	0
839	13	1	1	0
840	13	-1	3	0
841	13	1	1	0
842	13	1	1	0
843	13	1	1	0
844	13	-1	3	0
845	13	1	1	0
846	13	1	1	0
847	13	-1	3	0
848	13	-1	11	2
849	13	1	1	0
850	13	1	1	0
851	13	-1	4	0
852	13	1	1	0
853	13	-1	3	0
854	13	1	1	0
855	13	-1	4	0
856	13	-1	3	0
857	13	1	1	0
858	13	-1	4	0
859	13	-1	3	0
860	13	-1	3	0
861	13	-1	4	0
862	13	1	1	0
863	13	-1	11	3
864	13	1	1	0
865	13	1	1	0
866	13	1	1	0
867	13	1	1	0
868	13	1	1	0
869	13	0	8	0
870	13	1	1	0
871	13	1	1	0
872	13	-1	3	0
873	13	-1	12	2
874	13	-1	13	3
875	13	1	1	0
876	13	-1	3	0
877	13	-1	3	0
878	13	1	1	0
879	13	1	1	0
880	13	1	1	0
881	13	1	3	0
882	13	1	1	0
883	13	0	6	0
884	13	1	1	0
885	13	0	9	0
886	13	1	1	0
887	13	1	1	0
888	13	-1	11	2
889	13	1	1	0
890	13	1	1	0
891	13	1	1	0
892	13	1	7	1
893	13	1	1	0
894	13	0	9	1
895	13	1	1	0
896	13	1	1	0
897	13	1	1	0
898	13	1	1	0
899	13	-1	10	1
900	13	1	1	0
901	13	1	1	0
902	13	1	3	1
903	13	1	1	0
904	13	1	1	0
905	13	1	1	0
906	13	1	1	0
907	13	-1	3	0
908	13	1	1	0
909	13	-1	3	0
910	13	1	1	0
911	13	-1	4	0
912	13	1	1	0
913	13	-1	3	0
914	13	1	1	0
915	13	-1	12	1
916	13	-1	3	0
917	13	1	1	0
918	13	1	1	0
919	13	1	1	0
920	13	-1	6	1
921	13	1	1	0
922	13	1	1	0
923	13	1	1	0
924	13	-1	3	0
925	13	1	1	0
926	13	1	3	0
927	13	-1	12	2
928	13	1	1	0
929	13	1	1	0
930	13	-1	3	0
931	13	-1	3	0
932	13	1	5	1
933	13	1	4	0
934	13	1	1	0
935	13	-1	3	0
936	13	0	5	0
937	13	1	3	0
938	13	1	1	0
939	13	-1	3	0
940	13	-1	3	0
941	13	-1	4	0
942	13	1	1	0
943	13	1	1	0
944	13	-1	3	0
945	13	-1	4	1
946	13	1	3	0
947	13	1	1	0
948	13	-1	12	1
949	13	-1	3	0
950	13	-1	3	0
951	13	1	6	0
952	13	1	1	0
953	13	0	8	1
954	13	1	1	0
955	13	1	1	0
956	13	1	1	0
957	13	1	3	0
958	13	1	1	0
959	13	-1	4	0
960	13	-1	3	0
961	13	1	1	0
962	13	0	4	0
963	13	-1	6	1
964	13	-1	3	0
965	13	1	1	0
966	13	-1	3	0
967	13	-1	13	3
968	13	-1	3	0
969	13	1	1	0
970	13	1	1	0
971	13	1	1	0
972	13	1	1	0
973	13	1	1	0
974	13	-1	4	0
975	13	1	3	0
976	13	1	1	0
977	13	1	1	0
978	13	1	1	0
979	13	1	1	0
980	13	0	16	3
981	13	1	3	0
982	13	0	4	0
983	13	1	1	0
984	13	1	4	1
985	13	-1	4	0
986	13	-1	3	0
987	13	1	1	0
988	13	-1	3	0
989	13	1	1	0
990	13	1	1	0
991	13	-1	3	0
992	13	-1	3	0
993	13	1	1	0
994	13	1	1	0
995	13	1	4	0
996	13	1	1	0
997	13	-1	19	4
998	13	-1	3	0
999	13	1	1	0
1000	13	1	1	0
1001	13	1	1	0
1002	13	-1	4	0
1003	13	-1	3	0
1004	13	1	1	0
1005	13	1	1	0
1006	13	1	3	0
1007	13	1	1	0
1008	13	1	1	0
1009	13	-1	3	0
1010	13	1	1	0
1011	13	1	1	0
1012	13	1	1	0
1013	13	1	3	0
1014	13	1	1	0
1015	13	1	1	0
1016	13	-1	3	0
1017	13	-1	4	0
1018	13	1	3	0
1019	13	1	1	0
1020	13	1	1	0
1021	13	1	1	0
1022	13	0	7	0
1023	13	1	1	0
1024	13	-1	4	0
1025	13	-1	3	0
1026	13	1	1	0
1027	13	1	1	0
1028	13	-1	3	0
1029	13	1	1	3
1030	13	-1	3	2
1031	13	-1	4	1
1032	13	-1	3	0
1033	13	1	1	0
1034	13	1	1	0
1035	13	1	1	0
1036	13	1	1	0
1037	13	1	1	0
1038	13	1	1	0
1039	13	-1	3	0
1040	13	-1	3	0
1041	13	-1	3	0
1042	13	-1	3	0
1043	13	-1	5	1
1044	13	1	1	0
1045	13	1	1	0
1046	13	1	1	0
1047	13	1	1	0
1048	13	1	1	0
1049	13	-1	3	0
1050	13	1	5	4
1051	13	0	4	0
1052	13	-1	4	0
1053	13	1	1	0
1054	13	-1	3	0
1055	13	1	1	0
1056	13	1	1	0
1057	13	1	4	0
1058	13	1	1	0
1059	13	1	1	0
1060	13	-1	3	0
1061	13	1	1	0
1062	13	1	1	0
1063	13	1	3	1
1064	13	-1	13	3
1065	13	1	6	3
1066	13	1	1	0
1067	13	1	1	0
1068	13	1	1	0
1069	13	-1	3	0
1070	13	-1	3	0
1071	14	1	1	0
1072	14	-1	3	0
1073	14	1	1	0
1074	14	1	3	0
1075	14	-1	3	0
1076	14	1	6	1
1077	14	1	4	0
1078	14	1	4	0
1079	14	-1	3	0
1080	14	-1	8	1
1081	14	1	16	4
1082	14	1	1	0
1083	14	-1	14	3
1084	14	-1	4	0
1085	14	1	1	0
1086	14	-1	3	0
1087	14	1	1	0
1088	14	-1	3	0
1089	14	1	1	0
1090	14	1	1	0
1091	14	1	1	0
1092	14	-1	4	0
1093	14	1	4	1
1094	14	1	1	0
1095	14	1	3	0
1096	14	-1	4	0
1097	14	1	1	0
1098	14	1	1	0
1099	14	-1	6	1
1100	14	1	1	0
1101	14	-1	5	1
1102	14	1	1	0
1103	14	1	1	0
1104	14	1	1	0
1105	14	-1	4	0
1106	14	0	6	0
1107	14	1	3	0
1108	14	1	1	0
1109	14	1	3	0
1110	14	-1	3	0
1111	14	1	1	0
1112	14	-1	11	2
1113	14	-1	14	3
1114	14	1	4	1
1115	14	1	1	0
1116	14	0	10	1
1117	14	1	13	3
1118	14	-1	3	0
1119	14	1	1	0
1120	14	1	1	0
1121	14	-1	3	0
1122	14	-1	11	2
1123	14	-1	17	4
1124	14	1	1	0
1125	14	-1	3	0
1126	14	-1	5	0
1127	14	1	16	3
1128	14	-1	12	3
1129	14	1	1	0
1130	14	0	9	1
1131	14	1	1	0
1132	14	-1	3	0
1133	14	1	1	0
1134	14	1	4	0
1135	14	1	1	0
1136	14	1	1	0
1137	14	-1	7	1
1138	14	-1	4	0
1139	14	-1	4	0
1140	14	-1	4	0
1141	14	-1	4	0
1142	14	1	1	0
1143	14	1	1	0
1144	14	1	3	0
1145	14	1	1	0
1146	14	0	17	3
1147	14	1	1	0
1148	14	-1	3	0
1149	14	-1	4	0
1150	14	1	1	0
1151	14	-1	11	1
1152	14	1	1	0
1153	14	1	1	0
1154	14	0	6	0
1155	14	1	1	0
1156	14	1	1	0
1157	14	-1	11	2
1158	14	1	4	0
1159	14	1	1	0
1160	14	1	3	0
1161	14	1	1	0
1162	14	1	3	0
1163	14	1	1	0
1164	14	-1	3	0
1165	14	1	1	0
1166	14	-1	4	1
1167	14	-1	3	0
1168	14	1	1	0
1169	14	1	1	0
1170	14	1	1	0
1171	14	1	1	0
1172	14	0	17	3
1173	14	1	1	0
1174	14	1	3	0
1175	14	-1	3	0
1176	14	1	1	0
1177	14	0	4	0
1178	14	1	1	0
1179	14	1	1	0
1180	14	1	1	0
1181	14	1	1	0
1182	14	1	1	0
1183	14	-1	4	0
1184	14	1	5	1
1185	14	1	1	0
1186	14	-1	3	0
1187	14	-1	4	0
1188	14	-1	4	0
1189	14	-1	4	0
1190	14	1	1	0
1191	14	1	1	0
1192	14	-1	4	0
1193	14	1	1	0
1194	14	1	3	0
1195	14	-1	3	0
1196	14	-1	17	4
1197	14	1	1	0
1198	14	1	1	0
1199	14	-1	3	0
1200	14	-1	3	0
1201	14	1	1	0
1202	14	-1	3	0
1203	14	-1	3	0
1204	14	0	21	5
1205	14	1	5	1
1206	14	-1	3	0
1207	14	-1	3	0
1208	14	1	1	0
1209	14	1	1	0
1210	14	1	3	0
1211	14	1	1	0
1212	14	1	16	3
1213	14	-1	10	1
1214	14	-1	3	0
1215	14	-1	5	1
1216	14	1	1	0
1217	14	1	1	0
1218	14	1	1	0
1219	14	-1	8	1
1220	14	0	15	3
1221	14	-1	3	0
1222	14	-1	8	1
1223	14	1	18	4
1224	14	1	1	0
1225	14	0	30	7
1226	14	0	9	0
1227	14	1	1	0
1228	14	1	1	0
1229	14	1	1	0
1230	14	1	1	0
1231	14	-1	3	0
1232	14	1	7	1
1233	14	1	1	0
1234	14	-1	4	0
1235	14	-1	3	0
1236	14	-1	3	0
1237	14	1	1	0
1238	14	-1	10	1
1239	14	1	1	0
1240	14	1	3	0
1241	14	1	4	0
1242	14	1	3	0
1243	14	-1	13	2
1244	14	1	1	0
1245	14	-1	18	4
1246	14	1	8	1
1247	14	1	1	0
1248	14	1	1	0
1249	14	-1	3	0
1250	14	1	1	0
1251	14	1	3	0
1252	14	-1	4	0
1253	14	1	1	0
1254	14	1	1	0
1255	14	-1	17	3
1256	14	1	1	0
1257	14	-1	3	0
1258	14	-1	7	1
1259	14	-1	3	0
1260	14	1	1	0
1261	14	-1	3	0
1262	14	1	1	0
1263	14	-1	4	0
1264	14	1	1	0
1265	14	-1	3	0
1266	14	-1	17	3
1267	14	0	4	0
1268	14	1	4	0
1269	14	-1	3	0
1270	14	-1	3	0
1271	14	1	1	0
1272	14	0	7	1
1273	14	-1	3	0
1274	14	1	1	0
1275	14	1	5	1
1276	14	-1	4	0
1277	14	1	3	0
1278	14	-1	4	0
1279	14	-1	13	2
1280	14	1	1	0
1281	14	1	1	0
1282	14	0	6	0
1283	14	1	4	0
1284	14	-1	3	0
1285	14	1	3	0
1286	14	1	1	0
1287	14	0	6	0
1288	14	-1	14	3
1289	14	0	33	6
1290	14	-1	4	0
1291	14	-1	3	0
1292	14	-1	4	0
1293	14	-1	3	0
1294	14	1	1	0
1295	14	1	1	0
1296	14	-1	3	0
1297	14	1	5	1
1298	14	1	1	0
1299	14	1	1	0
1300	14	1	17	4
1301	14	-1	12	3
1302	14	1	1	0
1303	14	-1	3	0
1304	14	-1	3	0
1305	14	-1	4	0
1306	14	-1	11	2
1307	14	-1	10	2
1308	14	-1	5	0
1309	14	-1	4	0
1310	14	1	1	0
1311	14	1	12	2
1312	14	-1	3	0
1313	14	-1	3	0
1314	14	1	1	0
1315	14	1	1	0
1316	14	1	4	0
1317	14	1	1	0
1318	14	-1	3	0
1319	14	1	1	0
1320	14	-1	3	0
1321	14	1	3	0
1322	14	1	1	0
1323	14	-1	11	2
1324	14	0	20	2
1325	14	1	1	0
1326	14	1	1	0
1327	14	1	5	1
1328	14	1	3	0
1329	14	1	1	0
1330	14	1	1	0
1331	14	1	4	0
1332	14	1	1	0
1333	14	1	3	1
1334	14	1	1	0
1335	14	-1	11	2
1336	14	1	3	0
1337	14	1	8	1
1338	14	1	1	0
1339	14	1	1	0
1340	14	-1	3	0
1341	14	1	3	0
1342	14	1	1	0
1343	14	-1	3	0
1344	14	-1	3	0
1345	14	1	1	0
1346	14	1	1	0
1347	14	1	9	2
1348	14	-1	14	3
1349	14	1	1	0
1350	14	1	3	0
1351	14	-1	3	0
1352	14	1	5	0
1353	14	-1	5	1
1354	14	0	19	3
1355	14	1	1	0
1356	14	1	1	0
1357	14	1	1	0
1358	14	1	1	0
1359	14	1	1	0
1360	14	1	3	0
1361	14	-1	13	2
1362	14	-1	18	3
1363	14	-1	12	2
1364	14	0	29	5
1365	14	-1	14	3
1366	14	-1	3	0
1367	14	-1	4	0
1368	14	1	1	0
1369	14	1	1	0
1370	14	1	1	0
1371	15	-1	3	0
1372	15	1	1	0
1373	15	1	1	0
1374	15	-1	3	0
1375	15	-1	11	2
1376	15	-1	14	3
1377	15	-1	4	0
1378	15	1	10	1
1379	15	1	1	0
1380	15	-1	8	1
1381	15	1	1	0
1382	15	1	51	10
1383	15	1	9	1
1384	15	0	43	8
1385	15	1	1	0
1386	15	1	15	3
1387	15	-1	3	0
1388	15	0	7	0
1389	15	1	1	0
1390	15	-1	3	0
1391	15	-1	5	0
1392	15	1	1	0
1393	15	1	23	6
1394	15	-1	28	6
1395	15	-1	3	0
1396	15	-1	16	3
1397	15	-1	5	1
1398	15	-1	4	0
1399	15	-1	3	0
1400	15	-1	10	1
1401	15	1	3	0
1402	15	-1	3	0
1403	15	1	4	0
1404	15	-1	27	5
1405	15	0	22	4
1406	15	-1	12	2
1407	15	1	1	0
1408	15	-1	11	2
1409	15	1	1	0
1410	15	-1	27	6
1411	15	1	1	0
1412	15	-1	18	4
1413	15	1	5	1
1414	15	1	1	0
1415	15	1	1	0
1416	15	-1	4	0
1417	15	1	1	0
1418	15	1	14	2
1419	15	1	1	0
1420	15	0	24	3
1421	15	-1	3	0
1422	15	-1	3	0
1423	15	1	1	0
1424	15	-1	15	3
1425	15	-1	3	0
1426	15	1	3	0
1427	15	1	1	0
1428	15	-1	3	0
1429	15	1	1	0
1430	15	-1	3	0
1431	15	-1	16	3
1432	15	-1	6	1
1433	15	-1	10	1
1434	15	-1	11	1
1435	15	1	18	3
1436	15	-1	6	1
1437	15	-1	10	2
1438	15	1	1	0
1439	15	1	1	0
1440	15	1	1	0
1441	15	-1	16	3
1442	15	1	1	0
1443	15	1	6	1
1444	15	0	7	0
1445	15	1	6	1
1446	15	-1	3	0
1447	15	-1	3	0
1448	15	-1	3	0
1449	15	1	1	0
1450	15	-1	5	0
1451	15	-1	11	2
1452	15	-1	12	2
1453	15	-1	5	0
1454	15	-1	13	2
1455	15	-1	35	7
1456	15	-1	11	2
1457	15	1	1	0
1458	15	-1	12	2
1459	15	1	3	0
1460	15	1	1	0
1461	15	-1	19	3
1462	15	1	3	0
1463	15	-1	28	6
1464	15	1	1	0
1465	15	1	1	0
1466	15	-1	9	1
1467	15	-1	3	0
1468	15	1	1	0
1469	15	-1	11	2
1470	15	-1	5	1
1471	15	-1	3	0
1472	15	1	1	0
1473	15	-1	5	0
1474	15	-1	3	0
1475	15	1	5	0
1476	15	-1	13	3
1477	15	1	1	0
1478	15	-1	9	1
1479	15	1	1	0
1480	15	-1	12	2
1481	15	-1	26	6
1482	15	1	14	3
1483	15	1	1	0
1484	15	1	3	0
1485	15	1	1	0
1486	15	1	1	0
1487	15	1	1	0
1488	15	1	3	0
1489	15	-1	3	0
1490	15	-1	5	0
1491	15	-1	12	2
1492	15	-1	3	0
1493	15	1	6	1
1494	15	1	1	0
1495	15	1	1	0
1496	15	-1	5	1
1497	15	1	22	6
1498	15	-1	17	3
1499	15	0	13	1
1500	15	-1	7	1
1501	15	1	3	0
1502	15	1	1	0
1503	15	1	1	0
1504	15	1	3	0
1505	15	-1	31	6
1506	15	-1	4	0
1507	15	-1	5	1
1508	15	1	4	1
1509	15	1	1	0
1510	15	-1	4	0
1511	15	-1	11	1
1512	15	-1	11	1
1513	15	1	1	0
1514	15	1	1	0
1515	15	1	17	3
1516	15	1	1	0
1517	15	1	1	0
1518	15	1	1	0
1519	15	-1	3	0
1520	15	-1	15	3
1521	15	1	1	0
1522	15	1	1	0
1523	15	-1	3	0
1524	15	1	6	1
1525	15	-1	3	0
1526	15	-1	14	4
1527	15	1	4	1
1528	15	1	22	5
1529	15	1	1	0
1530	15	-1	4	0
1531	15	-1	11	1
1532	15	-1	13	2
1533	15	-1	4	1
1534	15	0	20	3
1535	15	1	1	0
1536	15	-1	5	0
1537	15	-1	3	0
1538	15	1	1	0
1539	15	1	22	4
1540	15	1	26	5
1541	15	-1	11	2
1542	15	1	1	0
1543	15	-1	3	0
1544	15	-1	4	0
1545	15	-1	12	2
1546	15	-1	11	2
1547	15	1	18	4
1548	15	1	1	0
1549	15	1	1	0
1550	15	1	16	4
1551	15	1	1	0
1552	15	-1	15	3
1553	15	-1	3	0
1554	15	1	3	0
1555	15	1	3	0
1556	15	0	21	4
1557	15	-1	12	2
1558	15	-1	11	2
1559	15	-1	11	2
1560	15	1	30	6
1561	15	1	3	0
1562	15	1	4	1
1563	15	1	4	0
1564	15	1	1	0
1565	15	0	20	4
1566	15	-1	11	2
1567	15	-1	4	0
1568	15	0	15	3
1569	15	-1	5	0
1570	15	-1	4	0
1571	15	1	1	0
1572	15	1	1	0
1573	15	1	1	0
1574	15	1	1	0
1575	15	1	6	1
1576	15	1	3	0
1577	15	1	3	0
1578	15	0	15	2
1579	15	1	1	0
1580	15	1	4	1
1581	15	1	1	0
1582	15	1	3	0
1583	15	1	3	0
1584	15	1	1	0
1585	15	1	1	0
1586	15	-1	3	0
1587	15	1	15	3
1588	15	-1	4	0
1589	15	1	1	0
1590	15	1	14	3
1591	15	1	3	0
1592	15	1	1	0
1593	15	1	1	0
1594	15	1	1	0
1595	15	-1	25	5
1596	15	0	15	2
1597	15	1	1	0
1598	15	1	1	0
1599	15	1	1	0
1600	15	-1	3	0
1601	15	1	1	0
1602	15	-1	6	1
1603	15	1	1	0
1604	15	0	20	3
1605	15	-1	15	3
1606	15	-1	5	0
1607	15	1	1	0
1608	15	-1	4	1
1609	15	1	1	0
1610	15	1	1	0
1611	15	1	3	0
1612	15	-1	14	3
1613	15	-1	5	0
1614	15	-1	3	0
1615	15	-1	11	2
1616	15	-1	14	4
1617	15	-1	4	0
1618	15	-1	12	3
1619	15	1	1	0
1620	15	1	1	0
1621	15	1	1	0
1622	15	1	1	0
1623	15	1	5	1
1624	15	-1	11	2
1625	15	-1	3	0
1626	15	1	3	0
1627	15	-1	4	0
1628	15	0	72	14
1629	15	-1	3	0
1630	15	1	1	0
1631	15	1	1	0
1632	15	1	22	6
1633	15	1	5	1
1634	15	-1	35	5
1635	15	-1	12	2
1636	15	1	10	1
1637	15	-1	7	1
1638	15	0	23	4
1639	15	1	1	0
1640	15	-1	3	0
1641	15	-1	29	7
1642	15	-1	21	4
1643	15	1	1	0
1644	15	-1	3	0
1645	15	-1	11	2
1646	15	-1	15	3
1647	15	1	1	0
1648	15	0	29	5
1649	15	0	44	9
1650	15	1	1	0
1651	15	-1	3	0
1652	15	1	1	0
1653	15	1	15	3
1654	15	-1	3	0
1655	15	0	23	5
1656	15	1	3	0
1657	15	1	1	0
1658	15	1	3	0
1659	15	1	1	0
1660	15	1	1	0
1661	15	1	1	0
1662	15	-1	16	4
1663	15	1	1	0
1664	15	-1	12	3
1665	15	1	1	0
1666	15	-1	3	0
1667	15	1	3	0
1668	15	-1	12	2
1669	15	1	1	0
1670	15	1	1	0
1671	16	1	3	1
1672	16	0	149	34
1673	16	1	1	0
1674	16	1	1	0
1675	16	1	3	1
1676	16	-1	4	0
1677	16	-1	17	4
1678	16	1	21	5
1679	16	1	19	5
1680	16	1	1	0
1681	16	-1	6	1
1682	16	1	4	1
1683	16	-1	4	0
1684	16	-1	3	0
1685	16	1	1	0
1686	16	1	16	4
1687	16	-1	4	0
1688	16	1	3	0
1689	16	-1	17	3
1690	16	1	3	1
1691	16	1	1	0
1692	16	-1	51	9
1693	16	1	1	0
1694	16	-1	3	0
1695	16	-1	3	0
1696	16	-1	14	3
1697	16	0	11	1
1698	16	-1	3	0
1699	16	-1	4	0
1700	16	1	6	1
1701	16	-1	10	2
1702	16	1	4	1
1703	16	-1	11	2
1704	16	-1	13	2
1705	16	0	22	4
1706	16	-1	13	2
1707	16	1	1	0
1708	16	0	56	12
1709	16	1	14	2
1710	16	-1	10	2
1711	16	1	30	7
1712	16	1	1	0
1713	16	1	5	1
1714	16	1	1	0
1715	16	-1	10	1
1716	16	-1	11	2
1717	16	-1	12	2
1718	16	1	11	2
1719	16	-1	13	2
1720	16	1	6	1
1721	16	1	1	0
1722	16	1	3	0
1723	16	-1	4	1
1724	16	1	5	1
1725	16	1	3	0
1726	16	-1	47	11
1727	16	1	7	1
1728	16	-1	3	0
1729	16	-1	3	0
1730	16	-1	41	7
1731	16	1	1	0
1732	16	-1	10	1
1733	16	-1	13	3
1734	16	1	1	0
1735	16	1	1	0
1736	16	-1	12	2
1737	16	1	1	0
1738	16	1	4	0
1739	16	1	1	0
1740	16	-1	3	0
1741	16	-1	13	2
1742	16	-1	15	3
1743	16	-1	3	0
1744	16	-1	3	0
1745	16	-1	7	1
1746	16	-1	10	1
1747	16	1	1	0
1748	16	1	18	4
1749	16	-1	3	0
1750	16	-1	11	1
1751	16	-1	3	0
1752	16	-1	5	1
1753	16	-1	11	3
1754	16	-1	14	3
1755	16	-1	6	1
1756	16	1	6	1
1757	16	1	1	0
1758	16	-1	3	0
1759	16	1	5	1
1760	16	1	1	0
1761	16	0	26	5
1762	16	1	25	5
1763	16	1	3	0
1764	16	1	12	3
1765	16	1	5	1
1766	16	0	4	0
1767	16	1	9	1
1768	16	1	24	5
1769	16	1	1	0
1770	16	-1	4	0
1771	16	-1	23	5
1772	16	-1	3	0
1773	16	-1	4	0
1774	16	-1	12	2
1775	16	-1	18	4
1776	16	-1	6	1
1777	16	1	91	20
1778	16	-1	12	2
1779	16	1	3	1
1780	16	1	1	0
1781	16	1	1	0
1782	16	1	1	0
1783	16	1	1	0
1784	16	1	6	1
1785	16	-1	21	5
1786	16	1	20	4
1787	16	1	27	5
1788	16	1	1	0
1789	16	0	133	29
1790	16	1	1	0
1791	16	-1	12	3
1792	16	-1	16	3
1793	16	-1	6	1
1794	16	-1	6	1
1795	16	1	1	0
1796	16	-1	3	0
1797	16	1	1	0
1798	16	0	82	17
1799	16	1	1	0
1800	16	-1	14	3
1801	16	1	1	0
1802	16	-1	20	4
1803	16	1	1	0
1804	16	1	42	9
1805	16	-1	12	3
1806	16	1	1	0
1807	16	1	23	7
1808	16	1	31	6
1809	16	1	1	0
1810	16	1	4	1
1811	16	1	1	0
1812	16	-1	10	2
1813	16	-1	13	3
1814	16	-1	14	3
1815	16	-1	17	3
1816	16	1	4	0
1817	16	-1	4	0
1818	16	0	29	5
1819	16	-1	14	2
1820	16	-1	3	0
1821	16	1	1	0
1822	16	1	1	0
1823	16	-1	12	2
1824	16	-1	4	0
1825	16	1	1	0
1826	16	-1	5	0
1827	16	-1	20	4
1828	16	1	31	6
1829	16	1	16	4
1830	16	1	1	0
1831	16	1	14	3
1832	16	-1	10	2
1833	16	0	40	9
1834	16	-1	4	1
1835	16	-1	11	2
1836	16	1	36	8
1837	16	1	1	0
1838	16	1	17	3
1839	16	1	1	0
1840	16	1	1	0
1841	16	1	27	6
1842	16	-1	5	1
1843	16	1	1	0
1844	16	1	1	0
1845	16	1	41	10
1846	16	1	1	0
1847	16	-1	10	2
1848	16	1	1	0
1849	16	1	7	1
1850	16	0	4	0
1851	16	1	8	1
1852	16	-1	38	9
1853	16	1	14	3
1854	16	1	26	6
1855	16	1	6	1
1856	16	1	1	0
1857	16	1	1	0
1858	16	1	6	1
1859	16	-1	3	0
1860	16	-1	14	3
1861	16	-1	14	2
1862	16	-1	12	2
1863	16	1	13	3
1864	16	1	1	0
1865	16	0	4	0
1866	16	1	1	0
1867	16	1	1	0
1868	16	0	14	2
1869	16	1	1	0
1870	16	-1	3	0
1871	16	1	1	0
1872	16	1	1	0
1873	16	1	1	0
1874	16	-1	4	0
1875	16	1	5	1
1876	16	-1	3	0
1877	16	-1	3	0
1878	16	0	52	12
1879	16	-1	6	1
1880	16	1	27	7
1881	16	-1	10	2
1882	16	1	1	0
1883	16	1	17	3
1884	16	1	1	0
1885	16	1	1	0
1886	16	1	29	6
1887	16	-1	46	9
1888	16	1	1	0
1889	16	0	48	8
1890	16	1	1	0
1891	16	-1	3	0
1892	16	0	126	24
1893	16	1	1	0
1894	16	1	1	0
1895	16	1	13	3
1896	16	-1	4	0
1897	16	-1	33	7
1898	16	1	38	8
1899	16	-1	3	0
1900	16	1	5	1
1901	16	1	40	9
1902	16	1	13	2
1903	16	-1	3	0
1904	16	1	1	0
1905	16	1	8	1
1906	16	1	1	0
1907	16	1	4	1
1908	16	1	1	0
1909	16	1	1	0
1910	16	1	1	0
1911	16	-1	19	4
1912	16	1	1	0
1913	16	1	1	0
1914	16	1	1	0
1915	16	1	6	1
1916	16	1	13	3
1917	16	-1	4	0
1918	16	-1	12	2
1919	16	-1	18	4
1920	16	-1	10	2
1921	16	-1	6	1
1922	16	0	24	5
1923	16	1	1	0
1924	16	1	20	5
1925	16	1	1	0
1926	16	-1	11	2
1927	16	1	3	0
1928	16	-1	6	1
1929	16	1	5	1
1930	16	-1	64	11
1931	16	-1	18	4
1932	16	-1	11	2
1933	16	1	11	2
1934	16	-1	13	2
1935	16	1	1	0
1936	16	1	1	0
1937	16	-1	4	0
1938	16	-1	3	0
1939	16	-1	3	0
1940	16	-1	3	0
1941	16	1	20	5
1942	16	1	32	5
1943	16	1	1	0
1944	16	-1	5	0
1945	16	-1	16	3
1946	16	1	25	6
1947	16	1	3	0
1948	16	1	1	0
1949	16	-1	4	0
1950	16	-1	3	0
1951	16	-1	6	1
1952	16	1	4	1
1953	16	-1	3	0
1954	16	-1	6	1
1955	16	-1	14	4
1956	16	0	23	6
1957	16	1	61	13
1958	16	-1	11	3
1959	16	1	1	0
1960	16	-1	3	0
1961	16	-1	3	0
1962	16	1	1	0
1963	16	0	56	13
1964	16	1	1	0
1965	16	1	4	0
1966	16	-1	4	1
1967	16	-1	14	2
1968	16	1	1	0
1969	16	1	1	0
1970	16	-1	17	3
1971	17	1	27	6
1972	17	-1	12	3
1973	17	1	15	3
1974	17	-1	39	9
1975	17	1	1	0
1976	17	1	47	10
1977	17	1	1	0
1978	17	-1	12	3
1979	17	1	12	2
1980	17	-1	11	2
1981	17	0	76	16
1982	17	1	6	1
1983	17	-1	26	6
1984	17	1	21	3
1985	17	1	31	8
1986	17	1	4	0
1987	17	-1	3	0
1988	17	1	1	0
1989	17	-1	27	6
1990	17	1	25	6
1991	17	1	28	6
1992	17	-1	18	4
1993	17	-1	12	3
1994	17	1	14	3
1995	17	-1	4	0
1996	17	1	3	1
1997	17	-1	3	0
1998	17	1	1	0
1999	17	1	1	0
2000	17	1	6	1
2001	17	-1	21	5
2002	17	-1	19	4
2003	17	1	1	0
2004	17	-1	10	3
2005	17	0	127	32
2006	17	-1	15	3
2007	17	-1	9	2
2008	17	-1	19	4
2009	17	1	17	4
2010	17	1	25	6
2011	17	1	18	4
2012	17	1	1	0
2013	17	1	1	0
2014	17	1	1	0
2015	17	1	80	19
2016	17	-1	5	1
2017	17	-1	15	3
2018	17	-1	4	0
2019	17	-1	4	0
2020	17	1	1	0
2021	17	-1	15	3
2022	17	1	5	1
2023	17	1	3	0
2024	17	1	1	0
2025	17	1	1	0
2026	17	-1	13	3
2027	17	-1	26	6
2028	17	-1	3	0
2029	17	1	1	0
2030	17	-1	4	0
2031	17	1	16	4
2032	17	1	1	0
2033	17	-1	6	0
2034	17	1	3	0
2035	17	0	31	6
2036	17	0	48	10
2037	17	1	6	1
2038	17	-1	4	0
2039	17	1	7	1
2040	17	-1	11	3
2041	17	-1	47	12
2042	17	1	1	0
2043	17	-1	3	0
2044	17	1	3	1
2045	17	1	1	0
2046	17	1	24	5
2047	17	-1	18	4
2048	17	1	12	2
2049	17	1	29	6
2050	17	1	1	0
2051	17	1	1	0
2052	17	-1	65	11
2053	17	-1	18	4
2054	17	1	13	3
2055	17	1	8	2
2056	17	1	5	1
2057	17	-1	91	19
2058	17	1	1	3
2059	17	0	97	36
2060	17	-1	4	1
2061	17	-1	12	3
2062	17	1	1	0
2063	17	1	1	0
2064	17	-1	11	2
2065	17	-1	5	1
2066	17	1	20	5
2067	17	-1	65	13
2068	17	1	66	20
2069	17	-1	11	2
2070	17	-1	22	5
2071	17	1	14	3
2072	17	1	6	1
2073	17	1	20	5
2074	17	1	1	0
2075	17	1	1	0
2076	17	0	57	13
2077	17	-1	14	3
2078	17	1	1	0
2079	17	-1	3	0
2080	17	-1	13	2
2081	17	-1	5	1
2082	17	1	1	0
2083	17	1	15	3
2084	17	1	3	1
2085	17	-1	25	6
2086	17	-1	18	4
2087	17	1	20	5
2088	17	1	7	1
2089	17	-1	75	17
2090	17	1	22	5
2091	17	1	18	4
2092	17	-1	6	1
2093	17	1	15	3
2094	17	1	1	0
2095	17	1	1	0
2096	17	-1	6	1
2097	17	1	6	1
2098	17	1	7	2
2099	17	-1	5	0
2100	17	-1	12	3
2101	17	1	5	1
2102	17	1	1	0
2103	17	0	249	56
2104	17	-1	64	16
2105	17	-1	27	5
2106	17	0	4	0
2107	17	1	25	6
2108	17	1	1	0
2109	17	-1	7	1
2110	17	1	1	0
2111	17	1	42	9
2112	17	-1	38	9
2113	17	1	18	4
2114	17	-1	28	6
2115	17	0	41	9
2116	17	1	5	1
2117	17	1	4	0
2118	17	1	12	3
2119	17	1	22	5
2120	17	1	43	10
2121	17	1	1	0
2122	17	1	15	3
2123	17	1	26	6
2124	17	-1	239	44
2125	17	0	47	9
2126	17	1	3	1
2127	17	-1	14	3
2128	17	1	1	0
2129	17	-1	5	0
2130	17	-1	3	0
2131	17	1	33	7
2132	17	-1	3	0
2133	17	1	6	1
2134	17	-1	3	0
2135	17	0	37	7
2136	17	1	21	4
2137	17	1	3	0
2138	17	1	19	4
2139	17	-1	38	9
2140	17	-1	22	4
2141	17	-1	32	8
2142	17	-1	5	1
2143	17	-1	26	5
2144	17	-1	4	0
2145	17	1	3	0
2146	17	-1	22	6
2147	17	1	20	5
2148	17	-1	13	3
2149	17	1	1	0
2150	17	0	61	13
2151	17	1	1	0
2152	17	-1	169	38
2153	17	1	8	2
2154	17	-1	11	2
2155	17	1	8	2
2156	17	-1	100	19
2157	17	0	119	23
2158	17	1	1	0
2159	17	1	12	3
2160	17	1	5	1
2161	17	1	1	0
2162	17	1	21	5
2163	17	1	14	4
2164	17	1	4	0
2165	17	-1	11	2
2166	17	1	43	9
2167	17	1	28	6
2168	17	-1	5	0
2169	17	-1	15	3
2170	17	-1	34	8
2171	17	-1	3	0
2172	17	1	7	1
2173	17	-1	33	7
2174	17	-1	32	8
2175	17	1	6	1
2176	17	1	3	0
2177	17	-1	54	9
2178	17	-1	5	0
2179	17	1	3	0
2180	17	1	17	4
2181	17	1	8	1
2182	17	1	1	0
2183	17	1	1	0
2184	17	-1	10	1
2185	17	-1	3	0
2186	17	1	30	7
2187	17	-1	4	0
2188	17	-1	8	1
2189	17	-1	5	1
2190	17	1	3	1
2191	17	-1	4	0
2192	17	-1	10	2
2193	17	-1	9	2
2194	17	-1	3	0
2195	17	-1	5	1
2196	17	-1	19	5
2197	17	1	4	0
2198	17	-1	3	0
2199	17	-1	3	0
2200	17	-1	14	4
2201	17	-1	130	28
2202	17	1	3	0
2203	17	-1	31	7
2204	17	1	28	8
2205	17	-1	3	0
2206	17	1	6	1
2207	17	1	3	0
2208	17	1	3	0
2209	17	-1	15	3
2210	17	1	1	0
2211	17	-1	41	12
2212	17	1	19	4
2213	17	-1	13	3
2214	17	-1	32	14
2215	17	1	21	5
2216	17	1	41	10
2217	17	-1	11	2
2218	17	-1	22	5
2219	17	1	1	0
2220	17	1	4	0
2221	17	-1	15	4
2222	17	1	5	0
2223	17	-1	14	3
2224	17	1	1	0
2225	17	1	5	1
2226	17	1	142	34
2227	17	1	4	0
2228	17	-1	3	0
2229	17	1	1	0
2230	17	-1	13	3
2231	17	0	360	71
2232	17	1	5	1
2233	17	-1	41	11
2234	17	1	50	10
2235	17	-1	3	0
2236	17	1	5	1
2237	17	-1	24	5
2238	17	-1	75	13
2239	17	1	17	4
2240	17	-1	6	1
2241	17	1	32	7
2242	17	-1	48	10
2243	17	1	1	0
2244	17	-1	11	2
2245	17	-1	35	10
2246	17	1	108	25
2247	17	1	4	1
2248	17	1	1	0
2249	17	-1	4	0
2250	17	1	1	0
2251	17	-1	3	0
2252	17	1	3	0
2253	17	1	19	3
2254	17	1	15	3
2255	17	1	19	5
2256	17	1	15	3
2257	17	1	259	50
2258	17	-1	5	1
2259	17	0	175	38
2260	17	-1	3	0
2261	17	-1	32	7
2262	17	-1	13	2
2263	17	1	4	1
2264	17	-1	96	19
2265	17	1	9	2
2266	17	-1	5	1
2267	17	1	28	6
2268	17	-1	3	0
2269	17	1	6	1
2270	17	0	48	8
2271	18	1	9	2
2272	18	1	9	2
2273	18	1	1	0
2274	18	-1	62	11
2275	18	-1	34	5
2276	18	-1	87	19
2277	18	-1	4	0
2278	18	-1	8	1
2279	18	1	219	49
2280	18	1	16	3
2281	18	1	21	4
2282	18	1	9	2
2283	18	-1	11	2
2284	18	-1	31	5
2285	18	-1	117	23
2286	18	1	7	1
2287	18	-1	21	4
2288	18	1	22	4
2289	18	1	328	72
2290	18	-1	24	5
2291	18	1	10	3
2292	18	-1	8	1
2293	18	-1	3	0
2294	18	-1	4	0
2295	18	1	6	1
2296	18	1	4	1
2297	18	-1	46	10
2298	18	1	3	0
2299	18	-1	13	3
2300	18	1	8	2
2301	18	1	55	12
2302	18	1	3	1
2303	18	-1	32	8
2304	18	-1	6	1
2305	18	1	7	1
2306	18	-1	3	0
2307	18	1	50	10
2308	18	1	3	1
2309	18	1	38	10
2310	18	-1	178	38
2311	18	1	11	3
2312	18	-1	121	21
2313	18	1	1	0
2314	18	-1	3	0
2315	18	-1	26	7
2316	18	1	17	4
2317	18	-1	151	29
2318	18	1	5	1
2319	18	-1	3	0
2320	18	1	1	0
2321	18	-1	24	6
2322	18	1	1	0
2323	18	-1	338	66
2324	18	-1	12	3
2325	18	1	6	1
2326	18	-1	80	21
2327	18	1	7	1
2328	18	1	1	0
2329	18	-1	136	33
2330	18	1	1	0
2331	18	-1	11	2
2332	18	1	1	0
2333	18	-1	23	5
2334	18	-1	17	3
2335	18	1	1	0
2336	18	-1	67	10
2337	18	0	167	36
2338	18	0	18	4
2339	18	1	8	2
2340	18	1	7	2
2341	18	-1	25	6
2342	18	1	7	1
2343	18	1	74	14
2344	18	-1	51	11
2345	18	-1	80	17
2346	18	-1	178	35
2347	18	-1	25	5
2348	18	-1	5	1
2349	18	-1	51	12
2350	18	-1	24	5
2351	18	-1	9	2
2352	18	-1	63	10
2353	18	1	80	16
2354	18	-1	4	0
2355	18	1	1	0
2356	18	-1	113	25
2357	18	-1	13	3
2358	18	-1	4	0
2359	18	1	40	9
2360	18	-1	47	8
2361	18	1	1	0
2362	18	1	31	7
2363	18	-1	3	0
2364	18	-1	7	1
2365	18	-1	3	0
2366	18	-1	42	9
2367	18	1	1	0
2368	18	-1	183	34
2369	18	1	91	23
2370	18	-1	13	2
2371	18	-1	3	0
2372	18	-1	15	3
2373	18	1	36	8
2374	18	-1	94	23
2375	18	-1	44	11
2376	18	-1	4	0
2377	18	-1	30	6
2378	18	-1	81	17
2379	18	1	1	0
2380	18	-1	192	37
2381	18	1	31	7
2382	18	1	23	6
2383	18	1	7	1
2384	18	-1	476	98
2385	18	1	3	0
2386	18	-1	4	0
2387	18	1	1	0
2388	18	1	166	34
2389	18	-1	24	4
2390	18	1	7	2
2391	18	1	1	0
2392	18	-1	11	2
2393	18	1	22	5
2394	18	-1	6	1
2395	18	1	7	1
2396	18	-1	6	1
2397	18	1	1	0
2398	18	1	14	3
2399	18	-1	31	7
2400	18	-1	4	0
2401	18	1	1	0
2402	18	1	28	6
2403	18	-1	30	7
2404	18	1	1	0
2405	18	1	41	10
2406	18	-1	3	0
2407	18	1	5	1
2408	18	-1	4	0
2409	18	-1	27	5
2410	18	-1	5	0
2411	18	1	45	12
2412	18	-1	5	0
2413	18	1	1	0
2414	18	1	35	8
2415	18	-1	11	2
2416	18	1	1	0
2417	18	-1	7	1
2418	18	1	3	1
2419	18	-1	4	0
2420	18	1	1	0
2421	18	-1	5	0
2422	18	-1	37	8
2423	18	1	3	0
2424	18	1	17	4
2425	18	-1	4	0
2426	18	1	3	0
2427	18	-1	17	4
2428	18	1	38	8
2429	18	-1	4	1
2430	18	0	56	11
2431	18	-1	48	11
2432	18	-1	27	5
2433	18	-1	102	22
2434	18	1	46	7
2435	18	-1	5	1
2436	18	1	7	1
2437	18	1	50	8
2438	18	-1	4	0
2439	18	-1	144	34
2440	18	1	19	4
2441	18	-1	272	55
2442	18	0	422	95
2443	18	1	159	36
2444	18	1	31	7
2445	18	-1	17	3
2446	18	0	14	3
2447	18	-1	62	14
2448	18	1	1	0
2449	18	1	34	8
2450	18	1	6	1
2451	18	1	5	1
2452	18	0	255	61
2453	18	-1	40	10
2454	18	-1	35	8
2455	18	-1	115	21
2456	18	1	11	3
2457	18	1	29	7
2458	18	-1	25	6
2459	18	0	29	6
2460	18	-1	11	2
2461	18	1	7	1
2462	18	1	1	0
2463	18	1	11	2
2464	18	1	1	0
2465	18	1	10	3
2466	18	-1	24	6
2467	18	1	12	2
2468	18	0	644	126
2469	18	-1	62	15
2470	18	-1	15	3
2471	18	1	5	1
2472	18	1	1	0
2473	18	-1	14	3
2474	18	1	14	3
2475	18	1	3	1
2476	18	1	1	0
2477	18	1	17	4
2478	18	1	21	5
2479	18	0	89	20
2480	18	-1	5	0
2481	18	1	32	7
2482	18	1	100	22
2483	18	1	3	1
2484	18	0	59	13
2485	18	1	3	0
2486	18	1	8	2
2487	18	1	5	2
2488	18	1	7	1
2489	18	-1	4	0
2490	18	1	4	0
2491	18	1	1	0
2492	18	-1	12	3
2493	18	-1	97	22
2494	18	-1	9	2
2495	18	-1	74	12
2496	18	-1	18	4
2497	18	1	1	0
2498	18	1	15	3
2499	18	1	7	1
2500	18	-1	14	3
2501	18	-1	12	2
2502	18	1	1	0
2503	18	1	14	3
2504	18	1	1	0
2505	18	-1	4	1
2506	18	1	6	1
2507	18	1	12	1
2508	18	-1	29	7
2509	18	1	26	6
2510	18	1	24	5
2511	18	-1	4	0
2512	18	-1	90	16
2513	18	1	17	4
2514	18	1	1	0
2515	18	-1	149	25
2516	18	-1	21	5
2517	18	-1	18	4
2518	18	-1	11	2
2519	18	-1	44	10
2520	18	1	9	2
2521	18	1	1	0
2522	18	1	45	10
2523	18	-1	101	23
2524	18	-1	30	9
2525	18	-1	148	34
2526	18	1	1	0
2527	18	-1	31	6
2528	18	1	7	1
2529	18	-1	166	35
2530	18	0	93	17
2531	18	-1	18	4
2532	18	-1	19	4
2533	18	-1	9	1
2534	18	1	1	0
2535	18	0	308	66
2536	18	-1	5	0
2537	18	1	18	4
2538	18	1	12	2
2539	18	1	33	8
2540	18	-1	76	18
2541	18	1	5	1
2542	18	-1	144	24
2543	18	-1	56	11
2544	18	1	19	4
2545	18	1	263	57
2546	18	-1	14	3
2547	18	1	1	0
2548	18	1	62	15
2549	18	-1	21	4
2550	18	0	156	34
2551	18	-1	27	8
2552	18	1	4	0
2553	18	-1	173	35
2554	18	1	262	51
2555	18	-1	33	6
2556	18	-1	65	15
2557	18	1	10	2
2558	18	1	50	9
2559	18	1	21	4
2560	18	-1	150	27
2561	18	-1	6	0
2562	18	-1	135	28
2563	18	1	39	9
2564	18	-1	190	40
2565	18	1	24	5
2566	18	1	5	1
2567	18	1	1	0
2568	18	-1	63	12
2569	18	1	1	0
2570	18	1	1	0
2571	19	1	62	11
2572	19	1	29	6
2573	19	1	25	5
2574	19	-1	6	1
2575	19	-1	30	7
2576	19	-1	20	4
2577	19	1	9	2
2578	19	1	108	25
2579	19	-1	85	26
2580	19	-1	240	46
2581	19	1	38	7
2582	19	1	27	8
2583	19	-1	11	1
2584	19	1	5	1
2585	19	1	62	14
2586	19	1	28	5
2587	19	-1	119	28
2588	19	1	28	7
2589	19	-1	33	8
2590	19	1	9	2
2591	19	1	3	0
2592	19	1	116	28
2593	19	1	75	14
2594	19	1	7	1
2595	19	1	25	6
2596	19	-1	26	6
2597	19	0	1520	318
2598	19	-1	4	0
2599	19	1	8	2
2600	19	1	151	32
2601	19	1	121	30
2602	19	1	51	13
2603	19	0	25	4
2604	19	-1	25	5
2605	19	1	3	0
2606	19	-1	4	0
2607	19	-1	378	95
2608	19	1	43	10
2609	19	1	1	0
2610	19	0	204	39
2611	19	1	29	7
2612	19	0	23	4
2613	19	1	17	3
2614	19	-1	16	4
2615	19	1	18	4
2616	19	1	1	0
2617	19	1	18	4
2618	19	1	159	37
2619	19	1	3	1
2620	19	-1	79	21
2621	19	1	1	0
2622	19	-1	32	8
2623	19	1	286	65
2624	19	1	9	2
2625	19	1	59	13
2626	19	1	12	3
2627	19	1	7	2
2628	19	1	58	15
2629	19	1	198	48
2630	19	1	7	1
2631	19	1	7	1
2632	19	-1	388	61
2633	19	-1	15	2
2634	19	1	51	14
2635	19	-1	138	25
2636	19	-1	32	7
2637	19	-1	21	6
2638	19	-1	42	13
2639	19	-1	1612	311
2640	19	-1	442	79
2641	19	1	105	25
2642	19	1	85	18
2643	19	1	7	1
2644	19	-1	7	1
2645	19	1	70	16
2646	19	1	1	0
2647	19	0	59	11
2648	19	-1	4	0
2649	19	1	1	0
2650	19	-1	9	2
2651	19	-1	19	4
2652	19	1	1	0
2653	19	1	126	30
2654	19	1	1	0
2655	19	1	1	0
2656	19	1	3	1
2657	19	-1	3	0
2658	19	1	1	0
2659	19	1	7	1
2660	19	-1	4	0
2661	19	1	1	0
2662	19	1	181	40
2663	19	-1	4	0
2664	19	-1	54	14
2665	19	-1	52	11
2666	19	-1	37	10
2667	19	1	88	21
2668	19	1	74	17
2669	19	-1	12	2
2670	19	-1	179	37
2671	19	1	32	8
2672	19	-1	227	55
2673	19	-1	46	11
2674	19	1	44	11
2675	19	-1	29	6
2676	19	1	1	0
2677	19	-1	3	0
2678	19	1	1	0
2679	19	-1	11	2
2680	19	1	19	5
2681	19	1	27	6
2682	19	-1	9	2
2683	19	1	81	18
2684	19	1	1	0
2685	19	1	5	1
2686	19	-1	112	31
2687	19	1	1	0
2688	19	1	139	31
2689	19	-1	125	20
2690	19	-1	70	15
2691	19	1	1	0
2692	19	-1	27	6
2693	19	1	65	15
2694	19	-1	12	2
2695	19	-1	232	46
2696	19	1	21	5
2697	19	-1	6	1
2698	19	1	40	9
2699	19	-1	14	5
2700	19	1	28	8
2701	19	1	1	0
2702	19	-1	3	0
2703	19	-1	15	3
2704	19	1	1	0
2705	19	-1	17	3
2706	19	-1	58	13
2707	19	1	5	1
2708	19	1	9	2
2709	19	1	12	3
2710	19	1	8	1
2711	19	-1	3	0
2712	19	1	26	6
2713	19	1	1	0
2714	19	1	111	24
2715	19	1	100	23
2716	19	-1	14	2
2717	19	1	1	0
2718	19	-1	12	2
2719	19	1	62	14
2720	19	0	439	94
2721	19	1	24	6
2722	19	-1	6	0
2723	19	1	650	155
2724	19	1	8	2
2725	19	-1	67	18
2726	19	1	20	4
2727	19	0	500	99
2728	19	1	9	2
2729	19	-1	4	0
2730	19	-1	29	8
2731	19	-1	123	29
2732	19	-1	43	7
2733	19	1	16	3
2734	19	1	5	1
2735	19	1	3	0
2736	19	-1	32	5
2737	19	-1	123	22
2738	19	-1	13	3
2739	19	-1	132	31
2740	19	-1	17	5
2741	19	0	755	155
2742	19	1	1	0
2743	19	1	1	0
2744	19	1	1	0
2745	19	-1	20	3
2746	19	0	157	36
2747	19	-1	81	19
2748	19	-1	212	45
2749	19	1	12	3
2750	19	-1	18	4
2751	19	-1	133	26
2752	19	1	163	38
2753	19	1	3	1
2754	19	1	22	5
2755	19	1	1	0
2756	19	-1	32	11
2757	19	0	119	22
2758	19	-1	28	6
2759	19	0	115	25
2760	19	-1	128	29
2761	19	-1	39	11
2762	19	-1	4	0
2763	19	1	32	7
2764	19	1	12	3
2765	19	-1	144	33
2766	19	1	180	41
2767	19	-1	149	26
2768	19	-1	157	32
2769	19	-1	11	2
2770	19	-1	7	1
2771	19	-1	19	4
2772	19	1	394	84
2773	19	1	17	4
2774	19	1	18	4
2775	19	1	18	4
2776	19	0	101	20
2777	19	-1	217	38
2778	19	1	159	41
2779	19	1	14	2
2780	19	1	1	0
2781	19	-1	4	1
2782	19	1	19	5
2783	19	-1	166	39
2784	19	-1	214	46
2785	19	-1	4	1
2786	19	1	66	13
2787	19	-1	21	4
2788	19	1	3	1
2789	19	1	1	0
2790	19	-1	96	19
2791	19	-1	5	1
2792	19	1	21	4
2793	19	-1	182	38
2794	19	1	236	48
2795	19	1	38	10
2796	19	-1	105	25
2797	19	1	4	1
2798	19	1	1	0
2799	19	1	3	0
2800	19	1	161	38
2801	19	1	15	4
2802	19	-1	4	0
2803	19	-1	17	3
2804	19	1	1	0
2805	19	-1	5	0
2806	19	1	58	14
2807	19	-1	39	10
2808	19	1	20	5
2809	19	-1	13	3
2810	19	-1	4	0
2811	19	1	226	52
2812	19	1	22	5
2813	19	-1	10	2
2814	19	-1	21	4
2815	19	-1	17	3
2816	19	-1	5	1
2817	19	-1	187	39
2818	19	1	25	6
2819	19	-1	1204	242
2820	19	-1	15	2
2821	19	-1	121	29
2822	19	1	6	1
2823	19	1	17	4
2824	19	-1	86	20
2825	19	-1	126	26
2826	19	1	3	0
2827	19	-1	23	4
2828	19	1	1	0
2829	19	1	57	14
2830	19	1	18	4
2831	19	-1	3	0
2832	19	1	31	8
2833	19	-1	19	4
2834	19	1	32	6
2835	19	-1	72	16
2836	19	-1	193	51
2837	19	1	16	4
2838	19	1	1	0
2839	19	1	7	1
2840	19	1	307	64
2841	19	1	210	49
2842	19	0	111	20
2843	19	1	1	0
2844	19	-1	13	2
2845	19	1	23	6
2846	19	-1	234	54
2847	19	1	1	0
2848	19	1	27	6
2849	19	1	19	6
2850	19	-1	38	9
2851	19	-1	14	2
2852	19	-1	16	3
2853	19	1	1	0
2854	19	-1	5	0
2855	19	1	105	26
2856	19	1	19	5
2857	19	1	17	4
2858	19	-1	93	20
2859	19	1	18	5
2860	19	-1	29	7
2861	19	1	1	0
2862	19	1	14	2
2863	19	-1	14	3
2864	19	1	24	6
2865	19	-1	19	4
2866	19	-1	4	0
2867	19	0	96	19
2868	19	-1	4	0
2869	19	1	10	2
2870	19	-1	8	1
2871	20	0	631	122
2872	20	0	10	1
2873	20	-1	24	5
2874	20	1	14	4
2875	20	-1	53	11
2876	20	-1	23	5
2877	20	-1	55	15
2878	20	-1	445	79
2879	20	1	60	16
2880	20	-1	37	9
2881	20	1	965	218
2882	20	-1	66	19
2883	20	-1	83	20
2884	20	-1	425	93
2885	20	-1	108	22
2886	20	1	394	90
2887	20	-1	47	9
2888	20	-1	56	13
2889	20	1	10	2
2890	20	-1	1096	230
2891	20	-1	41	13
2892	20	1	11	3
2893	20	1	781	194
2894	20	1	32	8
2895	20	1	5	1
2896	20	1	1	0
2897	20	-1	996	236
2898	20	-1	90	23
2899	20	-1	356	81
2900	20	-1	422	102
2901	20	1	135	32
2902	20	-1	144	36
2903	20	-1	1163	249
2904	20	1	4	1
2905	20	1	6	1
2906	20	1	3	0
2907	20	-1	183	41
2908	20	-1	4	0
2909	20	-1	47	10
2910	20	-1	897	205
2911	20	1	1	0
2912	20	-1	220	39
2913	20	1	1	0
2914	20	1	326	76
2915	20	-1	8	2
2916	20	1	3	0
2917	20	-1	51	14
2918	20	1	54	12
2919	20	1	161	38
2920	20	1	7	1
2921	20	-1	802	172
2922	20	-1	54	14
2923	20	1	120	28
2924	20	1	3	0
2925	20	1	13	3
2926	20	1	1	0
2927	20	1	47	10
2928	20	1	162	33
2929	20	-1	3	0
2930	20	-1	1358	315
2931	20	1	1	0
2932	20	1	1	0
2933	20	-1	20	5
2934	20	1	1	0
2935	20	-1	317	71
2936	20	-1	50	13
2937	20	1	7	2
2938	20	1	94	20
2939	20	1	8	2
2940	20	1	41	8
2941	20	1	3	0
2942	20	0	397	75
2943	20	-1	185	38
2944	20	-1	69	15
2945	20	1	48	18
2946	20	1	16	3
2947	20	1	1	0
2948	20	-1	87	20
2949	20	-1	3	0
2950	20	1	265	64
2951	20	-1	22	7
2952	20	1	22	6
2953	20	1	5	1
2954	20	1	30	7
2955	20	1	113	25
2956	20	1	20	5
2957	20	-1	34	8
2958	20	1	7	1
2959	20	1	1	0
2960	20	1	1	0
2961	20	1	20	5
2962	20	-1	4	0
2963	20	-1	4	0
2964	20	-1	5	1
2965	20	1	36	8
2966	20	-1	7	1
2967	20	1	42	9
2968	20	-1	287	66
2969	20	-1	899	215
2970	20	1	14	4
2971	20	1	249	57
2972	20	-1	12	3
2973	20	1	172	42
2974	20	-1	45	10
2975	20	1	252	60
2976	20	1	1	0
2977	20	1	28	6
2978	20	1	94	15
2979	20	1	38	9
2980	20	-1	13	4
2981	20	1	26	7
2982	20	-1	408	97
2983	20	-1	222	53
2984	20	1	3	1
2985	20	1	1	0
2986	20	1	4	1
2987	20	-1	27	7
2988	20	-1	462	105
2989	20	1	1	0
2990	20	-1	163	40
2991	20	1	6	1
2992	20	1	23	6
2993	20	1	1	0
2994	20	-1	112	24
2995	20	1	1	0
2996	20	1	7	2
2997	20	1	59	13
2998	20	1	597	127
2999	20	1	10	2
3000	20	1	1	0
3001	20	1	73	19
3002	20	-1	83	21
3003	20	1	11	2
3004	20	1	9	2
3005	20	-1	4	0
3006	20	-1	125	34
3007	20	1	293	62
3008	20	1	10	3
3009	20	-1	4	0
3010	20	1	173	40
3011	20	-1	33	9
3012	20	-1	4	0
3013	20	1	10	2
3014	20	1	53	11
3015	20	1	5	1
3016	20	-1	97	20
3017	20	0	5408	1136
3018	20	1	97	20
3019	20	-1	37	8
3020	20	1	34	8
3021	20	-1	5	1
3022	20	1	72	19
3023	20	-1	64	16
3024	20	-1	67	13
3025	20	1	15	4
3026	20	-1	28	5
3027	20	1	14	4
3028	20	-1	597	139
3029	20	-1	326	74
3030	20	1	113	24
3031	20	1	8	2
3032	20	-1	228	51
3033	20	-1	502	98
3034	20	-1	129	31
3035	20	-1	34	9
3036	20	-1	159	42
3037	20	-1	95	24
3038	20	1	21	5
3039	20	-1	59	14
3040	20	1	10	2
3041	20	1	16	4
3042	20	1	500	128
3043	20	1	1	0
3044	20	-1	101	26
3045	20	0	470	93
3046	20	0	2532	534
3047	20	-1	7	2
3048	20	-1	77	18
3049	20	0	793	164
3050	20	-1	29	8
3051	20	-1	115	32
3052	20	-1	342	82
3053	20	1	227	53
3054	20	-1	14	3
3055	20	1	411	99
3056	20	1	49	12
3057	20	-1	7	1
3058	20	1	36	8
3059	20	1	39	9
3060	20	-1	29	6
3061	20	1	40	10
3062	20	1	1	0
3063	20	-1	14	3
3064	20	-1	263	55
3065	20	-1	1130	233
3066	20	1	1	0
3067	20	-1	11	2
3068	20	1	4	1
3069	20	1	6	1
3070	20	1	64	16
3071	20	1	5	1
3072	20	-1	56	11
3073	20	1	1	0
3074	20	1	1	0
3075	20	-1	6	1
3076	20	-1	26	8
3077	20	1	504	115
3078	20	1	231	52
3079	20	-1	146	31
3080	20	-1	158	32
3081	20	1	20	4
3082	20	-1	4	0
3083	20	-1	18	4
3084	20	-1	837	210
3085	20	-1	12	2
3086	20	1	24	8
3087	20	1	7	11
3088	20	-1	195	59
3089	20	1	41	10
3090	20	-1	79	22
3091	20	1	14	3
3092	20	-1	104	23
3093	20	-1	141	25
3094	20	-1	11	1
3095	20	-1	278	64
3096	20	1	19	4
3097	20	-1	31	7
3098	20	-1	225	51
3099	20	-1	260	62
3100	20	1	3	1
3101	20	1	1	0
3102	20	0	272	57
3103	20	-1	553	119
3104	20	1	9	2
3105	20	-1	59	14
3106	20	-1	23	6
3107	20	-1	1271	270
3108	20	1	82	20
3109	20	-1	56	16
3110	20	1	49	12
3111	20	1	25	6
3112	20	1	30	8
3113	20	-1	3	0
3114	20	-1	63	23
3115	20	0	1733	372
3116	20	1	15	3
3117	20	-1	553	87
3118	20	1	4	1
3119	20	-1	527	99
3120	20	0	1235	288
3121	20	1	1	0
3122	20	1	3	0
3123	20	1	239	52
3124	20	-1	157	34
3125	20	1	13	3
3126	20	-1	25	7
3127	20	1	1	0
3128	20	-1	2726	541
3129	20	1	103	21
3130	20	1	24	5
3131	20	-1	4	0
3132	20	-1	481	96
3133	20	-1	335	78
3134	20	1	18	4
3135	20	1	110	25
3136	20	-1	138	30
3137	20	-1	114	29
3138	20	1	4	1
3139	20	1	301	65
3140	20	1	13	3
3141	20	-1	13	3
3142	20	1	33	8
3143	20	-1	7	1
3144	20	1	155	34
3145	20	1	3	0
3146	20	-1	22	7
3147	20	1	4	1
3148	20	1	32	8
3149	20	-1	99	30
3150	20	1	38	8
3151	20	-1	23	8
3152	20	-1	5	1
3153	20	-1	23	5
3154	20	1	126	32
3155	20	1	5	1
3156	20	-1	59	13
3157	20	-1	137	27
3158	20	-1	72	18
3159	20	-1	12	2
3160	20	-1	4	0
3161	20	1	171	37
3162	20	1	37	9
3163	20	1	104	26
3164	20	-1	207	56
3165	20	1	77	15
3166	20	-1	49	12
3167	20	-1	71	19
3168	20	-1	102	28
3169	20	1	39	10
3170	20	-1	65	14
3171	21	1	295	60
3172	21	-1	23	5
3173	21	-1	22	5
3174	21	-1	4	0
3175	21	-1	71	18
3176	21	-1	468	90
3177	21	1	252	60
3178	21	1	64	17
3179	21	-1	38	10
3180	21	-1	2470	505
3181	21	-1	251	57
3182	21	1	2126	467
3183	21	1	45	12
3184	21	1	156	41
3185	21	-1	69	17
3186	21	-1	173	42
3187	21	1	1	0
3188	21	1	16	4
3189	21	-1	570	116
3190	21	-1	182	41
3191	21	1	14	4
3192	21	1	7	1
3193	21	-1	2570	548
3194	21	1	755	184
3195	21	1	194	42
3196	21	-1	364	73
3197	21	1	25	7
3198	21	1	186	40
3199	21	1	1	0
3200	21	1	45	11
3201	21	1	29	6
3202	21	1	14	3
3203	21	1	58	15
3204	21	1	57	14
3205	21	1	11	3
3206	21	1	7	1
3207	21	1	1539	314
3208	21	1	12	3
3209	21	-1	671	142
3210	21	1	1	0
3211	21	1	148	36
3212	21	1	60	13
3213	21	1	56	16
3214	21	1	1	0
3215	21	1	156	29
3216	21	-1	514	116
3217	21	-1	54	12
3218	21	0	456	95
3219	21	-1	551	115
3220	21	0	44	8
3221	21	-1	43	12
3222	21	1	33	8
3223	21	1	549	119
3224	21	1	6	1
3225	21	-1	2356	478
3226	21	1	1259	277
3227	21	-1	16	4
3228	21	-1	90	20
3229	21	-1	292	63
3230	21	1	3	0
3231	21	-1	88	22
3232	21	-1	298	68
3233	21	-1	92	22
3234	21	1	215	51
3235	21	1	8	1
3236	21	0	141	35
3237	21	1	57	15
3238	21	1	203	49
3239	21	1	6	1
3240	21	-1	185	45
3241	21	1	103	24
3242	21	1	171	42
3243	21	1	1	0
3244	21	-1	46	12
3245	21	-1	118	23
3246	21	1	14	3
3247	21	1	1	0
3248	21	1	53	12
3249	21	1	110	26
3250	21	1	160	38
3251	21	-1	28	8
3252	21	1	1	0
3253	21	0	112	23
3254	21	1	19	4
3255	21	-1	440	105
3256	21	1	74	17
3257	21	1	46	11
3258	21	-1	855	179
3259	21	-1	516	103
3260	21	1	1	0
3261	21	1	7	2
3262	21	1	98	24
3263	21	1	987	193
3264	21	-1	2533	521
3265	21	1	84	25
3266	21	-1	554	123
3267	21	1	5	1
3268	21	1	251	54
3269	21	1	3	1
3270	21	-1	347	77
3271	21	-1	50	14
3272	21	1	51	13
3273	21	1	3188	733
3274	21	-1	587	131
3275	21	1	8	2
3276	21	1	15	5
3277	21	1	29	8
3278	21	-1	15	4
3279	21	-1	49	14
3280	21	1	128	33
3281	21	1	108	22
3282	21	-1	432	96
3283	21	1	15	3
3284	21	-1	175	35
3285	21	1	1	0
3286	21	0	68	19
3287	21	1	1	0
3288	21	-1	7	1
3289	21	1	15	2
3290	21	1	24	6
3291	21	-1	4	0
3292	21	0	344	81
3293	21	-1	3	0
3294	21	-1	4	0
3295	21	-1	203	47
3296	21	1	3	1
3297	21	1	7	2
3298	21	1	19	5
3299	21	-1	46	11
3300	21	1	1	0
3301	21	-1	10	2
3302	21	-1	103	23
3303	21	-1	1063	235
3304	21	1	161	37
3305	21	1	100	26
3306	21	-1	57	14
3307	21	-1	188	41
3308	21	1	25	6
3309	21	-1	41	12
3310	21	-1	11	4
3311	21	-1	633	121
3312	21	-1	45	11
3313	21	-1	146	36
3314	21	-1	104	24
3315	21	-1	7	1
3316	21	1	6	1
3317	21	-1	689	154
3318	21	1	1369	321
3319	21	1	969	202
3320	21	0	1027	241
3321	21	1	1076	237
3322	21	1	21	7
3323	21	-1	186	47
3324	21	-1	52	14
3325	21	-1	55	16
3326	21	-1	94	25
3327	21	1	16	5
3328	21	1	47	12
3329	21	1	570	126
3330	21	-1	406	87
3331	21	1	101	23
3332	21	-1	54	12
3333	21	1	312	75
3334	21	-1	354	81
3335	21	-1	1215	275
3336	21	1	16	3
3337	21	-1	4	0
3338	21	-1	261	57
3339	21	-1	375	69
3340	21	-1	87	17
3341	21	-1	40	8
3342	21	1	987	175
3343	21	1	12	3
3344	21	0	2069	427
3345	21	1	20	5
3346	21	1	387	92
3347	21	1	25	7
3348	21	1	10	3
3349	21	-1	52	15
3350	21	-1	68	19
3351	21	1	70	16
3352	21	1	44	10
3353	21	-1	1630	344
3354	21	1	4	1
3355	21	1	163	38
3356	21	1	70	17
3357	21	-1	860	184
3358	21	-1	1781	396
3359	21	1	33	8
3360	21	1	55	15
3361	21	1	8	2
3362	21	-1	97	22
3363	21	1	1	0
3364	21	-1	42	14
3365	21	1	13	4
3366	21	1	152	35
3367	21	1	3	1
3368	21	1	82	19
3369	21	1	42	10
3370	21	1	33	8
3371	21	1	8	2
3372	21	1	47	12
3373	21	-1	65	16
3374	21	1	330	75
3375	21	1	7	2
3376	21	1	1	0
3377	21	1	38	8
3378	21	-1	154	35
3379	21	1	42	10
3380	21	-1	610	141
3381	21	1	162	38
3382	21	1	1	0
3383	21	-1	200	43
3384	21	1	99	29
3385	21	1	148	35
3386	21	-1	42	10
3387	21	-1	280	68
3388	21	1	5	1
3389	21	1	40	10
3390	21	1	20	6
3391	21	1	701	164
3392	21	-1	10	2
3393	21	1	388	82
3394	21	1	14	3
3395	21	-1	66	16
3396	21	-1	153	33
3397	21	-1	6	1
3398	21	-1	13	4
3399	21	-1	86	20
3400	21	-1	60	15
3401	21	1	7	1
3402	21	1	39	9
3403	21	1	415	94
3404	21	-1	96	20
3405	21	1	59	16
3406	21	-1	81	16
3407	21	1	356	82
3408	21	-1	6	1
3409	21	1	28	7
3410	21	1	1	0
3411	21	1	1	0
3412	21	1	780	158
3413	21	-1	23	4
3414	21	-1	116	30
3415	21	-1	318	79
3416	21	1	170	36
3417	21	1	94	24
3418	21	0	505	109
3419	21	-1	375	84
3420	21	1	348	76
3421	21	1	113	27
3422	21	1	33	8
3423	21	1	39	11
3424	21	-1	1324	251
3425	21	1	209	52
3426	21	-1	140	25
3427	21	-1	506	119
3428	21	-1	314	69
3429	21	1	14	2
3430	21	1	6	1
3431	21	-1	289	73
3432	21	-1	2158	434
3433	21	-1	396	83
3434	21	1	30	7
3435	21	1	1	0
3436	21	-1	430	94
3437	21	-1	1987	405
3438	21	-1	3355	668
3439	21	1	155	32
3440	21	-1	76	22
3441	21	-1	209	43
3442	21	1	24	5
3443	21	1	3	1
3444	21	-1	971	189
3445	21	1	856	175
3446	21	0	519	111
3447	21	-1	11	4
3448	21	1	5	1
3449	21	-1	12	2
3450	21	1	1	0
3451	21	1	127	30
3452	21	-1	3	0
3453	21	-1	141	32
3454	21	-1	30	5
3455	21	1	7	2
3456	21	-1	3136	670
3457	21	-1	47	10
3458	21	1	101	21
3459	21	1	141	32
3460	21	1	7	1
3461	21	1	5	1
3462	21	1	95	22
3463	21	1	194	41
3464	21	-1	40	12
3465	21	-1	463	105
3466	21	1	7	2
3467	21	-1	1179	268
3468	21	-1	187	43
3469	21	-1	32	9
3470	21	-1	91	22
3471	22	1	302	68
3472	22	1	224	55
3473	22	-1	200	40
3474	22	-1	313	68
3475	22	1	1653	337
3476	22	1	105	24
3477	22	1	208	50
3478	22	1	634	151
3479	22	-1	112	28
3480	22	-1	575	149
3481	22	1	3	1
3482	22	1	1608	368
3483	22	-1	23584	4680
3484	22	1	1	0
3485	22	-1	10	2
3486	22	1	27	5
3487	22	-1	77	24
3488	22	-1	590	129
3489	22	-1	2424	435
3490	22	1	33	8
3491	22	-1	6	1
3492	22	1	85	20
3493	22	-1	614	118
3494	22	-1	1147	237
3495	22	1	1376	325
3496	22	1	22	6
3497	22	-1	14	2
3498	22	-1	27	7
3499	22	-1	37	9
3500	22	-1	88	18
3501	22	-1	20	5
3502	22	-1	569	136
3503	22	-1	251	58
3504	22	1	82	21
3505	22	1	891	188
3506	22	-1	3282	653
3507	22	-1	1431	308
3508	22	1	6	2
3509	22	1	5	1
3510	22	1	34	9
3511	22	1	13	3
3512	22	1	789	180
3513	22	-1	121	28
3514	22	-1	166	38
3515	22	1	475	136
3516	22	1	61	15
3517	22	-1	105	28
3518	22	1	1037	224
3519	22	-1	222	42
3520	22	-1	124	36
3521	22	-1	146	42
3522	22	-1	2237	490
3523	22	1	201	52
3524	22	-1	293	71
3525	22	1	13	3
3526	22	-1	774	169
3527	22	-1	105	31
3528	22	-1	4	0
3529	22	-1	420	90
3530	22	-1	32052	6892
3531	22	-1	73	23
3532	22	0	11465	2496
3533	22	1	51	14
3534	22	1	14	5
3535	22	1	46	12
3536	22	-1	18780	3607
3537	22	1	600	128
3538	22	-1	565	136
3539	22	1	1399	284
3540	22	1	374	84
3541	22	1	12	3
3542	22	1	6	1
3543	22	-1	87	21
3544	22	1	54	16
3545	22	-1	317	72
3546	22	1	149	35
3547	22	-1	832	186
3548	22	1	111	27
3549	22	1	8	2
3550	22	1	149	36
3551	22	-1	104	25
3552	22	-1	39033	7955
3553	22	0	3290	629
3554	22	-1	337	82
3555	22	-1	781	175
3556	22	-1	222	50
3557	22	-1	277	55
3558	22	-1	19	3
3559	22	1	536	112
3560	22	1	113	29
3561	22	1	14	4
3562	22	1	9	3
3563	22	1	395	93
3564	22	1	172	35
3565	22	-1	189	39
3566	22	-1	192	47
3567	22	1	73	21
3568	22	-1	5	1
3569	22	1	1556	294
3570	22	1	480	102
3571	22	-1	678	144
3572	22	-1	650	143
3573	22	-1	91	23
3574	22	1	81	18
3575	22	1	1	0
3576	22	1	179	37
3577	22	1	2734	534
3578	22	1	8	2
3579	22	1	27	6
3580	22	1	1077	244
3581	22	1	138	35
3582	22	-1	78	19
3583	22	1	687	147
3584	22	-1	3731	870
3585	22	-1	79	22
3586	22	1	281	65
3587	22	1	48	11
3588	22	-1	2381	490
3589	22	1	165	35
3590	22	-1	1336	331
3591	22	1	9	2
3592	22	-1	894	181
3593	22	-1	686	162
3594	22	-1	299	62
3595	22	-1	72	19
3596	22	-1	1372	276
3597	22	-1	12	3
3598	22	-1	3017	618
3599	22	1	7	2
3600	22	-1	9	2
3601	22	1	457	93
3602	22	-1	397	88
3603	22	-1	389	96
3604	22	1	2144	497
3605	22	1	94	21
3606	22	-1	96	23
3607	22	1	2608	564
3608	22	-1	1230	252
3609	22	1	674	158
3610	22	1	94	20
3611	22	1	227	53
3612	22	-1	81	20
3613	22	1	7	1
3614	22	1	14	3
3615	22	-1	1179	220
3616	22	-1	218	56
3617	22	-1	1147	219
3618	22	1	113	30
3619	22	-1	441	89
3620	22	1	44	11
3621	22	1	132	28
3622	22	-1	358	77
3623	22	-1	104	23
3624	22	-1	58	14
3625	22	-1	259	60
3626	22	1	105	26
3627	22	-1	684	155
3628	22	-1	13	4
3629	22	-1	24	5
3630	22	1	1	0
3631	22	1	223	49
3632	22	-1	367	87
3633	22	1	2337	496
3634	22	1	12	3
3635	22	1	311	65
3636	22	1	111	32
3637	22	-1	4	0
3638	22	-1	241	64
3639	22	1	3	1
3640	22	1	151	37
3641	22	1	26	7
3642	22	-1	330	75
3643	22	1	66	17
3644	22	-1	2906	628
3645	22	1	647	151
3646	22	-1	237	45
3647	22	-1	24853	4844
3648	22	-1	3	0
3649	22	1	900	183
3650	22	1	148	31
3651	22	1	880	206
3652	22	-1	53	14
3653	22	-1	20	6
3654	22	1	38	11
3655	22	1	459	103
3656	22	1	8317	1697
3657	22	1	313	69
3658	22	1	340	70
3659	22	-1	5	0
3660	22	-1	603	145
3661	22	-1	166	42
3662	22	1	11	3
3663	22	-1	5	1
3664	22	1	1	0
3665	22	1	715	161
3666	22	1	148	35
3667	22	-1	62	16
3668	22	1	187	43
3669	22	-1	1054	244
3670	22	1	136	35
3671	22	1	16	4
3672	22	1	17	4
3673	22	-1	2502	519
3674	22	1	209	47
3675	22	-1	56	14
3676	22	1	44	11
3677	22	-1	1147	233
3678	22	1	31	8
3679	22	1	237	58
3680	22	1	172	39
3681	22	1	158	35
3682	22	1	72	16
3683	22	-1	200	40
3684	22	1	464	98
3685	22	1	235	51
3686	22	1	1	0
3687	22	1	63	18
3688	22	1	35	9
3689	22	-1	34	11
3690	22	1	3	0
3691	22	-1	5	1
3692	22	1	19	4
3693	22	1	2447	502
3694	22	-1	700	128
3695	22	1	270	77
3696	22	1	46	11
3697	22	0	5806	1264
3698	22	-1	71	19
3699	22	1	98	23
3700	22	-1	159	35
3701	22	1	989	220
3702	22	1	1	0
3703	22	1	1488	293
3704	22	-1	5	0
3705	22	0	372	81
3706	22	-1	389	96
3707	22	1	8	2
3708	22	1	377	85
3709	22	1	809	182
3710	22	-1	462	115
3711	22	-1	3763	735
3712	22	-1	671	173
3713	22	-1	3422	730
3714	22	-1	50	15
3715	22	-1	581	141
3716	22	-1	3	0
3717	22	1	88	25
3718	22	1	4886	1017
3719	22	1	1034	222
3720	22	1	42	10
3721	22	1	23	4
3722	22	-1	200	58
3723	22	1	80	22
3724	22	-1	134	36
3725	22	-1	130	32
3726	22	1	1039	231
3727	22	1	49	12
3728	22	1	42	12
3729	22	1	80	22
3730	22	-1	437	98
3731	22	-1	247	53
3732	22	-1	3071	703
3733	22	-1	4	0
3734	22	1	89	23
3735	22	-1	56	15
3736	22	-1	5859	1136
3737	22	1	813	208
3738	22	0	478	103
3739	22	1	89	23
3740	22	-1	267	62
3741	22	-1	284	75
3742	22	-1	299	70
3743	22	-1	15	4
3744	22	1	157	39
3745	22	1	22	5
3746	22	1	6	1
3747	22	-1	4733	923
3748	22	-1	1647	374
3749	22	1	54	11
3750	22	-1	1796	377
3751	22	0	160	36
3752	22	1	55	16
3753	22	1	1	0
3754	22	-1	346	73
3755	22	-1	83	21
3756	22	1	7707	1633
3757	22	1	791	186
3758	22	-1	256	62
3759	22	1	3	3
3760	22	-1	415	90
3761	22	-1	122	34
3762	22	1	2235	520
3763	22	-1	550	125
3764	22	1	275	59
3765	22	-1	375	100
3766	22	1	259	59
3767	22	-1	30	9
3768	22	1	351	87
3769	22	-1	12	3
3770	22	1	344	69
3771	23	1	16	4
3772	23	-1	1439	343
3773	23	-1	1338	293
3774	23	-1	7155	1476
3775	23	-1	3	0
3776	23	-1	2636	579
3777	23	-1	7980	1859
3778	23	1	1740	412
3779	23	0	13474	2998
3780	23	-1	1715	366
3781	23	-1	32	11
3782	23	1	3672	836
3783	23	-1	18389	3584
3784	23	0	55	15
3785	23	-1	2338	465
3786	23	1	193	42
3787	23	-1	506	128
3788	23	-1	294	69
3789	23	1	7	2
3790	23	1	2320	546
3791	23	1	672	151
3792	23	1	5489	1273
3793	23	1	15792	3163
3794	23	1	2620	621
3795	23	-1	710	149
3796	23	1	246	65
3797	23	-1	293	65
3798	23	-1	1581	352
3799	23	1	989	225
3800	23	-1	3892	821
3801	23	0	697	166
3802	23	1	301	76
3803	23	-1	75	20
3804	23	-1	1262	279
3805	23	1	2644	593
3806	23	-1	25638	5285
3807	23	1	1	0
3808	23	1	1137	266
3809	23	1	1	0
3810	23	1	22	5
3811	23	1	1182	253
3812	23	1	34	10
3813	23	1	1	0
3814	23	1	2334	449
3815	23	-1	409	113
3816	23	1	196	55
3817	23	1	20	6
3818	23	1	64	17
3819	23	-1	1443	315
3820	23	1	27886	5521
3821	23	1	758	185
3822	23	-1	166	46
3823	23	-1	61	19
3824	23	-1	952	200
3825	23	0	3553	790
3826	23	0	52	12
3827	23	-1	448	94
3828	23	1	20	4
3829	23	-1	3466	792
3830	23	1	91	18
3831	23	1	1317	263
3832	23	-1	128	34
3833	23	-1	150	45
3834	23	1	8	2
3835	23	1	16	6
3836	23	1	16	4
3837	23	1	7	2
3838	23	1	72	18
3839	23	-1	116	26
3840	23	-1	177	45
3841	23	-1	7261	1541
3842	23	1	699	158
3843	23	1	31	7
3844	23	-1	1520	343
3845	23	1	1244	311
3846	23	1	1277	298
3847	23	1	59	19
3848	23	1	2124	484
3849	23	-1	1142	254
3850	23	1	79	19
3851	23	1	353	88
3852	23	1	330	76
3853	23	-1	1214	277
3854	23	1	135	34
3855	23	1	541	120
3856	23	1	27317	5590
3857	23	1	3064	713
3858	23	-1	764	165
3859	23	-1	529	104
3860	23	-1	17217	3726
3861	23	1	103	28
3862	23	-1	302	78
3863	23	1	1396	321
3864	23	-1	910	197
3865	23	-1	3599	848
3866	23	1	41	10
3867	23	-1	712	155
3868	23	-1	21	5
3869	23	0	2640	563
3870	23	1	2173	461
3871	23	1	13	5
3872	23	-1	24826	5493
3873	23	1	233	56
3874	23	1	733	168
3875	23	1	239	55
3876	23	1	9146	1928
3877	23	1	3497	752
3878	23	1	125	26
3879	23	1	17	6
3880	23	1	66	16
3881	23	1	413	100
3882	23	-1	309	78
3883	23	1	75	18
3884	23	1	217	48
3885	23	1	14	4
3886	23	-1	33	10
3887	23	-1	5124	1206
3888	23	1	62	15
3889	23	1	34	9
3890	23	1	45	13
3891	23	-1	180	32
3892	23	1	14	3
3893	23	1	11759	2380
3894	23	1	1150	266
3895	23	1	1903	425
3896	23	-1	353	69
3897	23	-1	359	74
3898	23	1	74	16
3899	23	1	799	170
3900	23	-1	579	121
3901	23	1	23	8
3902	23	-1	118	32
3903	23	-1	2878	553
3904	23	1	1305	287
3905	23	-1	66	15
3906	23	-1	29	8
3907	23	-1	1109	214
3908	23	-1	66	20
3909	23	1	310	87
3910	23	1	515	111
3911	23	-1	1036	246
3912	23	-1	1656	380
3913	23	1	2556	598
3914	23	1	37	8
3915	23	-1	6	2
3916	23	-1	5995	1133
3917	23	1	7	2
3918	23	-1	3941	799
3919	23	-1	14427	3047
3920	23	1	16	6
3921	23	1	259	59
3922	23	1	1647	355
3923	23	1	2000	443
3924	23	1	1	0
3925	23	1	17	5
3926	23	1	966	226
3927	23	1	311	83
3928	23	-1	65559	13363
3929	23	-1	6	2
3930	23	1	1560	362
3931	23	0	1730	350
3932	23	1	17	3
3933	23	-1	9	2
3934	23	0	3192	746
3935	23	-1	693	170
3936	23	1	269	68
3937	23	-1	333	70
3938	23	1	3146	707
3939	23	1	4847	1114
3940	23	1	13	4
3941	23	-1	121	29
3942	23	-1	636	143
3943	23	0	1632	404
3944	23	1	4781	1084
3945	23	-1	2798	592
3946	23	1	20	7
3947	23	1	708	183
3948	23	1	7	2
3949	23	1	58	15
3950	23	-1	39	10
3951	23	-1	94	26
3952	23	-1	108	30
3953	23	-1	1968	474
3954	23	1	517	147
3955	23	1	9	2
3956	23	-1	1195	267
3957	23	1	962	218
3958	23	-1	839	182
3959	23	1	183	53
3960	23	-1	117	31
3961	23	1	102	24
3962	23	1	1692	418
3963	23	-1	382	84
3964	23	-1	319	66
3965	23	1	1	0
3966	23	-1	308	78
3967	23	1	48	13
3968	23	-1	339	84
3969	23	-1	3286	788
3970	23	-1	7	1
3971	23	-1	83	23
3972	23	-1	3	0
3973	23	-1	122	28
3974	23	-1	5890	1299
3975	23	-1	3	0
3976	23	-1	1443	306
3977	23	-1	22	10
3978	23	-1	1618	311
3979	23	1	190	43
3980	23	1	390	73
3981	23	1	234	59
3982	23	-1	3599	774
3983	23	1	454	99
3984	23	1	4550	1055
3985	23	1	7246	1498
3986	23	-1	592	144
3987	23	-1	284	66
3988	23	-1	9529	2093
3989	23	1	2967	628
3990	23	1	13	4
3991	23	1	15989	3504
3992	23	1	7987	1605
3993	23	1	193	47
3994	23	-1	737	174
3995	23	-1	150	41
3996	23	1	199	41
3997	23	-1	100	28
3998	23	1	336	76
3999	23	1	810	192
4000	23	1	4356	951
4001	23	1	15	3
4002	23	1	51	14
4003	23	1	34	9
4004	23	-1	444	112
4005	23	-1	426	109
4006	23	-1	388	76
4007	23	1	3	1
4008	23	1	189	50
4009	23	-1	159	43
4010	23	-1	459	108
4011	23	1	63	14
4012	23	-1	3337	708
4013	23	1	15257	3540
4014	23	1	30	10
4015	23	1	254	63
4016	23	-1	724	182
4017	23	1	194	43
4018	23	-1	368	81
4019	23	1	13	4
4020	23	1	51	13
4021	23	1	323	73
4022	23	1	1678	378
4023	23	0	79	17
4024	23	1	1	0
4025	23	-1	283	67
4026	23	1	882	190
4027	23	-1	23	4
4028	23	-1	213	55
4029	23	-1	4	0
4030	23	-1	57	10
4031	23	-1	148	38
4032	23	1	30	9
4033	23	-1	4	0
4034	23	1	10225	2300
4035	23	1	160	37
4036	23	0	2117	466
4037	23	1	8	2
4038	23	-1	214	53
4039	23	1	772	180
4040	23	1	32	10
4041	23	1	654	163
4042	23	1	42	9
4043	23	1	598	134
4044	23	-1	9695	2065
4045	23	-1	1596	338
4046	23	1	2042	421
4047	23	-1	982	209
4048	23	1	1470	341
4049	23	1	311	83
4050	23	1	1682	389
4051	23	1	1165	234
4052	23	1	78	17
4053	23	-1	1007	227
4054	23	1	364	87
4055	23	1	35266	7312
4056	23	-1	109	35
4057	23	1	3445	808
4058	23	1	15	4
4059	23	-1	63	20
4060	23	1	2404	551
4061	23	0	1113	245
4062	23	1	726	158
4063	23	-1	1202	289
4064	23	1	6	1
4065	23	-1	2176	483
4066	23	1	130	32
4067	23	1	3	1
4068	23	1	128	30
4069	23	1	1587	367
4070	23	-1	3599	764
4071	24	-1	5370	1284
4072	24	1	469	106
4073	24	1	6193	1422
4074	24	1	41	10
4075	24	1	11	2
4076	24	1	91	21
4077	24	1	25	6
4078	24	-1	106	33
4079	24	-1	587	138
4080	24	1	13	3
4081	24	-1	35313	7795
4082	24	1	1184	268
4083	24	1	571	132
4084	24	-1	81779	15187
4085	24	-1	411	91
4086	24	-1	5825	1329
4087	24	1	20	5
4088	24	-1	149	37
4089	24	1	667	158
4090	24	-1	7034	1355
4091	24	1	87	23
4092	24	1	716	172
4093	24	1	431	97
4094	24	1	3095	707
4095	24	-1	1891	361
4096	24	1	5	2
4097	24	-1	444	90
4098	24	1	2448	492
4099	24	-1	13806	2976
4100	24	-1	3981	867
4101	24	1	1653	365
4102	24	1	15023	3102
4103	24	1	1454	310
4104	24	1	18	5
4105	24	-1	548	105
4106	24	-1	2496	601
4107	24	-1	417	95
4108	24	-1	3	0
4109	24	1	235	59
4110	24	-1	206	58
4111	24	1	2893	549
4112	24	1	274	75
4113	24	-1	576	120
4114	24	1	34	7
4115	24	1	4081	1021
4116	24	1	1133	299
4117	24	1	3	0
4118	24	1	1448	333
4119	24	-1	3	0
4120	24	-1	23386	4732
4121	24	1	1043	233
4122	24	1	681	166
4123	24	-1	254	57
4124	24	1	5	2
4125	24	1	5	1
4126	24	-1	380	81
4127	24	1	2247	487
4128	24	-1	4659	967
4129	24	0	6755	1510
4130	24	-1	1379	311
4131	24	1	7189	1654
4132	24	1	326	84
4133	24	1	8	3
4134	24	1	3071	612
4135	24	1	1	0
4136	24	1	17	5
4137	24	-1	4	1
4138	24	1	31	7
4139	24	-1	354	92
4140	24	-1	2977	708
4141	24	1	47	15
4142	24	-1	2473	516
4143	24	-1	213	43
4144	24	-1	379	92
4145	24	-1	7374	1693
4146	24	1	266	65
4147	24	1	855	212
4148	24	-1	3450	782
4149	24	-1	5214	1157
4150	24	-1	2819	635
4151	24	-1	1807	393
4152	24	1	56	15
4153	24	-1	113	35
4154	24	0	16143	3568
4155	24	-1	540	135
4156	24	1	36	12
4157	24	-1	871	205
4158	24	1	1418	296
4159	24	1	1747	422
4160	24	1	1496	342
4161	24	1	5433	1282
4162	24	-1	34	15
4163	24	1	1024	241
4164	24	-1	288	73
4165	24	1	841	183
4166	24	1	320	82
4167	24	-1	4961	1141
4168	24	1	2511	548
4169	24	1	189	46
4170	24	1	8	2
4171	24	-1	54	15
4172	24	-1	111	33
4173	24	1	3223	742
4174	24	1	219	58
4175	24	1	3	1
4176	24	1	1355	304
4177	24	1	8	3
4178	24	-1	332	85
4179	24	1	1443	307
4180	24	1	680	175
4181	24	1	1453	307
4182	24	-1	30309	5853
4183	24	-1	338	69
4184	24	1	1489	407
4185	24	-1	815	204
4186	24	-1	4005	823
4187	24	-1	4503	1062
4188	24	1	9715	1951
4189	24	-1	15	5
4190	24	-1	950	217
4191	24	-1	3681	799
4192	24	-1	41	10
4193	24	1	2829	579
4194	24	1	3996	907
4195	24	-1	605	150
4196	24	-1	7443	1461
4197	24	1	834	212
4198	24	-1	30	8
4199	24	1	32	7
4200	24	-1	910	233
4201	24	-1	3081	651
4202	24	-1	2057	440
4203	24	-1	5825	1326
4204	24	-1	251	66
4205	24	-1	2756	622
4206	24	1	6	2
4207	24	-1	4206	933
4208	24	1	2163	557
4209	24	-1	80	18
4210	24	1	14	3
4211	24	-1	4734	1008
4212	24	1	5	1
4213	24	-1	3	0
4214	24	-1	22164	4552
4215	24	-1	26612	5399
4216	24	1	222	52
4217	24	-1	1744	406
4218	24	1	1272	281
4219	24	1	6773	1386
4220	24	-1	2012	383
4221	24	1	29597	6818
4222	24	-1	379	87
4223	24	1	13	4
4224	24	1	37	11
4225	24	1	1944	425
4226	24	-1	191	62
4227	24	1	12869	2671
4228	24	1	4	1
4229	24	-1	154	43
4230	24	-1	1786	438
4231	24	-1	11347	2513
4232	24	-1	5918	1247
4233	24	-1	887	211
4234	24	-1	12338	2843
4235	24	-1	2153	487
4236	24	-1	296	79
4237	24	1	1852	368
4238	24	1	1110	266
4239	24	-1	4006	937
4240	24	-1	5109	1173
4241	24	-1	125	37
4242	24	-1	5825	1466
4243	24	1	66	21
4244	24	-1	8658	1982
4245	24	1	281	62
4246	24	1	520	131
4247	24	1	62968	12185
4248	24	-1	32795	6203
4249	24	-1	3565	740
4250	24	-1	11037	2094
4251	24	-1	219	51
4252	24	1	1	0
4253	24	-1	35	7
4254	24	-1	314	59
4255	24	1	1239	267
4256	24	-1	1138	247
4257	24	-1	1554	327
4258	24	1	1757	357
4259	24	1	853	181
4260	24	1	1454	298
4261	24	1	651	165
4262	24	-1	1266	278
4263	24	-1	63	16
4264	24	1	684	150
4265	24	1	3257	696
4266	24	-1	4	0
4267	24	-1	1368	196
4268	24	-1	447	72
4269	24	1	38	6
4270	24	1	1528	229
4271	24	1	18	3
4272	24	-1	17590	2500
4273	24	1	2638	389
4274	24	1	6	1
4275	24	-1	8	1
4276	24	1	9350	1487
4277	24	1	2019	294
4278	24	1	3	1
4279	24	-1	3817	580
4280	24	-1	563	90
4281	24	1	1961	277
4282	24	-1	2540	315
4283	24	1	6976	1092
4284	24	1	6	0
4285	24	1	576	103
4286	24	1	56	10
4287	24	-1	723	113
4288	24	1	37	8
4289	24	-1	472	65
4290	24	1	586	87
4291	24	1	4712	557
4292	24	1	4694	674
4293	24	0	483	72
4294	24	1	859	121
4295	24	-1	4346	642
4296	24	-1	3565	556
4297	24	-1	3	0
4298	24	-1	1763	303
4299	24	-1	5053	802
4300	24	-1	5323	811
4301	24	-1	3829	600
4302	24	0	673	111
4303	24	-1	4831	716
4304	24	1	1111	186
4305	24	1	154	32
4306	24	1	1064	188
4307	24	-1	91	16
4308	24	-1	5002	790
4309	24	-1	1622	275
4310	24	1	102	24
4311	24	-1	1290	202
4312	24	1	1	0
4313	24	1	953	160
4314	24	-1	125	23
4315	24	1	172	27
4316	24	-1	5825	1044
4317	24	-1	5113	757
4318	24	1	130	25
4319	24	1	854	143
4320	24	1	578	102
4321	24	-1	5825	676
4322	24	-1	3173	551
4323	24	-1	397	71
4324	24	1	320	67
4325	24	-1	2165	331
4326	24	-1	9	1
4327	24	1	184	32
4328	24	1	1147	207
4329	24	-1	6051	968
4330	24	0	2469	408
4331	24	-1	99	21
4332	24	1	1688	293
4333	24	-1	3392	542
4334	24	-1	478	72
4335	24	-1	104077	15735
4336	24	-1	5825	1005
4337	24	1	1	0
4338	24	1	6227	1050
4339	24	-1	225	36
4340	24	1	33	7
4341	24	-1	249	49
4342	24	-1	105	23
4343	24	-1	748	124
4344	24	1	50	8
4345	24	1	4	0
4346	24	1	5	1
4347	24	1	204	35
4348	24	1	26	5
4349	24	0	16670	2656
4350	24	-1	2154	371
4351	24	-1	877	145
4352	24	-1	1947	340
4353	24	0	796	140
4354	24	1	66	13
4355	24	-1	229	49
4356	24	-1	11994	1830
4357	24	1	16	4
4358	24	-1	78	15
4359	24	-1	1459	238
4360	24	1	804	144
4361	24	0	871	154
4362	24	1	546	92
4363	24	1	265	46
4364	24	1	494	90
4365	24	1	2642	470
4366	24	1	16287	2379
4367	24	1	72	11
4368	24	-1	384	67
4369	24	1	1719	283
4370	24	-1	434	76
4371	25	-1	547	89
4372	25	1	262	54
4373	25	-1	2189	354
4374	25	1	29	6
4375	25	-1	3148	507
4376	25	-1	1663	297
4377	25	1	368	69
4378	25	1	20182	3212
4379	25	1	1497	251
4380	25	1	2896	473
4381	25	0	3502	631
4382	25	-1	1594	266
4383	25	-1	8133	1452
4384	25	1	6	1
4385	25	-1	134	25
4386	25	-1	32222	5536
4387	25	1	517	100
4388	25	1	19	4
4389	25	-1	459	103
4390	25	1	118	26
4391	25	-1	22767	3630
4392	25	-1	389	83
4393	25	1	171	28
4394	25	1	170	35
4395	25	1	1	0
4396	25	-1	224548	32466
4397	25	1	364	63
4398	25	-1	296	66
4399	25	-1	3043	510
4400	25	1	1967	357
4401	25	-1	161	35
4402	25	1	1583	263
4403	25	1	293	61
4404	25	1	1492	236
4405	25	-1	15671	2426
4406	25	1	3179	574
4407	25	1	123	23
4408	25	1	2315	391
4409	25	-1	1886	336
4410	25	1	6805	1161
4411	25	1	1548	275
4412	25	1	1	0
4413	25	-1	224	48
4414	25	-1	27849	4638
4415	25	-1	5743	1012
4416	25	1	756	135
4417	25	0	10113	1821
4418	25	1	88491	14705
4419	25	1	65	15
4420	25	1	475	89
4421	25	1	3795	647
4422	25	1	1862	322
4423	25	1	1844	322
4424	25	-1	47	8
4425	25	1	2765	476
4426	25	1	35	8
4427	25	1	47	9
4428	25	1	1866	328
4429	25	1	1630	271
4430	25	-1	4792	863
4431	25	1	1044	204
4432	25	1	1541	256
4433	25	1	9	2
4434	25	1	1074	196
4435	25	1	22628	3885
4436	25	-1	618	114
4437	25	1	283	52
4438	25	-1	11849	2063
4439	25	1	4	1
4440	25	1	34181	5786
4441	25	0	11968	2080
4442	25	-1	1693	268
4443	25	1	945	181
4444	25	-1	4464	761
4445	25	1	227	46
4446	25	1	2049	355
4447	25	1	8063	1427
4448	25	-1	80003	12534
4449	25	-1	54830	8579
4450	25	1	5064	903
4451	25	-1	5762	1017
4452	25	-1	14504	2413
4453	25	1	451	72
4454	25	1	6365	1030
4455	25	-1	327	58
4456	25	1	2192	328
4457	25	1	277	54
4458	25	1	23	5
4459	25	-1	23009	4010
4460	25	-1	124067	19212
4461	25	-1	1077	192
4462	25	0	7803	1440
4463	25	-1	4	0
4464	25	1	1655	329
4465	25	1	376	72
4466	25	-1	31	8
4467	25	-1	2987	518
4468	25	-1	380	70
4469	25	-1	389	69
4470	25	1	311	47
4471	25	-1	1663	307
4472	25	-1	65261	11169
4473	25	-1	2987	517
4474	25	1	27212	4585
4475	25	1	1	0
4476	25	-1	2787	511
4477	25	-1	153	36
4478	25	-1	649	109
4479	25	-1	6514	1019
4480	25	-1	19	5
4481	25	1	15	3
4482	25	-1	170	33
4483	25	1	4356	830
4484	25	1	410	76
4485	25	-1	16621	2839
4486	25	-1	3555	663
4487	25	0	13047	2136
4488	25	-1	3	0
4489	25	1	57024	10394
4490	25	1	4769	837
4491	25	1	9	2
4492	25	1	8469	1575
4493	25	1	37	10
4494	25	-1	1143	200
4495	25	1	173	36
4496	25	1	1323	237
4497	25	1	57	21
4498	25	1	64	12
4499	25	1	327	70
4500	25	1	6130	1072
4501	25	-1	23988	3830
4502	25	-1	40935	6876
4503	25	-1	1559	353
4504	25	0	4105	692
4505	25	-1	214	32
4506	25	-1	1132	209
4507	25	-1	20108	3423
4508	25	1	3727	706
4509	25	-1	73	14
4510	25	1	226	53
4511	25	1	664	122
4512	25	-1	9433	1561
4513	25	-1	3954	682
4514	25	1	4596	884
4515	25	1	572	104
4516	25	1	14	4
4517	25	0	35321	5656
4518	25	1	1702	299
4519	25	-1	1578	272
4520	25	1	28033	4977
4521	25	1	136	39
4522	25	-1	1888	346
4523	25	1	35290	5840
4524	25	-1	161	23
4525	25	1	19	4
4526	25	-1	1456	293
4527	25	-1	3296	595
4528	25	1	519	86
4529	25	0	27404	4752
4530	25	1	1	0
4531	25	1	567	108
4532	25	1	1364	271
4533	25	1	4446	811
4534	25	1	349	67
4535	25	-1	1961	375
4536	25	-1	70	16
4537	25	1	57238	9449
4538	25	1	351	84
4539	25	1	1590	287
4540	25	1	7254	1299
4541	25	1	123	27
4542	25	-1	23177	3824
4543	25	1	26	6
4544	25	1	7	2
4545	25	1	14	3
4546	25	1	1189	223
4547	25	1	4241	744
4548	25	-1	4394	822
4549	25	-1	509	87
4550	25	-1	316	65
4551	25	-1	738	147
4552	25	1	5	1
4553	25	-1	9	2
4554	25	1	137	26
4555	25	1	4	0
4556	25	-1	30	6
4557	25	-1	102	22
4558	25	1	394	80
4559	25	1	871	150
4560	25	1	24509	4550
4561	25	1	30	8
4562	25	1	39	9
4563	25	-1	21483	3892
4564	25	1	6	1
4565	25	-1	3098	582
4566	25	-1	18085	2941
4567	25	-1	1726	315
4568	25	1	762	135
4569	25	1	1	0
4570	25	1	51	11
4571	25	0	1307	247
4572	25	1	905	170
4573	25	1	493	92
4574	25	1	345	68
4575	25	-1	13	3
4576	25	1	9328	2081
4577	25	-1	23557	4772
4578	25	1	1	0
4579	25	-1	25331	5496
4580	25	-1	367	110
4581	25	-1	6034	1456
4582	25	-1	31620	6949
4583	25	1	622	142
4584	25	-1	260	63
4585	25	1	12428	2884
4586	25	1	1313	310
4587	25	1	4459	1041
4588	25	-1	47494	9498
4589	25	1	1959	454
4590	25	-1	203	52
4591	25	0	240240	50093
4592	25	1	424	92
4593	25	-1	10557	2380
4594	25	1	91692	18937
4595	25	1	29205	5737
4596	25	1	345	79
4597	25	1	8450	1603
4598	25	-1	39	9
4599	25	0	21348	5069
4600	25	1	141368	29687
4601	25	1	36	12
4602	25	1	1	0
4603	25	-1	4022	916
4604	25	-1	2670	637
4605	25	-1	5332	1219
4606	25	1	29444	6380
4607	25	-1	1880	444
4608	25	1	1258	291
4609	25	1	9	2
4610	25	-1	863	184
4611	25	-1	5129	1207
4612	25	1	365	97
4613	25	1	40919	8786
4614	25	1	5722	1186
4615	25	-1	2462	547
4616	25	-1	19396	3807
4617	25	-1	27347	5942
4618	25	-1	5929	1123
4619	25	1	328	71
4620	25	1	293	78
4621	25	1	16947	3264
4622	25	-1	371	53
4623	25	1	1658	245
4624	25	1	166	26
4625	25	1	3577	531
4626	25	1	64	11
4627	25	-1	543	94
4628	25	-1	53166	7495
4629	25	1	773	138
4630	25	1	16356	2500
4631	25	1	134	24
4632	25	1	24	4
4633	25	1	1464	231
4634	25	-1	127	28
4635	25	-1	32134	5036
4636	25	1	4950	866
4637	25	1	2491	383
4638	25	1	1562	259
4639	25	-1	22648	3592
4640	25	1	210	40
4641	25	-1	18562	2989
4642	25	-1	5	1
4643	25	1	4375	765
4644	25	-1	7374	1112
4645	25	1	368	70
4646	25	1	4	1
4647	25	1	933	164
4648	25	-1	5343	823
4649	25	-1	12473	1908
4650	25	-1	347	59
4651	25	-1	2835	443
4652	25	-1	1275	218
4653	25	1	841	142
4654	25	1	307	48
4655	25	1	24276	3874
4656	25	-1	163	38
4657	25	1	1947	326
4658	25	-1	198	32
4659	25	-1	2756	434
4660	25	1	15	3
4661	25	1	22	5
4662	25	1	1	0
4663	25	1	483	84
4664	25	1	81	13
4665	25	1	162	29
4666	25	1	1	0
4667	25	-1	4764	724
4668	25	-1	1032	181
4669	25	1	23137	3770
4670	25	-1	162	30
4671	26	-1	7802	1112
4672	26	1	2133	356
4673	26	-1	4104	687
4674	26	-1	1216	223
4675	26	1	1213	204
4676	26	-1	5263	891
4677	26	1	14785	2114
4678	26	1	2180	324
4679	26	-1	288659	46642
4680	26	-1	5176	997
4681	26	0	4590	847
4682	26	-1	3	0
4683	26	-1	29	10
4684	26	1	7	1
4685	26	-1	19245	2915
4686	26	-1	13322	2357
4687	26	-1	254	44
4688	26	1	41630	8050
4689	26	-1	439299	73533
4690	26	-1	8206	1363
4691	26	0	23294	3919
4692	26	1	7369	1224
4693	26	1	11334	1874
4694	26	1	35978	6240
4695	26	-1	6445	1104
4696	26	-1	5084	896
4697	26	1	1308	263
4698	26	-1	39	8
4699	26	1	22187	4407
4700	26	1	20	5
4701	26	-1	57367	9326
4702	26	-1	5544	956
4703	26	1	177	48
4704	26	1	2200	540
4705	26	1	260	63
4706	26	-1	28013	5877
4707	26	-1	18637	3986
4708	26	1	616	114
4709	26	1	19407	4554
4710	26	-1	201	64
4711	26	1	547	156
4712	26	-1	11284	2685
4713	26	1	453	128
4714	26	1	5837	1364
4715	26	1	33	7
4716	26	1	12881	2998
4717	26	-1	80	20
4718	26	-1	28835	6102
4719	26	1	10743	2174
4720	26	-1	26504	5296
4721	26	-1	2882	582
4722	26	1	10831	2205
4723	26	-1	597677	120004
4724	26	1	6523	1488
4725	26	-1	37442	8190
4726	26	-1	30311	6502
4727	26	1	44201	9933
4728	26	-1	4	1
4729	26	-1	17546	3490
4730	26	1	1	0
4731	26	-1	62877	13754
4732	26	1	12203	2597
4733	26	-1	1901	387
4734	26	1	2036	443
4735	26	-1	322	67
4736	26	-1	22447	4981
4737	26	1	5438	1260
4738	26	-1	38283	8324
4739	26	1	1755	422
4740	26	1	65	28
4741	26	1	7567	1736
4742	26	-1	1420	330
4743	26	1	2283	512
4744	26	-1	32724	6432
4745	26	-1	6754	1462
4746	26	1	1563	339
4747	26	-1	78969	15465
4748	26	-1	3	0
4749	26	-1	100	20
4750	26	1	14662	2351
4751	26	-1	215525	33716
4752	26	-1	22266	3259
4753	26	-1	1473	209
4754	26	1	32	6
4755	26	1	29	6
4756	26	0	5635	875
4757	26	1	17654	2942
4758	26	-1	20638	3384
4759	26	1	9422	1582
4760	26	-1	9374	1469
4761	26	-1	6058	1013
4762	26	-1	6020	1007
4763	26	-1	4	0
4764	26	-1	22948	3425
4765	26	-1	327	58
4766	26	1	26560	4494
4767	26	-1	327914	53931
4768	26	1	3509	567
4769	26	1	1582	283
4770	26	-1	534	107
4771	26	-1	5944	973
4772	26	1	24820	4166
4773	26	-1	47118	7953
4774	26	1	11986	1875
4775	26	1	3121	594
4776	26	1	1929	302
4777	26	-1	3	0
4778	26	1	1259	264
4779	26	-1	1149	206
4780	26	-1	13838	2494
4781	26	1	31	7
4782	26	-1	272	79
4783	26	-1	240	51
4784	26	1	7407	1223
4785	26	1	6959	1185
4786	26	1	7140	1338
4787	26	1	167772	29669
4788	26	-1	14167	2233
4789	26	-1	31459	5506
4790	26	-1	9371	1525
4791	26	1	8918	1523
4792	26	-1	5106	890
4793	26	-1	859	173
4794	26	1	13243	2043
4795	26	-1	8631	1379
4796	26	-1	62	16
4797	26	1	36	7
4798	26	-1	3	0
4799	26	1	2624	440
4800	26	-1	363	80
4801	26	1	2598	497
4802	26	-1	4	0
4803	26	1	10343	1791
4804	26	-1	69	21
4805	26	1	3333	621
4806	26	1	32149	5458
4807	26	1	1	0
4808	26	-1	136385	19824
4809	26	1	24	7
4810	26	-1	332825	55092
4811	26	1	14724	2452
4812	26	1	228	45
4813	26	-1	5176	1008
4814	26	1	17343	3358
4815	26	-1	387431	65062
4816	26	-1	355	69
4817	26	1	4866	858
4818	26	1	258	51
4819	26	1	1949	389
4820	26	1	40	10
4821	26	-1	6622	1289
4822	26	1	542	115
4823	26	1	7127	1275
4824	26	1	69	12
4825	26	1	15011	2694
4826	26	1	738	141
4827	26	1	1393	258
4828	26	-1	16911	2983
4829	26	-1	1206	187
4830	26	1	6987	1273
4831	26	1	1754	283
4832	26	1	130	26
4833	26	-1	9342	1567
4834	26	1	9	2
4835	26	-1	10723	1813
4836	26	-1	15223	2771
4837	26	0	3885	663
4838	26	1	1027	197
4839	26	1	112	30
4840	26	1	10831	1905
4841	26	1	29572	5154
4842	26	-1	1945	402
4843	26	1	7810	1303
4844	26	-1	29480	5270
4845	26	1	2045	401
4846	26	1	4082	749
4847	26	1	2329	425
4848	26	-1	1841	358
4849	26	-1	3154	568
4850	26	-1	6339	1030
4851	26	1	1064	193
4852	26	-1	306488	52553
4853	26	1	497	82
4854	26	-1	1537	278
4855	26	1	984	156
4856	26	1	11922	2159
4857	26	1	1	0
4858	26	0	44515	8026
4859	26	1	1106	197
4860	26	1	285	59
4861	26	1	5050	866
4862	26	1	36761	6132
4863	26	-1	47131	8143
4864	26	-1	5267	780
4865	26	1	124	28
4866	26	1	1265	284
4867	26	-1	10723	1911
4868	26	-1	222768	37626
4869	26	-1	18396	3180
4870	26	-1	444	83
4871	26	1	4650	778
4872	26	-1	1270	233
4873	26	-1	2859	543
4874	26	-1	3868	687
4875	26	-1	7230	1252
4876	26	-1	1751	306
4877	26	1	3	0
4878	26	-1	7946	1406
4879	26	-1	618	120
4880	26	-1	55785	10000
4881	26	-1	1271	211
4882	26	-1	2274	428
4883	26	1	5130	894
4884	26	1	11323	1962
4885	26	1	560	118
4886	26	-1	280399	46565
4887	26	-1	17805	3393
4888	26	1	10474	1675
4889	26	1	10831	1866
4890	26	1	4179	717
4891	26	1	206	41
4892	26	1	64	14
4893	26	-1	433	71
4894	26	-1	9812	1746
4895	26	1	36027	6156
4896	26	-1	973	155
4897	26	1	1	0
4898	26	-1	148689	24820
4899	26	1	6	2
4900	26	1	9384	1538
4901	26	-1	7	1
4902	26	-1	126	24
4903	26	1	4742	849
4904	26	-1	2507	458
4905	26	-1	5176	1015
4906	26	1	10379	1872
4907	26	-1	85	27
4908	26	1	11	2
4909	26	1	2156	396
4910	26	-1	6886	1089
4911	26	-1	17041	2866
4912	26	1	43826	7226
4913	26	-1	232794	44117
4914	26	1	85	18
4915	26	1	21869	3761
4916	26	1	14900	2511
4917	26	1	17057	2805
4918	26	1	869	143
4919	26	-1	4307	768
4920	26	1	182	31
4921	26	1	3	1
4922	26	-1	379	76
4923	26	1	3760	608
4924	26	1	5761	872
4925	26	-1	4938	817
4926	26	1	26928	4274
4927	26	1	445	79
4928	26	-1	22214	3324
4929	26	-1	341	68
4930	26	1	144	26
4931	26	1	9123	1573
4932	26	1	241	39
4933	26	1	5376	811
4934	26	1	14841	2399
4935	26	1	418	71
4936	26	-1	137	32
4937	26	-1	118	29
4938	26	-1	264970	41870
4939	26	-1	744715	117360
4940	26	-1	1120	203
4941	26	1	7268	1360
4942	26	-1	210	37
4943	26	1	24	6
4944	26	1	1688	243
4945	26	-1	408399	71491
4946	26	1	188	41
4947	26	1	12371	2098
4948	26	-1	4951	858
4949	26	1	3509	592
4950	26	1	107	21
4951	26	-1	764	154
4952	26	1	25	5
4953	26	-1	2396	467
4954	26	1	2134	413
4955	26	-1	3290	576
4956	26	1	9	2
4957	26	1	6095	1067
4958	26	1	150674	28117
4959	26	1	30781	5474
4960	26	-1	2507	455
4961	26	1	564	105
4962	26	1	2259	476
4963	26	-1	9742	1778
4964	26	-1	18720	3223
4965	26	1	1087	212
4966	26	1	996	168
4967	26	1	29	7
4968	26	1	3382	645
4969	26	1	13	2
4970	26	1	80	14
4971	27	1	33114	5580
4972	27	-1	1605	355
4973	27	1	5447	969
4974	27	-1	23893	4178
4975	27	1	2673	473
4976	27	1	258791	44608
4977	27	-1	60424	10990
4978	27	1	46	9
4979	27	1	12458	2180
4980	27	-1	398	80
4981	27	1	547	111
4982	27	-1	35	5
4983	27	1	10830	2013
4984	27	1	735	137
4985	27	-1	217247	35675
4986	27	1	9	2
4987	27	1	4369	740
4988	27	-1	7256	1270
4989	27	1	174	40
4990	27	-1	8141	1499
4991	27	1	1333	250
4992	27	1	1	0
4993	27	-1	31609	5755
4994	27	1	102765	16147
4995	27	-1	572	120
4996	27	1	19598	3536
4997	27	1	1937	394
4998	27	1	35	10
4999	27	1	443	89
5000	27	1	610	124
5001	27	-1	139207	23108
5002	27	1	50065	8670
5003	27	-1	56942	10048
5004	27	1	14871	2752
5005	27	1	110665	17696
5006	27	-1	5001	877
5007	27	1	7624	1215
5008	27	-1	24096	3610
5009	27	-1	395	72
5010	27	1	7425	1127
5011	27	-1	272	46
5012	27	-1	19	3
5013	27	1	22903	3844
5014	27	1	593	86
5015	27	1	8461	1537
5016	27	1	204788	30309
5017	27	1	381	66
5018	27	1	43001	7213
5019	27	1	72	17
5020	27	1	337	65
5021	27	1	144	37
5022	27	1	4440	843
5023	27	-1	12316	2020
5024	27	1	339118	60058
5025	27	1	330775	58956
5026	27	1	28367	5000
5027	27	1	3	1
5028	27	-1	1584	309
5029	27	-1	256534	42486
5030	27	1	14526	2335
5031	27	1	798	152
5032	27	-1	417934	71766
5033	27	-1	315	72
5034	27	-1	72260	12889
5035	27	-1	373	83
5036	27	1	11993	2231
5037	27	1	116	29
5038	27	1	418	82
5039	27	-1	3861	693
5040	27	1	377	75
5041	27	-1	173390	32242
5042	27	-1	4	1
5043	27	1	33986	6238
5044	27	1	659	130
5045	27	-1	30181	4966
5046	27	1	6597	1192
5047	27	1	7688	1251
5048	27	1	440	78
5049	27	-1	37	8
5050	27	1	12	3
5051	27	1	21	5
5052	27	-1	67329	12414
5053	27	1	5	1
5054	27	-1	116520	18990
5055	27	1	21088	3676
5056	27	1	156	26
5057	27	-1	6	0
5058	27	1	1	0
5059	27	1	1	0
5060	27	0	300987	51420
5061	27	1	57332	9668
5062	27	-1	5111	922
5063	27	-1	2756	524
5064	27	1	961	182
5065	27	1	466510	79170
5066	27	1	1	0
5067	27	1	5469	1064
5068	27	1	55201	9476
5069	27	1	4833	832
5070	27	-1	192	44
5071	27	1	6950	1253
5072	27	1	1	0
5073	27	1	32	7
5074	27	-1	9123	1717
5075	27	1	2316	492
5076	27	-1	5224	923
5077	27	1	402	100
5078	27	-1	74300	13511
5079	27	1	179	32
5080	27	-1	3303	575
5081	27	1	29	7
5082	27	-1	8428	1436
5083	27	-1	42328	7641
5084	27	1	15762	2883
5085	27	1	652262	112265
5086	27	-1	517	106
5087	27	1	403046	65485
5088	27	1	908	208
5089	27	1	4332	760
5090	27	1	13107	2364
5091	27	1	4476	791
5092	27	1	2194	434
5093	27	-1	82021	13027
5094	27	-1	7929	1382
5095	27	-1	32878	5611
5096	27	1	37295	6740
5097	27	1	6437	1218
5098	27	1	538	110
5099	27	1	35518	6211
5100	27	1	3	1
5101	27	1	935	170
5102	27	1	127591	23161
5103	27	-1	1115	195
5104	27	-1	16669	3108
5105	27	1	4	1
5106	27	1	1310	228
5107	27	-1	22992	4222
5108	27	-1	3078	565
5109	27	1	463630	80761
5110	27	1	4271	747
5111	27	1	6249	1253
5112	27	-1	12845	2062
5113	27	1	2649	490
5114	27	1	13821	2620
5115	27	1	406024	67477
5116	27	1	36739	6228
5117	27	1	16529	2783
5118	27	1	3	1
5119	27	1	54529	9877
5120	27	1	6951	1174
5121	27	-1	203408	34709
5122	27	1	20	6
5123	27	1	361949	69470
5124	27	-1	47930	8889
5125	27	-1	27634	5090
5126	27	-1	34658	6494
5127	27	-1	156	39
5128	27	1	69	18
5129	27	1	2480	541
5130	27	-1	5597	1327
5131	27	1	4	1
5132	27	-1	4	1
5133	27	1	62	25
5134	27	1	23848	5281
5135	27	1	10	4
5136	27	1	3461	767
5137	27	1	2210	507
5138	27	1	163087	33343
5139	27	1	262692	45129
5140	27	-1	28434	4911
5141	27	-1	442	100
5142	27	1	89062	15427
5143	27	1	2353	450
5144	27	1	727009	108228
5145	27	1	134360	20600
5146	27	1	22	4
5147	27	1	21	4
5148	27	-1	19326	3012
5149	27	1	297	53
5150	27	1	22	4
5151	27	-1	259062	42657
5152	27	1	79523	13350
5153	27	-1	62692	9599
5154	27	1	521	88
5155	27	1	52924	9073
5156	27	1	16	4
5157	27	-1	3559	638
5158	27	1	61655	10791
5159	27	-1	472032	77760
5160	27	-1	1028	170
5161	27	-1	15101	2568
5162	27	1	23911	4002
5163	27	1	23161	4020
5164	27	1	16309	3032
5165	27	1	98	20
5166	27	1	16868	3106
5167	27	1	2867	514
5168	27	-1	24142	4051
5169	27	1	36054	6274
5170	27	-1	2204	395
5171	27	1	803	143
5172	27	1	220579	48912
5173	27	-1	1280	315
5174	27	1	374791	68238
5175	27	1	1693093	314938
5176	27	1	641	190
5177	27	1	3987	1027
5178	27	1	262692	44593
5179	27	-1	6	1
5180	27	1	170	35
5181	27	-1	11832	1968
5182	27	-1	564	84
5183	27	1	47	10
5184	27	-1	41278	7029
5185	27	-1	3088	591
5186	27	1	1450	231
5187	27	1	13306	2550
5188	27	1	44479	8171
5189	27	-1	2074	409
5190	27	-1	1989	407
5191	27	-1	14989	2777
5192	27	1	48380	8233
5193	27	1	16139	2470
5194	27	-1	26238	4671
5195	27	1	5	2
5196	27	-1	8471	1384
5197	27	1	898	172
5198	27	1	61	12
5199	27	-1	18482	3059
5200	27	1	670	125
5201	27	1	1	0
5202	27	-1	195395	33972
5203	27	1	2280	438
5204	27	-1	1811	351
5205	27	0	4305	693
5206	27	-1	1147	248
5207	27	1	1273	221
5208	27	-1	10317	2239
5209	27	-1	885	185
5210	27	1	807	237
5211	27	-1	1754	481
5212	27	1	5173	1320
5213	27	1	295	93
5214	27	1	14	5
5215	27	-1	17225	4352
5216	27	1	12952	3170
5217	27	1	39287	8706
5218	27	-1	1812	462
5219	27	1	2376	479
5220	27	1	2600	594
5221	27	1	5435	1214
5222	27	-1	32	13
5223	27	-1	1143	274
5224	27	1	17243	3519
5225	27	1	5343	1385
5226	27	1	2360	591
5227	27	1	2055	621
5228	27	1	373	107
5229	27	-1	3	0
5230	27	-1	2956	764
5231	27	1	11527	2547
5232	27	1	3084	645
5233	27	1	202	59
5234	27	1	7684	1732
5235	27	1	5	2
5236	27	1	521770	96941
5237	27	0	929544	162843
5238	27	-1	77720	14209
5239	27	-1	6	1
5240	27	-1	124758	21238
5241	27	1	5	1
5242	27	1	40268	7482
5243	27	1	3001	580
5244	27	1	6336	1143
5245	27	-1	16	3
5246	27	-1	3491	684
5247	27	1	390968	63900
5248	27	1	31899	5742
5249	27	1	3554	656
5250	27	-1	315747	49594
5251	27	-1	7013	1284
5252	27	1	485887	85988
5253	27	1	1350	299
5254	27	1	20247	4725
5255	27	1	125	42
5256	27	1	524	126
5257	27	-1	261860	58363
5258	27	1	16	5
5259	27	-1	3	0
5260	27	1	8094	1993
5261	27	1	11133	2479
5262	27	1	13843	3051
5263	27	1	1519	327
5264	27	-1	877	146
5265	27	1	5944	884
5266	27	1	53735	7960
5267	27	-1	3154	544
5268	27	-1	7605	1296
5269	27	1	11518	1875
5270	27	1	1192	199
5271	28	-1	492971	81704
5272	28	1	230969	38785
5273	28	1	2880	507
5274	28	-1	22	6
5275	28	-1	3015	551
5276	28	-1	23067	4037
5277	28	-1	376	70
5278	28	1	45261	8468
5279	28	1	1039	174
5280	28	1	30150	5552
5281	28	1	45261	7863
5282	28	-1	50055	8625
5283	28	1	1	0
5284	28	-1	2058456	400696
5285	28	1	32854	5694
5286	28	-1	22899	4158
5287	28	-1	129313	27986
5288	28	1	1	1
5289	28	-1	35076	8169
5290	28	1	184712	36183
5291	28	1	206639	41196
5292	28	1	154454	27732
5293	28	-1	6216	1226
5294	28	-1	17	4
5295	28	1	13681	2905
5296	28	-1	14298	2654
5297	28	-1	4205	793
5298	28	1	50	12
5299	28	1	88506	15127
5300	28	1	259652	54615
5301	28	1	16896	3625
5302	28	-1	7	2
5303	28	-1	63922	15036
5304	28	1	16165	3599
5305	28	1	173969	37333
5306	28	1	1459	236
5307	28	1	347213	55012
5308	28	1	5368	957
5309	28	1	6781	1182
5310	28	-1	263595	47174
5311	28	-1	177	45
5312	28	-1	353996	60492
5313	28	1	333712	60492
5314	28	1	67380	12230
5315	28	1	40	11
5316	28	-1	22	6
5317	28	-1	4685	848
5318	28	-1	1510	333
5319	28	1	10	2
5320	28	1	290	65
5321	28	-1	10247	2126
5322	28	1	538542	92667
5323	28	1	10049	2601
5324	28	1	5445	1375
5325	28	-1	314202	71412
5326	28	-1	148576	33334
5327	28	-1	197386	34099
5328	28	-1	75767	13345
5329	28	-1	5340	1031
5330	28	-1	155	36
5331	28	-1	53525	9268
5332	28	1	45503	7937
5333	28	1	17350	3154
5334	28	1	1097617	188752
5335	28	-1	275776	47877
5336	28	-1	3038	687
5337	28	-1	3523	605
5338	28	-1	117	32
5339	28	-1	2792	488
5340	28	1	325	69
5341	28	-1	1049	188
5342	28	1	4	1
5343	28	1	21947	3899
5344	28	1	167685	30026
5345	28	-1	141112	24981
5346	28	-1	120	34
5347	28	1	544359	89497
5348	28	-1	37	8
5349	28	0	12223	2151
5350	28	-1	61	18
5351	28	1	36790	6856
5352	28	1	108590	18827
5353	28	-1	144500	23743
5354	28	-1	138280	24937
5355	28	-1	44403	8028
5356	28	1	2113	387
5357	28	1	15074	2711
5358	28	1	1393	231
5359	28	-1	3088	618
5360	28	1	22680	4120
5361	28	-1	27100	4994
5362	28	0	4518830	774518
5363	28	1	18	6
5364	28	-1	16105	3074
5365	28	1	430	97
5366	28	1	27098	4878
5367	28	1	53172	8870
5368	28	1	41823	7400
5369	28	1	16	4
5370	28	-1	95352	15231
5371	28	-1	55638	9306
5372	28	1	6	1
5373	28	-1	841	172
5374	28	-1	14709	2559
5375	28	1	22882	3877
5376	28	1	414	77
5377	28	-1	1586	296
5378	28	-1	44	9
5379	28	1	1259	244
5380	28	1	20	4
5381	28	1	149690	27368
5382	28	-1	128979	22634
5383	28	-1	53	13
5384	28	1	516287	92664
5385	28	1	66	21
5386	28	1	738676	129130
5387	28	-1	579369	98684
5388	28	1	6838	1134
5389	28	-1	1030	228
5390	28	-1	9264	1530
5391	28	1	3939	705
5392	28	1	3	0
5393	28	-1	1092	240
5394	28	-1	150028	24814
5395	28	-1	31132	5725
5396	28	-1	22804	4176
5397	28	-1	41764	7362
5398	28	1	2113	391
5399	28	-1	752	165
5400	28	1	454133	76946
5401	28	1	379756	66598
5402	28	-1	2045	426
5403	28	-1	8770	1650
5404	28	1	272934	40384
5405	28	-1	3609	732
5406	28	1	290	62
5407	28	-1	27574	4545
5408	28	-1	46026	7804
5409	28	1	3185	584
5410	28	1	7074	1238
5411	28	1	72	19
5412	28	-1	24695	4102
5413	28	1	47	12
5414	28	-1	63164	11410
5415	28	1	13520	2276
5416	28	-1	5517	834
5417	28	1	167973	29414
5418	28	1	29546	5739
5419	28	-1	452986	72399
5420	28	1	1769	325
5421	28	-1	6954	1295
5422	28	-1	65934	10951
5423	28	1	160365	28009
5424	28	1	2779	576
5425	28	-1	8195	1597
5426	28	-1	233977	39627
5427	28	1	8	2
5428	28	1	644	128
5429	28	1	45542	8030
5430	28	-1	71456	13286
5431	28	-1	56413	9650
5432	28	-1	100666	17491
5433	28	-1	14	4
5434	28	-1	34675	6135
5435	28	1	257	44
5436	28	0	1601765	269420
5437	28	1	4016	675
5438	28	-1	229923	41624
5439	28	1	19098	3527
5440	28	0	345205	64880
5441	28	-1	3422786	572455
5442	28	1	36	13
5443	28	1	7397	1347
5444	28	-1	33448	5578
5445	28	1	160365	28215
5446	28	2	5000001	812531
5447	28	-1	59766	10532
5448	28	1	65	19
5449	28	-1	137861	24490
5450	28	-1	28000	5033
5451	28	-1	27060	4499
5452	28	-1	6251	948
5453	28	1	3774	691
5454	28	-1	244810	42237
5455	28	2	5000001	860544
5456	28	1	1380	242
5457	28	1	25877	4854
5458	28	-1	37289	6138
5459	28	1	216	53
5460	28	1	23	6
5461	28	1	2439	436
5462	28	-1	847661	147159
5463	28	-1	46494	8281
5464	28	-1	1175	213
5465	28	-1	1155231	188172
5466	28	1	12	3
5467	28	1	19099	3724
5468	28	1	4	0
5469	28	1	2372	427
5470	28	1	49066	9084
5471	28	1	219016	39091
5472	28	1	2014	425
5473	28	1	1	0
5474	28	0	116720	20605
5475	28	1	79485	13251
5476	28	-1	183372	32471
5477	28	1	8310	1618
5478	28	1	312	59
5479	28	-1	59213	10528
5480	28	1	132	30
5481	28	-1	6464	1202
5482	28	1	91477	14565
5483	28	-1	662621	108956
5484	28	1	10678	1908
5485	28	-1	253651	46404
5486	28	1	105544	18472
5487	28	-1	63922	11952
5488	28	1	3	1
5489	28	-1	30087	5219
5490	28	1	1160	211
5491	28	1	4580	856
5492	28	1	66148	12019
5493	28	-1	13014	2481
5494	28	-1	4655	859
5495	28	1	137	34
5496	28	1	35082	5991
5497	28	1	4	1
5498	28	-1	283313	48421
5499	28	1	11102	2034
5500	28	-1	39757	7021
5501	28	-1	899	184
5502	28	1	8	2
5503	28	1	139479	24614
5504	28	1	38933	7106
5505	28	1	93726	16913
5506	28	1	72412	12967
5507	28	1	27758	5678
5508	28	-1	6158	1120
5509	28	1	922	191
5510	28	1	159919	29262
5511	28	-1	83239	14551
5512	28	-1	14507	2748
5513	28	1	15	4
5514	28	1	5	1
5515	28	-1	1521317	254796
5516	28	-1	283543	50049
5517	28	1	94858	16845
5518	28	-1	275902	50580
5519	28	1	155106	26930
5520	28	1	102560	17888
5521	28	-1	96	22
5522	28	1	32854	6065
5523	28	1	2753	539
5524	28	1	47	11
5525	28	-1	717687	121099
5526	28	-1	22804	4113
5527	28	-1	135847	24068
5528	28	1	3692	714
5529	28	-1	10462	1914
5530	28	-1	16835	3034
5531	28	1	453099	73454
5532	28	-1	314202	55448
5533	28	-1	387	86
5534	28	1	5	2
5535	28	-1	31591	6159
5536	28	1	15	4
5537	28	-1	115183	19477
5538	28	1	1893	359
5539	28	-1	2844	496
5540	28	1	29372	5141
5541	28	1	30283	5233
5542	28	1	81169	14007
5543	28	1	10	3
5544	28	-1	148845	26510
5545	28	1	2203	341
5546	28	1	3080	590
5547	28	1	496	105
5548	28	1	11107	1634
5549	28	1	1	0
5550	28	-1	29488	5384
5551	28	-1	2665	451
5552	28	1	14075	2598
5553	28	-1	21261	3732
5554	28	1	7756	1403
5555	28	-1	129857	22667
5556	28	1	2257	445
5557	28	1	2121	407
5558	28	-1	184872	31514
5559	28	1	19264	3471
5560	28	1	1	0
5561	28	1	5113	974
5562	28	-1	168	42
5563	28	-1	41049	7618
5564	28	-1	26990	4945
5565	28	-1	28	10
5566	28	1	92	21
5567	28	-1	388963	64415
5568	28	-1	5	1
5569	28	1	2489	428
5570	28	-1	104469	19061
5571	29	1	17	4
5572	29	-1	1785	289
5573	29	-1	1241007	187400
5574	29	-1	13932	2601
5575	29	-1	3452	679
5576	29	1	198704	35901
5577	29	1	606199	121136
5578	29	1	13292	2507
5579	29	-1	20357	4083
5580	29	-1	4	0
5581	29	1	39843	7654
5582	29	-1	8161	1395
5583	29	1	18469	3542
5584	29	-1	511363	91477
5585	29	1	942313	164404
5586	29	-1	623	114
5587	29	1	20597	4006
5588	29	1	122947	21107
5589	29	1	11	3
5590	29	1	32745	5847
5591	29	-1	21755	4055
5592	29	1	33672	5780
5593	29	1	511338	93443
5594	29	1	2062426	340861
5595	29	-1	14851	2514
5596	29	-1	118991	23122
5597	29	1	240276	41975
5598	29	1	2858	561
5599	29	1	1599	326
5600	29	1	286797	50805
5601	29	1	57093	10678
5602	29	1	137225	25925
5603	29	1	10906	2223
5604	29	-1	1176425	193185
5605	29	-1	9	2
5606	29	1	44161	7422
5607	29	1	56269	9755
5608	29	1	85803	14174
5609	29	1	902	154
5610	29	-1	14365	2557
5611	29	1	70	17
5612	29	1	78	16
5613	29	-1	194430	33215
5614	29	1	68743	11624
5615	29	-1	380275	68317
5616	29	1	7	2
5617	29	1	663	116
5618	29	-1	39326	6810
5619	29	-1	486824	83055
5620	29	1	4736	791
5621	29	1	233820	44536
5622	29	-1	6259	1158
5623	29	1	35565	6712
5624	29	1	60094	11146
5625	29	-1	1498	292
5626	29	1	64	14
5627	29	1	51	10
5628	29	-1	78797	14036
5629	29	1	683	123
5630	29	1	51	12
5631	29	1	67681	11590
5632	29	-1	13	3
5633	29	1	8386	1348
5634	29	-1	112995	20653
5635	29	-1	10241	1838
5636	29	-1	2858	532
5637	29	-1	636	112
5638	29	1	191846	34999
5639	29	1	62204	10978
5640	29	1	56108	9307
5641	29	1	149140	27368
5642	29	-1	37174	7072
5643	29	-1	1157333	206281
5644	29	1	2196	373
5645	29	1	12	2
5646	29	1	92	20
5647	29	-1	209487	37667
5648	29	-1	111011	19951
5649	29	-1	96134	17535
5650	29	-1	341191	55072
5651	29	1	140542	25243
5652	29	-1	19936	3449
5653	29	-1	232185	43843
5654	29	1	32521	6126
5655	29	1	110070	19083
5656	29	1	30106	5019
5657	29	1	293129	50958
5658	29	1	170060	29750
5659	29	-1	65652	12053
5660	29	-1	795931	122286
5661	29	-1	226076	38956
5662	29	1	34	9
5663	29	-1	377	83
5664	29	-1	967	191
5665	29	-1	894958	165613
5666	29	1	101981	18083
5667	29	1	2722	469
5668	29	1	31397	5653
5669	29	-1	448088	75038
5670	29	-1	202	52
5671	29	1	7742	1405
5672	29	-1	29332	4958
5673	29	1	39578	7212
5674	29	1	131648	22991
5675	29	-1	7339	1290
5676	29	-1	28263	4619
5677	29	-1	10375	2026
5678	29	-1	24610	4379
5679	29	-1	380656	69095
5680	29	-1	27134	4965
5681	29	1	14819	2635
5682	29	-1	25346	4470
5683	29	1	16458	2963
5684	29	1	1	0
5685	29	1	142260	25182
5686	29	1	32841	5654
5687	29	1	16224	2853
5688	29	1	1056847	181650
5689	29	1	737	134
5690	29	1	2760	545
5691	29	-1	8340	1637
5692	29	1	3419	754
5693	29	1	1438	262
5694	29	-1	4	0
5695	29	-1	34499	6320
5696	29	1	51	11
5697	29	-1	399965	66826
5698	29	-1	5330	1051
5699	29	1	9	2
5700	29	-1	19327	3509
5701	29	1	62308	11156
5702	29	-1	41545	7227
5703	29	-1	5222	856
5704	29	-1	154007	26442
5705	29	1	71689	12610
5706	29	1	1775	293
5707	29	1	940	172
5708	29	0	2926870	506582
5709	29	-1	828153	137183
5710	29	-1	167700	29900
5711	29	1	104709	18504
5712	29	1	3610	696
5713	29	1	36183	7105
5714	29	1	30932	5768
5715	29	1	22817	4611
5716	29	-1	116944	21857
5717	29	1	231	58
5718	29	1	39162	7320
5719	29	1	1678	328
5720	29	1	111958	20169
5721	29	1	211562	38402
5722	29	1	955	222
5723	29	-1	21989	4022
5724	29	-1	6570	1190
5725	29	1	10217	1884
5726	29	1	162684	31038
5727	29	-1	164532	30572
5728	29	-1	44953	8064
5729	29	1	1291	246
5730	29	1	382487	71198
5731	29	1	31	8
5732	29	1	7022	1351
5733	29	1	16349	3277
5734	29	-1	1463064	234350
5735	29	-1	118991	22942
5736	29	1	132408	22323
5737	29	1	6936	1218
5738	29	1	210723	35930
5739	29	-1	113199	19492
5740	29	1	10217	1749
5741	29	1	184963	34358
5742	29	-1	57689	10740
5743	29	1	685710	117084
5744	29	-1	15227	2532
5745	29	1	6290	1204
5746	29	1	56584	10115
5747	29	-1	85370	15302
5748	29	1	23834	4396
5749	29	-1	40967	7232
5750	29	-1	1636171	290852
5751	29	1	1439405	231641
5752	29	1	11519	2069
5753	29	1	57818	10346
5754	29	1	30999	5812
5755	29	-1	1430309	252384
5756	29	1	2543	452
5757	29	-1	659992	119806
5758	29	1	34915	6122
5759	29	1	1	0
5760	29	1	67957	10482
5761	29	-1	66240	10945
5762	29	1	32435	5552
5763	29	-1	396617	69278
5764	29	1	233820	45879
5765	29	-1	232418	46212
5766	29	1	56209	9804
5767	29	1	82343	14809
5768	29	1	3161	596
5769	29	1	952	160
5770	29	-1	11622	1905
5771	29	-1	9197	1559
5772	29	1	306778	57498
5773	29	1	20268	3763
5774	29	-1	117705	21260
5775	29	-1	285011	50286
5776	29	-1	297	73
5777	29	1	184256	34425
5778	29	-1	105	30
5779	29	-1	109547	19761
5780	29	1	12184	1972
5781	29	1	20	3
5782	29	-1	255127	48297
5783	29	-1	162888	28114
5784	29	1	27	8
5785	29	1	72437	12994
5786	29	-1	2187	429
5787	29	1	233820	46753
5788	29	1	346	65
5789	29	0	4821887	821525
5790	29	1	91	23
5791	29	1	9562	1710
5792	29	-1	32397	5241
5793	29	-1	791	153
5794	29	-1	572	103
5795	29	1	2248	403
5796	29	1	78	16
5797	29	-1	279180	49813
5798	29	-1	2968	537
5799	29	1	62204	10710
5800	29	-1	12	3
5801	29	1	1472	289
5802	29	-1	626606	103419
5803	29	-1	162142	30569
5804	29	1	1195	252
5805	29	1	29792	5563
5806	29	1	3622732	604323
5807	29	1	45	12
5808	29	-1	96614	18765
5809	29	1	9	2
5810	29	-1	67732	11187
5811	29	1	89	21
5812	29	1	2863384	522134
5813	29	1	2008	344
5814	29	1	4168699	698012
5815	29	1	29395	5201
5816	29	1	4686	905
5817	29	-1	69505	11502
5818	29	1	1138	206
5819	29	1	17562	3316
5820	29	-1	56435	9295
5821	29	-1	83669	14224
5822	29	1	6	1
5823	29	1	3831	687
5824	29	1	54693	9651
5825	29	1	48262	8466
5826	29	1	134148	24098
5827	29	-1	208210	34301
5828	29	1	10866	1935
5829	29	1	3506	660
5830	29	-1	28	6
5831	29	1	385150	72734
5832	29	2	5000001	846891
5833	29	1	32521	6067
5834	29	-1	4	0
5835	29	1	356	79
5836	29	1	7998	1573
5837	29	-1	106390	17611
5838	29	-1	6978	1303
5839	29	1	2658	490
5840	29	1	11725	2175
5841	29	1	6498	1258
5842	29	1	128684	23703
5843	29	1	244220	43234
5844	29	1	92445	15788
5845	29	-1	92952	16271
5846	29	1	172	35
5847	29	-1	9466	1676
5848	29	1	167103	28737
5849	29	-1	984742	151747
5850	29	1	166558	28139
5851	29	1	1557	291
5852	29	-1	4694	893
5853	29	1	62204	11078
5854	29	-1	21471	4219
5855	29	-1	129106	23299
5856	29	1	101981	17924
5857	29	-1	42459	7391
5858	29	1	499856	78747
5859	29	1	1129	193
5860	29	-1	134479	23278
5861	29	1	11	3
5862	29	1	366	78
5863	29	1	80451	14605
5864	29	-1	233758	37773
5865	29	-1	58908	9816
5866	29	1	233820	44234
5867	29	1	12101	2158
5868	29	1	112118	21520
5869	29	-1	173411	26243
5870	29	1	10725	1901
5871	30	1	959989	163708
5872	30	1	6331	1238
5873	30	-1	308502	55772
5874	30	-1	249026	46535
5875	30	1	48031	9272
5876	30	-1	16188	2931
5877	30	1	444483	99382
5878	30	-1	737849	143905
5879	30	-1	453	167
5880	30	1	378366	98567
5881	30	1	289630	65788
5882	30	2	5000001	1140617
5883	30	-1	2401941	546529
5884	30	-1	149715	32846
5885	30	-1	1964922	455411
5886	30	-1	997525	226554
5887	30	-1	984714	216187
5888	30	1	70703	17119
5889	30	1	5682	1246
5890	30	-1	29	14
5891	30	-1	5004	1335
5892	30	0	4946362	1147191
5893	30	1	385552	86098
5894	30	-1	81338	19399
5895	30	1	152661	37456
5896	30	-1	1816541	408520
5897	30	-1	80213	16424
5898	30	-1	1497155	369393
5899	30	-1	284523	65233
5900	30	-1	117827	28864
5901	30	-1	109656	25915
5902	30	-1	1469005	335096
5903	30	-1	14067	3374
5904	30	-1	6660	1637
5905	30	-1	2552632	571467
5906	30	1	329	70
5907	30	1	1225708	224530
5908	30	-1	79585	14583
5909	30	-1	1832087	313808
5910	30	1	242128	44508
5911	30	-1	1892038	337858
5912	30	1	172868	27596
5913	30	-1	256215	42860
5914	30	-1	1448309	265102
5915	30	-1	640194	113159
5916	30	-1	765	173
5917	30	-1	8537	1608
5918	30	-1	2475672	457710
5919	30	-1	3452	569
5920	30	-1	1767342	308556
5921	30	1	7435	1383
5922	30	-1	2518994	419069
5923	30	1	7	2
5924	30	1	86512	15738
5925	30	-1	704564	131632
5926	30	1	3449323	595270
5927	30	-1	1283947	236963
5928	30	1	185279	32850
5929	30	-1	66902	10443
5930	30	1	2079841	360239
5931	30	-1	341706	58149
5932	30	-1	304175	52578
5933	30	-1	443333	79217
5934	30	2	5000001	847687
5935	30	-1	513709	96230
5936	30	-1	318982	52100
5937	30	-1	1896707	373324
5938	30	-1	420471	78922
5939	30	-1	4911313	945112
5940	30	-1	704564	130882
5941	30	-1	6151	1193
5942	30	1	114	24
5943	30	-1	558572	94817
5944	30	1	893692	155658
5945	30	1	5	2
5946	30	1	24792	4800
5947	30	-1	310346	64629
5948	30	1	96956	22304
5949	30	1	272252	60951
5950	30	1	5	1
5951	30	1	2065	373
5952	30	-1	404461	70169
5953	30	-1	31	6
5954	30	-1	23	6
5955	30	-1	1503966	266630
5956	30	1	125311	19866
5957	30	-1	143800	25566
5958	30	1	427224	86717
5959	30	-1	2682456	500735
5960	30	-1	1220063	208016
5961	30	1	31760	5653
5962	30	1	11184	2017
5963	30	-1	1904593	380182
5964	30	1	17016	4295
5965	30	-1	39303	8765
5966	30	1	196425	35546
5967	30	-1	189488	34350
5968	30	-1	802073	158434
5969	30	-1	204335	44048
5970	30	1	970312	187853
5971	30	-1	64052	10980
5972	30	1	31233	5543
5973	30	-1	132547	23282
5974	30	-1	2887196	548917
5975	30	1	2085455	338104
5976	30	1	1197	392
5977	30	1	229	73
5978	30	1	1362189	260075
5979	30	-1	451139	88842
5980	30	-1	2397	479
5981	30	-1	29061	5468
5982	30	1	680809	133914
5983	30	-1	146206	27530
5984	30	1	414924	71902
5985	30	-1	209370	36061
5986	30	1	508	110
5987	30	-1	1588115	281203
5988	30	1	3468	632
5989	30	-1	22644	3949
5990	30	-1	1832087	360199
5991	30	-1	1051234	196426
5992	30	1	23	5
5993	30	-1	165100	30164
5994	30	-1	3251179	613467
5995	30	1	5	2
5996	30	1	2875	705
5997	30	-1	106089	24904
5998	30	1	54066	13299
5999	30	-1	1964922	366741
6000	30	-1	3153274	544116
6001	30	1	189354	43139
6002	30	-1	162413	29923
6003	30	-1	302825	51053
6004	30	-1	16	4
6005	30	-1	984714	171896
6006	30	1	19	6
6007	30	1	219677	49249
6008	30	-1	357747	84847
6009	30	-1	1588115	286044
6010	30	1	75426	14013
6011	30	1	31576	4828
6012	30	1	16514	3238
6013	30	-1	969037	169425
6014	30	1	1123846	199962
6015	30	-1	3442721	604069
6016	30	-1	1281422	228033
6017	30	1	20549	3700
6018	30	1	1223134	219925
6019	30	-1	63230	12474
6020	30	-1	997822	184040
6021	30	-1	1789964	400584
6022	30	1	38439	7188
6023	30	-1	542281	100843
6024	30	0	4946362	896283
6025	30	-1	45013	8614
6026	30	1	50651	9655
6027	30	1	188109	33758
6028	30	-1	32740	6595
6029	30	1	15	4
6030	30	2	5000001	892604
6031	30	1	3373	1021
6032	30	1	30897	6721
6033	30	-1	33112	7194
6034	30	-1	4911313	880138
6035	30	1	4694	876
6036	30	1	1163191	205971
6037	30	-1	54463	9727
6038	30	-1	1488748	267643
6039	30	-1	1724	346
6040	30	1	9	2
6041	30	-1	138418	25215
6042	30	1	2407786	403324
6043	30	-1	1420071	248768
6044	30	1	288500	52056
6045	30	1	1368088	245852
6046	30	1	10278	1957
6047	30	1	6091	1141
6048	30	-1	2850989	479172
6049	30	2	5000001	982276
6050	30	-1	150418	35246
6051	30	-1	1728416	315074
6052	30	-1	469479	82986
6053	30	1	31384	5721
6054	30	1	258549	49356
6055	30	-1	2492516	446635
6056	30	-1	2461843	423290
6057	30	2	5000001	804908
6058	30	1	409319	70668
6059	30	1	31760	5838
6060	30	1	80634	15489
6061	30	1	8526	1513
6062	30	-1	10516	2075
6063	30	0	9986	1998
6064	30	-1	26061	4928
6065	30	1	1448	244
6066	30	1	143	34
6067	30	-1	1492	317
6068	30	-1	5166	983
6069	30	1	27	9
6070	30	2	5000001	818237
6071	30	1	1403442	244810
6072	30	1	970006	167521
6073	30	1	23289	4337
6074	30	-1	10	2
6075	30	-1	963848	166246
6076	30	-1	120615	22368
6077	30	1	1243572	223551
6078	30	-1	340259	56440
6079	30	-1	341919	58942
6080	30	-1	29008	4947
6081	30	-1	1691456	308668
6082	30	1	531754	94685
6083	30	-1	3917727	725999
6084	30	1	35	11
6085	30	1	8294	1630
6086	30	-1	1853203	329737
6087	30	1	659646	120286
6088	30	-1	1463363	259913
6089	30	-1	1789982	323533
6090	30	1	142293	32763
6091	30	1	69515	15669
6092	30	-1	3759	1003
6093	30	-1	185966	46046
6094	30	1	30377	7383
6095	30	1	33176	7927
6096	30	1	3	1
6097	30	-1	258213	59238
6098	30	1	385249	88146
6099	30	-1	836	269
6100	30	-1	1497155	357798
6101	30	1	6	3
6102	30	-1	293713	73049
6103	30	-1	68035	16499
6104	30	1	3201	730
6105	30	-1	1855503	420003
6106	30	1	1831512	403030
6107	30	-1	91844	21815
6108	30	1	8	3
6109	30	1	12	3
6110	30	-1	19267	4024
6111	30	1	338	117
6112	30	-1	7374	1789
6113	30	-1	1726002	380891
6114	30	1	13826	2525
6115	30	-1	153740	28686
6116	30	1	142094	25390
6117	30	-1	790375	140728
6118	30	1	519402	96308
6119	30	-1	1861234	339708
6120	30	-1	2273843	409304
6121	30	1	246	54
6122	30	1	15089	2590
6123	30	1	12940	2391
6124	30	-1	96943	18867
6125	30	1	318840	57945
6126	30	1	5647	1126
6127	30	1	178429	29897
6128	30	-1	226077	39208
6129	30	-1	997525	177157
6130	30	1	7156	1373
6131	30	1	57337	10871
6132	30	-1	71472	14038
6133	30	1	634560	121882
6134	30	1	14475	2698
6135	30	1	53385	9759
6136	30	1	342	80
6137	30	-1	439117	75237
6138	30	-1	983229	180057
6139	30	-1	76127	13677
6140	30	1	2563006	444218
6141	30	-1	384305	66788
6142	30	1	1401284	261025
6143	30	-1	26671	4768
6144	30	1	159	43
6145	30	1	781719	142491
6146	30	-1	99983	16981
6147	30	-1	74771	14492
6148	30	-1	56	12
6149	30	-1	1324395	237061
6150	30	1	87581	15747
6151	30	1	1595	306
6152	30	-1	588588	101598
6153	30	-1	17801	3365
6154	30	-1	31724	4862
6155	30	1	274	73
6156	30	1	2918	541
6157	30	1	33176	5963
6158	30	1	14817	2727
6159	30	2	5000001	848852
6160	30	1	39	13
6161	30	-1	30817	8024
6162	30	1	275840	61982
6163	30	1	17	7
6164	30	1	214	65
6165	30	-1	4146923	987337
6166	30	1	53996	12452
6167	30	1	8393	1960
6168	30	1	833932	195683
6169	30	-1	84922	17647
6170	30	1	4808	1025
